{"type":"Topology","bbox":[114.2779,4.5873,126.605,21.1219],"transform":{"scale":[0.0010273439453287775,0.0013779981665138763],"translate":[114.2779,4.5873]},"objects":{"provinces":{"type":"GeometryCollection","geometries":[{"type":"Polygon","arcs":[[0,1,2,3,4]],"properties":{"pcode":"PH01028","name":"Ilocos Norte","area_sqkm":3274.89,"lat":18.2182,"lon":120.7394,"adm1_pcode":"PH01","adm1_name":"Region I (Ilocos Region)"}},{"type":"MultiPolygon","arcs":[[[-2,5,6,7,8,9]],[[10]],[[11]]],"properties":{"pcode":"PH01029","name":"Ilocos Sur","area_sqkm":2465.28,"lat":17.2875,"lon":120.5303,"adm1_pcode":"PH01","adm1_name":"Region I (Ilocos Region)"}},{"type":"Polygon","arcs":[[-7,12,13,14,15]],"properties":{"pcode":"PH01033","name":"La Union","area_sqkm":1412.57,"lat":16.5611,"lon":120.417,"adm1_pcode":"PH01","adm1_name":"Region I (Ilocos Region)"}},{"type":"MultiPolygon","arcs":[[[13,16,17,18,19,20,21,-15,-14]],[[22]],[[23]],[[24]],[[25]],[[26]],[[27]],[[28,29,30,31,32,33]],[[34]],[[35]],[[36]],[[37]],[[38]],[[39]],[[40]],[[41]],[[42,43]]],"properties":{"pcode":"PH01055","name":"Pangasinan","area_sqkm":5154.62,"lat":16.006,"lon":120.3332,"adm1_pcode":"PH01","adm1_name":"Region I (Ilocos Region)"}},{"type":"MultiPolygon","arcs":[[[44]],[[45]],[[46]],[[47]],[[48]],[[49]],[[50]],[[51]],[[52]],[[53]]],"properties":{"pcode":"PH02009","name":"Batanes","area_sqkm":201.37,"lat":20.7622,"lon":121.8462,"adm1_pcode":"PH02","adm1_name":"Region II (Cagayan Valley)"}},{"type":"MultiPolygon","arcs":[[[54,55,-5,56,57,58]],[[59]],[[60]],[[61]],[[62]],[[63]],[[64]],[[65]],[[66]],[[67]],[[68]],[[69,70,71,72,73,74]],[[75]],[[76]],[[77]]],"properties":{"pcode":"PH02015","name":"Cagayan","area_sqkm":8797.5,"lat":18.064,"lon":121.8155,"adm1_pcode":"PH02","adm1_name":"Region II (Cagayan Valley)"}},{"type":"MultiPolygon","arcs":[[[-59,78,79,80,81,82,83,84,85]],[[86]],[[87]],[[88]]],"properties":{"pcode":"PH02031","name":"Isabela","area_sqkm":10494.93,"lat":16.9895,"lon":122.0174,"adm1_pcode":"PH02","adm1_name":"Region II (Cagayan Valley)"}},{"type":"Polygon","arcs":[[-82,89,90,-21,91,92,93]],"properties":{"pcode":"PH02050","name":"Nueva Vizcaya","area_sqkm":4125.92,"lat":16.255,"lon":121.1096,"adm1_pcode":"PH02","adm1_name":"Region II (Cagayan Valley)"}},{"type":"Polygon","arcs":[[-83,-94,94]],"properties":{"pcode":"PH02057","name":"Quirino","area_sqkm":2768.01,"lat":16.2847,"lon":121.6769,"adm1_pcode":"PH02","adm1_name":"Region II (Cagayan Valley)"}},{"type":"Polygon","arcs":[[95,96,97]],"properties":{"pcode":"PH03008","name":"Bataan","area_sqkm":1244.95,"lat":14.6651,"lon":120.4278,"adm1_pcode":"PH03","adm1_name":"Region III (Central Luzon)"}},{"type":"Polygon","arcs":[[98,99,100,101,102,103,104,105,106,107,108,109,110,111,112,113,114]],"properties":{"pcode":"PH03014","name":"Bulacan","area_sqkm":2709.98,"lat":14.9804,"lon":121.1086,"adm1_pcode":"PH03","adm1_name":"Region III (Central Luzon)"}},{"type":"Polygon","arcs":[[-20,115,116,-117,116,117,118,119,120,121,122,123,124,125,126,127,128,129,130,-131,130,131,132,133,-133,134,135,136,137,138,139,140,141,142,143,144,145,146,147,148,149,-150,149,150,151,-152,151,152,153,154,155,-156,155,156,157,-158,157,158,-159,158,159,160,161,162,163,164,-165,164,165,166,167,168,169,170,171,172,173,174,175,176,-108,106,-106,104,-104,102,-102,100,-100,98,-115,177,-92]],"properties":{"pcode":"PH03049","name":"Nueva Ecija","area_sqkm":5504.67,"lat":15.6569,"lon":120.9908,"adm1_pcode":"PH03","adm1_name":"Region III (Central Luzon)"}},{"type":"Polygon","arcs":[[178,179,180,181,182,183,-96,184,-109,-177,175,-175]],"properties":{"pcode":"PH03054","name":"Pampanga","area_sqkm":2114.24,"lat":15.0229,"lon":120.6567,"adm1_pcode":"PH03","adm1_name":"Region III (Central Luzon)"}},{"type":"Polygon","arcs":[[-19,185,-183,181,-181,179,-179,-174,172,-172,170,-170,168,-168,166,-166,-165,164,-165,-164,162,-162,160,-160,-159,158,-159,-158,157,-158,-157,-156,155,-156,-155,153,-153,-152,151,-152,-151,-150,149,-150,-149,147,-147,145,-145,143,-143,141,-141,139,-139,137,-137,135,-135,132,-134,-133,-132,-131,130,-131,-130,128,-128,126,-126,124,-124,122,-122,120,-120,118,-118,-117,116,-117,-116]],"properties":{"pcode":"PH03069","name":"Tarlac","area_sqkm":2971.65,"lat":15.5146,"lon":120.4626,"adm1_pcode":"PH03","adm1_name":"Region III (Central Luzon)"}},{"type":"MultiPolygon","arcs":[[[-18,186,-97,-184,-186]],[[187]],[[188]],[[189]],[[190]],[[191]],[[192]],[[193]],[[194]]],"properties":{"pcode":"PH03071","name":"Zambales","area_sqkm":3728.22,"lat":15.306,"lon":120.1194,"adm1_pcode":"PH03","adm1_name":"Region III (Central Luzon)"}},{"type":"MultiPolygon","arcs":[[[-84,-95,-93,-178,-114,195,196]],[[197]],[[198]]],"properties":{"pcode":"PH03077","name":"Aurora","area_sqkm":3030.44,"lat":15.7528,"lon":121.4585,"adm1_pcode":"PH03","adm1_name":"Region III (Central Luzon)"}},{"type":"MultiPolygon","arcs":[[[199,200,201,202,203,204,205,206,207,208,209]],[[210]],[[211]],[[212]],[[213]],[[214]],[[215]],[[216]]],"properties":{"pcode":"PH04010","name":"Batangas","area_sqkm":3196.54,"lat":13.9136,"lon":121.037,"adm1_pcode":"PH04","adm1_name":"Region IV-A (Calabarzon)"}},{"type":"MultiPolygon","arcs":[[[217,218,-209,219,220,-218]],[[221]],[[222]],[[223]],[[224]]],"properties":{"pcode":"PH04021","name":"Cavite","area_sqkm":1245.18,"lat":14.2784,"lon":120.8515,"adm1_pcode":"PH04","adm1_name":"Region IV-A (Calabarzon)"}},{"type":"MultiPolygon","arcs":[[[225,226,227,228,229,230,-220,-208,206,-206,204,-204,202,-202,231]]],"properties":{"pcode":"PH04034","name":"Laguna","area_sqkm":1802.27,"lat":14.2796,"lon":121.511,"adm1_pcode":"PH04","adm1_name":"Region IV-A (Calabarzon)"}},{"type":"MultiPolygon","arcs":[[[232,-196,-113,233,-232,-201,234,235,236]],[[237]],[[238]],[[239]],[[240]],[[241]],[[242]],[[243]],[[244]],[[245]],[[246]],[[247]],[[248]],[[249]],[[250]],[[251]],[[252]],[[253]],[[254]],[[255]],[[256]],[[257]],[[258]],[[259]],[[260]],[[261]],[[262]],[[263]],[[264]],[[265]],[[266]]],"properties":{"pcode":"PH04056","name":"Quezon","area_sqkm":8402.27,"lat":14.1894,"lon":121.6708,"adm1_pcode":"PH04","adm1_name":"Region IV-A (Calabarzon)"}},{"type":"MultiPolygon","arcs":[[[-234,-112,267,268,269,270,271,-227,-226]],[[272]],[[273]],[[274]]],"properties":{"pcode":"PH04058","name":"Rizal","area_sqkm":1200.37,"lat":14.5606,"lon":121.2684,"adm1_pcode":"PH04","adm1_name":"Region IV-A (Calabarzon)"}},{"type":"MultiPolygon","arcs":[[[275,276,277,278,279,280]],[[281]],[[282]],[[283]],[[284]],[[285]],[[286]],[[287]],[[288,289,290,291,292]]],"properties":{"pcode":"PH05005","name":"Albay","area_sqkm":2469.56,"lat":13.2547,"lon":123.5537,"adm1_pcode":"PH05","adm1_name":"Region V (Bicol Region)"}},{"type":"MultiPolygon","arcs":[[[293,-237,294]],[[295]],[[296]],[[297]],[[298]],[[299]],[[300]],[[301]],[[302]],[[303]],[[304]],[[305]],[[306]],[[307]],[[308]],[[309]],[[310]],[[311]],[[312]],[[313]],[[314]],[[315]],[[316]],[[317]],[[318]],[[319]]],"properties":{"pcode":"PH05016","name":"Camarines Norte","area_sqkm":2121.37,"lat":14.0935,"lon":122.8167,"adm1_pcode":"PH05","adm1_name":"Region V (Bicol Region)"}},{"type":"MultiPolygon","arcs":[[[320,321,322,323,324,325,326,-295,-236,327,-278,328,-276,329,330,331,332,333,334,335,336,337,338,339,340]],[[341]],[[342]],[[343]],[[344]],[[345]],[[346]],[[347]],[[349]],[[-349,350]],[[351]],[[352]],[[353]],[[354]],[[355]],[[356]],[[357]],[[358]],[[359]],[[360]],[[361]],[[362]],[[363]],[[364]],[[365]],[[366]],[[367]],[[368]],[[369]],[[370]],[[371]],[[372]],[[373]],[[374]],[[375]],[[376]],[[377]],[[378]],[[379]],[[380]],[[381]],[[382]],[[383]],[[384]],[[385]],[[386]]],"properties":{"pcode":"PH05017","name":"Camarines Sur","area_sqkm":5284.71,"lat":13.682,"lon":123.2063,"adm1_pcode":"PH05","adm1_name":"Region V (Bicol Region)"}},{"type":"MultiPolygon","arcs":[[[387,388,389,390,391,392,393,394,395,396,397,398,399,400,401,402,403,404,405,406,407,408]],[[409]],[[410]],[[411]],[[412]],[[413]],[[414]],[[415,416,417]],[[418,419]],[[420]]],"properties":{"pcode":"PH05020","name":"Catanduanes","area_sqkm":1460.55,"lat":13.8084,"lon":124.2747,"adm1_pcode":"PH05","adm1_name":"Region V (Bicol Region)"}},{"type":"MultiPolygon","arcs":[[[421,422,423,424,425]],[[426]],[[427]],[[428,429,430,431,432,433]],[[434]],[[435]],[[436]],[[437]],[[438]],[[439]],[[440]],[[441]],[[442]],[[443]],[[444]],[[445]],[[446]],[[447]],[[448]],[[449]],[[450]],[[451]],[[452]],[[453]],[[454]],[[455]],[[456]],[[457]],[[458]],[[459]],[[460]],[[461]],[[462]],[[463]],[[464]],[[465]]],"properties":{"pcode":"PH05041","name":"Masbate","area_sqkm":3989.24,"lat":12.1609,"lon":123.745,"adm1_pcode":"PH05","adm1_name":"Region V (Bicol Region)"}},{"type":"MultiPolygon","arcs":[[[466,467,468,469,470,471,472,473,474,475,476,-280]],[[477]],[[478]],[[479]],[[480]],[[481]],[[482]],[[483]],[[484]],[[485]],[[486]],[[487]],[[488]]],"properties":{"pcode":"PH05062","name":"Sorsogon","area_sqkm":1986.41,"lat":12.8276,"lon":123.9979,"adm1_pcode":"PH05","adm1_name":"Region V (Bicol Region)"}},{"type":"MultiPolygon","arcs":[[[489,490,491,492]],[[493,494,495,496]],[[497]],[[498]],[[499]],[[500]],[[501]],[[502,503,504]],[[505,-503,506]]],"properties":{"pcode":"PH06004","name":"Aklan","area_sqkm":1684.87,"lat":11.6252,"lon":122.2768,"adm1_pcode":"PH06","adm1_name":"Region VI (Western Visayas)"}},{"type":"MultiPolygon","arcs":[[[-492,507,508,509]],[[510]],[[511,512,513,514,515,516]],[[517]],[[518]],[[519]],[[520]],[[521,522,523]],[[524]],[[525]],[[526]],[[527]],[[528]],[[529]],[[530]],[[531]]],"properties":{"pcode":"PH06006","name":"Antique","area_sqkm":2736.5,"lat":11.1171,"lon":122.1454,"adm1_pcode":"PH06","adm1_name":"Region VI (Western Visayas)"}},{"type":"MultiPolygon","arcs":[[[532,-493,-510,533]],[[534]]],"properties":{"pcode":"PH06019","name":"Capiz","area_sqkm":2651.03,"lat":11.3737,"lon":122.6413,"adm1_pcode":"PH06","adm1_name":"Region VI (Western Visayas)"}},{"type":"MultiPolygon","arcs":[[[535,-534,-509]],[[536]],[[537]],[[538]],[[539]],[[540]],[[541]],[[542]],[[543]],[[544]],[[545]],[[546]],[[547]],[[548]],[[549]],[[550]],[[551]],[[552]],[[553]],[[554]],[[555]],[[556]],[[557]],[[558]],[[559]],[[560]],[[561]],[[562]],[[563]],[[564]],[[565]],[[566]],[[567]],[[568]],[[569]],[[570]],[[571]],[[572]],[[573]],[[574]],[[575]],[[576]],[[577]]],"properties":{"pcode":"PH06030","name":"Iloilo","area_sqkm":4720.21,"lat":11.0324,"lon":122.6154,"adm1_pcode":"PH06","adm1_name":"Region VI (Western Visayas)"}},{"type":"MultiPolygon","arcs":[[[578,579,580,581]],[[582]],[[583]],[[584]],[[585]],[[586]],[[587]],[[588]],[[589]],[[590]],[[591]],[[592]],[[593]],[[594]],[[595]],[[596]],[[597]]],"properties":{"pcode":"PH06045","name":"Negros Occidental","area_sqkm":7658.8,"lat":10.2239,"lon":122.9991,"adm1_pcode":"PH06","adm1_name":"Region VI (Western Visayas)"}},{"type":"MultiPolygon","arcs":[[[598,599,600,601,602,603,604,605,606,607,608,609,610,611,612,613,614,615,616]],[[617]],[[618]],[[619]],[[620]],[[621]],[[622]],[[623]],[[624]],[[625]],[[626]],[[627]],[[628,629]],[[630]],[[631]],[[632]],[[633]],[[634]],[[635]]],"properties":{"pcode":"PH06079","name":"Guimaras","area_sqkm":596.21,"lat":10.5797,"lon":122.6089,"adm1_pcode":"PH06","adm1_name":"Region VI (Western Visayas)"}},{"type":"MultiPolygon","arcs":[[[636]],[[637]],[[638]],[[-640,640]],[[641]],[[642]],[[643]],[[644]],[[645]],[[646]],[[647]],[[648]],[[649]],[[650]],[[-653,653,-652,654]],[[655]],[[656]],[[657]],[[658]],[[659]],[[660]],[[661]],[[662]],[[663]],[[664]],[[665]],[[666]],[[667]],[[668]],[[669]],[[670]],[[671]],[[672]],[[673]],[[674]],[[675]],[[676]],[[677]],[[678]],[[679]],[[680]],[[681]],[[682]],[[683]],[[684]],[[685]],[[686]],[[687]],[[688]],[[689]],[[690]],[[691]],[[692]],[[693]],[[694]],[[695]]],"properties":{"pcode":"PH07012","name":"Bohol","area_sqkm":3970.08,"lat":9.8806,"lon":124.2068,"adm1_pcode":"PH07","adm1_name":"Region VII (Central Visayas)"}},{"type":"MultiPolygon","arcs":[[[696]],[[697]],[[698]],[[699]],[[700]],[[701]],[[702]],[[703]],[[704]],[[705,706]],[[707]],[[708]],[[709]],[[710]],[[711]],[[712]],[[713]],[[714]],[[715,716,717,718,719,720,721,722,723,724,725,726,727,728]],[[729]],[[730]],[[731]],[[732]],[[733]],[[734]],[[735]],[[736]],[[737]],[[738,739]],[[740]],[[741]],[[742]],[[743]],[[744,745,746,747]],[[748]],[[749]],[[750]],[[751]],[[752]]],"properties":{"pcode":"PH07022","name":"Cebu","area_sqkm":4870.14,"lat":10.3493,"lon":123.7813,"adm1_pcode":"PH07","adm1_name":"Region VII (Central Visayas)"}},{"type":"MultiPolygon","arcs":[[[-582,753]],[[754]],[[755]]],"properties":{"pcode":"PH07046","name":"Negros Oriental","area_sqkm":5133.85,"lat":9.739,"lon":122.9948,"adm1_pcode":"PH07","adm1_name":"Region VII (Central Visayas)"}},{"type":"Polygon","arcs":[[756]],"properties":{"pcode":"PH07061","name":"Siquijor","area_sqkm":319.58,"lat":9.1979,"lon":123.5596,"adm1_pcode":"PH07","adm1_name":"Region VII (Central Visayas)"}},{"type":"MultiPolygon","arcs":[[[757,758,759,760,761,762]],[[763]],[[764]],[[765]],[[766]],[[767]],[[768]],[[769]],[[770]],[[771]],[[772]],[[773]],[[774]],[[775]],[[776]],[[777]],[[778]],[[779]],[[780]],[[781,782,783,784,785,786,787]],[[788]],[[789]],[[790]],[[791,792,-761]],[[793]],[[794]],[[795]],[[796]],[[797]],[[798]],[[799]],[[800]],[[801]]],"properties":{"pcode":"PH08026","name":"Eastern Samar","area_sqkm":4249.75,"lat":11.6802,"lon":125.3782,"adm1_pcode":"PH08","adm1_name":"Region VIII (Eastern Visayas)"}},{"type":"MultiPolygon","arcs":[[[802,803,804,805,806,807]],[[808]],[[809]],[[810]],[[811]],[[812]],[[813,814,-804,815]],[[816]],[[817]],[[818]],[[819]],[[820]]],"properties":{"pcode":"PH08037","name":"Leyte","area_sqkm":5575.76,"lat":10.8744,"lon":124.8609,"adm1_pcode":"PH08","adm1_name":"Region VIII (Eastern Visayas)"}},{"type":"MultiPolygon","arcs":[[[821,822,-758]],[[823]],[[824]],[[825]],[[826]],[[827,828,829]],[[830]],[[831]],[[832]],[[833,834,835,836,837,838]],[[839]],[[840]],[[841]],[[842]],[[843]],[[844]],[[845]],[[846]],[[847]],[[848]],[[849]],[[850]],[[851]],[[852]],[[853]],[[854]],[[855]],[[856]],[[857]],[[858]],[[859]],[[860]],[[861]],[[862]],[[863]],[[864]],[[865]],[[866]],[[867]],[[868]],[[869]],[[870]],[[871]],[[872]],[[873]]],"properties":{"pcode":"PH08048","name":"Northern Samar","area_sqkm":3440.49,"lat":12.3612,"lon":124.8182,"adm1_pcode":"PH08","adm1_name":"Region VIII (Eastern Visayas)"}},{"type":"MultiPolygon","arcs":[[[-823,874,-759]],[[875]],[[876]],[[877]],[[878]],[[879]],[[880]],[[881]],[[882]],[[883]],[[884]],[[885]],[[886]],[[887]],[[888]],[[889]],[[890]],[[891]],[[892]],[[893]],[[894]],[[895]],[[896]],[[897]],[[898]],[[899]],[[900]],[[901,902,903]],[[904]],[[905]],[[906,907]],[[908]],[[909]],[[910]],[[911]],[[912]],[[913]],[[914]],[[915]],[[916]],[[917]],[[918]],[[919]],[[920]],[[921]],[[922]],[[923]]],"properties":{"pcode":"PH08060","name":"Samar (Western Samar)","area_sqkm":5382.41,"lat":11.7134,"lon":125.1491,"adm1_pcode":"PH08","adm1_name":"Region VIII (Eastern Visayas)"}},{"type":"MultiPolygon","arcs":[[[-808,924]],[[925]],[[926]],[[927]],[[928]]],"properties":{"pcode":"PH08064","name":"Southern Leyte","area_sqkm":1655.44,"lat":10.3027,"lon":125.1562,"adm1_pcode":"PH08","adm1_name":"Region VIII (Eastern Visayas)"}},{"type":"MultiPolygon","arcs":[[[929]],[[930]],[[931]],[[932]],[[933]],[[934]],[[935]]],"properties":{"pcode":"PH08078","name":"Biliran","area_sqkm":531.83,"lat":11.5843,"lon":124.4854,"adm1_pcode":"PH08","adm1_name":"Region VIII (Eastern Visayas)"}},{"type":"MultiPolygon","arcs":[[[936,937,938,939,940]],[[941]],[[942]],[[943]]],"properties":{"pcode":"PH09072","name":"Zamboanga del Norte","area_sqkm":6284.12,"lat":7.9333,"lon":122.427,"adm1_pcode":"PH09","adm1_name":"Region IX (Zamboanga Peninsula)"}},{"type":"MultiPolygon","arcs":[[[-940,944,945,946,947,948,949,950,951,952,953,954,955,956,957,958]],[[959]],[[960]],[[961,962,963,964,-951,965]],[[966]],[[967]],[[968,-938,969]],[[970]],[[971]],[[972]],[[973]],[[974]],[[975]],[[976]],[[977]],[[978]],[[979]],[[980]],[[981]],[[982]],[[983]],[[984]],[[985]],[[986]],[[987]],[[988]],[[989]],[[990]],[[991]],[[992]],[[993]],[[994]],[[995]],[[996]],[[997]]],"properties":{"pcode":"PH09073","name":"Zamboanga del Sur","area_sqkm":5366.23,"lat":7.8146,"lon":123.2571,"adm1_pcode":"PH09","adm1_name":"Region IX (Zamboanga Peninsula)"}},{"type":"MultiPolygon","arcs":[[[-939,-969,998,999,1000,1001,1002,1003,-945]],[[1004]],[[1005]],[[1006]],[[1007]],[[1008]],[[1009]],[[1010]],[[1011]],[[1012]],[[1013,1014,1015,1016,1017,1018]],[[1019]],[[1020]],[[1021]],[[1022]],[[1023]],[[1024]],[[1025]],[[1026]]],"properties":{"pcode":"PH09083","name":"Zamboanga Sibugay","area_sqkm":2725.83,"lat":7.6932,"lon":122.9393,"adm1_pcode":"PH09","adm1_name":"Region IX (Zamboanga Peninsula)"}},{"type":"MultiPolygon","arcs":[[[1027,1028,1029,1030]],[[1031]],[[1032]],[[1033]]],"properties":{"pcode":"PH09097","name":"City of Isabela (not a province)","area_sqkm":219.87,"lat":6.6529,"lon":121.9773,"adm1_pcode":"PH09","adm1_name":"Region IX (Zamboanga Peninsula)"}},{"type":"Polygon","arcs":[[1034,1035,1036,1037,1038,1039,1040]],"properties":{"pcode":"PH10013","name":"Bukidnon","area_sqkm":9358.46,"lat":8.0052,"lon":124.9682,"adm1_pcode":"PH10","adm1_name":"Region X (Northern Mindanao)"}},{"type":"MultiPolygon","arcs":[[[1041]]],"properties":{"pcode":"PH10018","name":"Camiguin","area_sqkm":242.53,"lat":9.1684,"lon":124.7136,"adm1_pcode":"PH10","adm1_name":"Region X (Northern Mindanao)"}},{"type":"Polygon","arcs":[[1042,-957,1043,1044,-1036,1045]],"properties":{"pcode":"PH10035","name":"Lanao del Norte","area_sqkm":2638.75,"lat":8.0143,"lon":123.9335,"adm1_pcode":"PH10","adm1_name":"Region X (Northern Mindanao)"}},{"type":"MultiPolygon","arcs":[[[1046,-941,-959]],[[1047]]],"properties":{"pcode":"PH10042","name":"Misamis Occidental","area_sqkm":1871.05,"lat":8.3412,"lon":123.7057,"adm1_pcode":"PH10","adm1_name":"Region X (Northern Mindanao)"}},{"type":"Polygon","arcs":[[1048,1049,-1046,-1035,1050]],"properties":{"pcode":"PH10043","name":"Misamis Oriental","area_sqkm":3378.49,"lat":8.6269,"lon":124.9819,"adm1_pcode":"PH10","adm1_name":"Region X (Northern Mindanao)"}},{"type":"MultiPolygon","arcs":[[[1051,-1040,1052,1053,1054]],[[1055]],[[1056]],[[1057]],[[1058]]],"properties":{"pcode":"PH11023","name":"Davao del Norte","area_sqkm":3245.33,"lat":7.6128,"lon":125.6262,"adm1_pcode":"PH11","adm1_name":"Region XI (Davao Region)"}},{"type":"Polygon","arcs":[[-1053,-1039,1059,1060,1061,1062,1063,1064]],"properties":{"pcode":"PH11024","name":"Davao del Sur","area_sqkm":4262.53,"lat":6.9983,"lon":125.3756,"adm1_pcode":"PH11","adm1_name":"Region XI (Davao Region)"}},{"type":"MultiPolygon","arcs":[[[1065,1066,1067,1068]],[[1069]],[[1070]]],"properties":{"pcode":"PH11025","name":"Davao Oriental","area_sqkm":4989.03,"lat":7.1357,"lon":126.2748,"adm1_pcode":"PH11","adm1_name":"Region XI (Davao Region)"}},{"type":"MultiPolygon","arcs":[[[1071,-1055,1072,-1068]],[[1073]],[[1074]]],"properties":{"pcode":"PH11082","name":"Davao de Oro (Compostela Valley)","area_sqkm":4351.49,"lat":7.5355,"lon":126.0852,"adm1_pcode":"PH11","adm1_name":"Region XI (Davao Region)"}},{"type":"MultiPolygon","arcs":[[[1075,-1064,1076]],[[1077]],[[1078]],[[1079]]],"properties":{"pcode":"PH11086","name":"Davao Occidental","area_sqkm":1960.5,"lat":6.094,"lon":125.622,"adm1_pcode":"PH11","adm1_name":"Region XI (Davao Region)"}},{"type":"MultiPolygon","arcs":[[[1080,1081,1082,1083,1084,1085,1086,1087,1088,1089,1090,1091,1092,1093,1094,1095,1096,1097,1098,1099,1100,-1060,-1038],[1101],[1102]],[[1103,1104,1105]],[[1106,1107]]],"properties":{"pcode":"PH12047","name":"Cotabato (North Cotabato)","area_sqkm":5316.88,"lat":7.1826,"lon":125.0393,"adm1_pcode":"PH12","adm1_name":"Region XII (Soccsksargen)"}},{"type":"Polygon","arcs":[[1108,1109,1110,1111,1112,1113,-1062]],"properties":{"pcode":"PH12063","name":"South Cotabato","area_sqkm":4119.41,"lat":6.313,"lon":124.7945,"adm1_pcode":"PH12","adm1_name":"Region XII (Soccsksargen)"}},{"type":"Polygon","arcs":[[1114,1115,1116,1117,1118,1119,1120,1121,1122,1123,1124,1125,1126,1127,1128,1129,1130,-1131,1130,1131,1132,1133,1134,1135,1136,-1111,1109,-1109,-1061,-1101]],"properties":{"pcode":"PH12065","name":"Sultan Kudarat","area_sqkm":4224.84,"lat":6.5012,"lon":124.3193,"adm1_pcode":"PH12","adm1_name":"Region XII (Soccsksargen)"}},{"type":"MultiPolygon","arcs":[[[-1063,-1114,1137,-1077]],[[-1112,-1137,1138]]],"properties":{"pcode":"PH12080","name":"Sarangani","area_sqkm":3699.92,"lat":6.0294,"lon":124.6584,"adm1_pcode":"PH12","adm1_name":"Region XII (Soccsksargen)"}},{"type":"Polygon","arcs":[[1139,1140,1141,1142]],"properties":{"pcode":"PH13039","name":"Metropolitan Manila First District","area_sqkm":41.96,"lat":14.5993,"lon":120.9849,"adm1_pcode":"PH13","adm1_name":"National Capital Region (NCR)"}},{"type":"Polygon","arcs":[[-269,1143,1144,1145,1146,1147,-1143,1148,1149,1150]],"properties":{"pcode":"PH13074","name":"Metropolitan Manila Second District","area_sqkm":233.77,"lat":14.6548,"lon":121.0664,"adm1_pcode":"PH13","adm1_name":"National Capital Region (NCR)"}},{"type":"Polygon","arcs":[[-111,1151,-1140,-1148,1146,-1146,1144,-1144,-268]],"properties":{"pcode":"PH13075","name":"Metropolitan Manila Third District","area_sqkm":126.09,"lat":14.7096,"lon":120.9776,"adm1_pcode":"PH13","adm1_name":"National Capital Region (NCR)"}},{"type":"Polygon","arcs":[[-1151,1149,-1149,-1142,1152,217,-221,-231,229,-229,1153,-270]],"properties":{"pcode":"PH13076","name":"Metropolitan Manila Fourth District","area_sqkm":196.72,"lat":14.4656,"lon":121.0113,"adm1_pcode":"PH13","adm1_name":"National Capital Region (NCR)"}},{"type":"Polygon","arcs":[[1154,-3,-10,1155,1156]],"properties":{"pcode":"PH14001","name":"Abra","area_sqkm":3926.65,"lat":17.5639,"lon":120.7996,"adm1_pcode":"PH14","adm1_name":"Cordillera Administrative Region (CAR)"}},{"type":"Polygon","arcs":[[-8,-16,-22,-91,1157,1158]],"properties":{"pcode":"PH14011","name":"Benguet","area_sqkm":2832.94,"lat":16.5535,"lon":120.7026,"adm1_pcode":"PH14","adm1_name":"Cordillera Administrative Region (CAR)"}},{"type":"Polygon","arcs":[[1159,-1158,-90,-81]],"properties":{"pcode":"PH14027","name":"Ifugao","area_sqkm":2506.66,"lat":16.8237,"lon":121.17,"adm1_pcode":"PH14","adm1_name":"Cordillera Administrative Region (CAR)"}},{"type":"Polygon","arcs":[[-58,1160,-1157,1161,-79]],"properties":{"pcode":"PH14032","name":"Kalinga","area_sqkm":2825.09,"lat":17.43,"lon":121.313,"adm1_pcode":"PH14","adm1_name":"Cordillera Administrative Region (CAR)"}},{"type":"Polygon","arcs":[[-1162,-1156,-9,-1159,-1160,-80]],"properties":{"pcode":"PH14044","name":"Mountain Province","area_sqkm":2112.5,"lat":17.0559,"lon":121.0526,"adm1_pcode":"PH14","adm1_name":"Cordillera Administrative Region (CAR)"}},{"type":"Polygon","arcs":[[-57,-4,-1155,-1161]],"properties":{"pcode":"PH14081","name":"Apayao","area_sqkm":3988.81,"lat":18.0895,"lon":121.1968,"adm1_pcode":"PH14","adm1_name":"Cordillera Administrative Region (CAR)"}},{"type":"MultiPolygon","arcs":[[[1162,1163,1164,1165,-1049,1166,1167]]],"properties":{"pcode":"PH16002","name":"Agusan del Norte","area_sqkm":2676.08,"lat":9.08,"lon":125.6411,"adm1_pcode":"PH16","adm1_name":"Region XIII (Caraga)"}},{"type":"Polygon","arcs":[[1169,-1167,-1051,-1041,-1052,-1072,-1067]],"properties":{"pcode":"PH16003","name":"Agusan del Sur","area_sqkm":8452.33,"lat":8.5805,"lon":125.6304,"adm1_pcode":"PH16","adm1_name":"Region XIII (Caraga)"}},{"type":"MultiPolygon","arcs":[[[1170,1171,1172,1173,1174,1175,1176,1177,1178,-1165,1179,-1169,1180,-1163,1181]],[[1182]],[[1183]],[[1184]],[[1185]],[[1186]],[[1187]],[[1188]],[[1189]],[[1190,1191,1192]],[[1193]],[[1194]],[[1195]],[[1196]],[[1197]],[[1198]],[[1199]],[[1200]],[[1201]],[[1202]],[[1203]],[[1204]],[[1205,1206]],[[1207]],[[1208]],[[1209,1210]],[[1211]],[[1212,1213]],[[1214]],[[1215]],[[1216]],[[1217]],[[1218]],[[1219]],[[1220]],[[1221]],[[1222]],[[1223]],[[1224]],[[1225]],[[1226]],[[1227]],[[1228]],[[1229]],[[1230]],[[1231]],[[1232]],[[1233]],[[1234]],[[1235]],[[1236]],[[1237]],[[1238]],[[1239]],[[1240]],[[1241]]],"properties":{"pcode":"PH16067","name":"Surigao del Norte","area_sqkm":1973.17,"lat":9.5754,"lon":125.5763,"adm1_pcode":"PH16","adm1_name":"Region XIII (Caraga)"}},{"type":"MultiPolygon","arcs":[[[1242,-1182,-1168,-1170,-1066]],[[1243]],[[1244]],[[1245]],[[1246]],[[1247]],[[1248]],[[1249]]],"properties":{"pcode":"PH16068","name":"Surigao del Sur","area_sqkm":4698.24,"lat":8.7103,"lon":126.1013,"adm1_pcode":"PH16","adm1_name":"Region XIII (Caraga)"}},{"type":"MultiPolygon","arcs":[[[1250,1251,1252,1253]],[[1254]],[[1255]],[[1256]],[[1257]],[[1258]],[[1259]],[[1260]],[[1261]],[[1262]],[[1263]],[[1264]],[[1265]],[[1266]],[[1267]],[[1268]],[[1269]],[[1270]],[[1271]],[[1272]],[[1273]],[[1274]]],"properties":{"pcode":"PH16085","name":"Dinagat Islands","area_sqkm":805.29,"lat":10.1616,"lon":125.5875,"adm1_pcode":"PH16","adm1_name":"Region XIII (Caraga)"}},{"type":"MultiPolygon","arcs":[[[1275]],[[1276]],[[1277]],[[1278]],[[1279]],[[1280]],[[1281]],[[1282]],[[1283]],[[1284]],[[1285]],[[1286]],[[1287]]],"properties":{"pcode":"PH17040","name":"Marinduque","area_sqkm":922.58,"lat":13.3848,"lon":121.9825,"adm1_pcode":"PH17","adm1_name":"Mimaropa Region"}},{"type":"MultiPolygon","arcs":[[[1288,1289]],[[1290]],[[1291,1292,1293,1294]],[[1295]],[[1296]],[[1297]],[[1298]],[[1299]],[[1300]],[[1301]],[[1302,1303,1304,1305,1306,1307]],[[1308]],[[1309]]],"properties":{"pcode":"PH17051","name":"Occidental Mindoro","area_sqkm":5972.28,"lat":12.8693,"lon":121.0137,"adm1_pcode":"PH17","adm1_name":"Mimaropa Region"}},{"type":"MultiPolygon","arcs":[[[-1290,1310,1311,1312,1313,1314]],[[1315]],[[1316]],[[1317]],[[1318]],[[1319]],[[1320]],[[1321]],[[1322]],[[1323]],[[1324]]],"properties":{"pcode":"PH17052","name":"Oriental Mindoro","area_sqkm":4198.55,"lat":12.8668,"lon":121.3661,"adm1_pcode":"PH17","adm1_name":"Mimaropa Region"}},{"type":"MultiPolygon","arcs":[[[1325,1326,1327,1328]],[[1329]],[[1330]],[[1331]],[[1332]],[[1333,1334,1335,1336,1337,1338,1339,1340,1341,1342,1343,1344,1345,1346,1347,1348,1349,1350,1351,1352,1353,1354,1355,1356,1357,1358,1359,1360,1361,1362]],[[1363]],[[1364]],[[1365]],[[1366]],[[1367]],[[1368]],[[1369]],[[1370]],[[1371]],[[1372]],[[1373]],[[1374]],[[1375]],[[1376]],[[1377]],[[1378]],[[1379]],[[1380]],[[1381]],[[1382]],[[1383]],[[1384]],[[1385]],[[1386]],[[1387]],[[1388]],[[1389]],[[1390]],[[1391]],[[1392]],[[1393]],[[1394]],[[1395]],[[1396]],[[1397]],[[1398,1399]],[[1400]],[[1401]],[[1402]],[[1403]],[[1404]],[[1405]],[[1406]],[[1407]],[[1408]],[[1409,1410,1411]],[[1412]],[[1413]],[[1414]],[[1415]],[[1416]],[[1417]],[[1418]],[[1419]],[[1420]],[[1421]],[[1422]],[[1423]],[[1424,1425,1426,1427]],[[1428,1429,1430,1431]],[[1432]],[[1433]],[[1434]],[[1435]],[[1436]],[[1437]],[[1438]],[[1439]],[[1440]],[[1441]],[[1442]],[[1443]],[[1444]],[[1445]],[[1446]],[[1447]],[[1448]],[[1449]],[[1450]],[[1451]],[[1452]],[[1454]],[[-1454,1455]],[[1456]],[[1457]],[[1458]],[[1459]],[[1460]],[[1461]],[[1462]],[[1463]],[[1464]],[[1465]],[[1466]],[[1467]],[[1468]],[[1469]],[[1470]],[[1471]],[[1472]],[[1473]],[[1474]],[[1475]],[[1476]],[[1477]],[[1478]],[[1479]],[[1480]],[[1481]],[[1482]],[[1483]],[[1484]],[[1485]],[[1486]],[[1487]],[[1488]],[[1489]],[[1490,1491,1492,1493,1494]],[[1495]],[[1496]],[[1497]],[[1498]],[[1499]],[[1500]],[[1501]],[[1502]],[[1503]],[[1504]],[[1505]],[[1506]],[[1507]],[[1508]],[[1509]],[[1510]],[[1511]],[[1512]],[[1513]],[[1514]],[[1515]],[[1516]],[[1517]],[[1518]],[[1519]],[[1520]],[[1521]],[[1522]],[[1523]],[[1524]],[[1525]],[[1526]],[[1527]],[[1528]],[[1529]],[[1530]],[[1531]],[[1532]],[[1533]],[[1534]],[[1535]],[[1536]],[[1537]],[[1538]],[[1539]],[[1540]],[[1541]],[[1542]],[[1543]],[[1544]],[[1545]],[[1546]],[[1547]],[[1548]],[[1549]],[[1550]],[[1551]],[[1552]],[[1553]],[[1554]],[[1555]],[[1556]],[[1557]],[[1558]],[[1559]],[[1560]],[[1561]],[[1562]],[[1563]],[[1564]],[[1565]],[[1566]],[[1567]],[[1568]],[[1569]],[[1570]],[[1571]],[[1572]],[[1573]],[[1574]],[[1575]],[[1576]],[[1577]],[[1578]],[[1579]],[[1580]],[[1581]],[[1582]],[[1583]],[[1584]],[[1585]],[[1586]],[[1587]],[[1588]],[[1589]],[[1590]],[[1591]],[[1592]],[[1593]],[[1594]],[[1595]],[[1596]],[[1597]],[[1598]],[[1599]],[[1600]],[[1601]],[[1602]],[[1603]],[[1604]],[[1605]],[[1606]],[[1607]],[[1608]],[[1609]],[[1610]],[[1611]],[[1612]],[[1613]],[[1614]],[[1615]],[[1616]],[[1617]],[[1618]],[[1619]],[[1620]],[[1621]],[[1622]],[[1623]],[[1624]],[[1625]],[[1626]],[[1627]],[[1628]],[[1629]],[[1630]],[[1631]],[[1632]],[[1633]],[[1634]],[[1635]],[[1636]],[[1637]],[[1638]],[[1639]],[[1640]],[[1641]],[[1642]],[[1643]],[[1644]],[[1645]],[[1646]],[[1647]],[[1648]],[[1649]],[[1650]],[[1651]],[[1652]],[[1653]],[[1654]],[[1655]],[[1656]],[[1657]],[[1658]],[[1659]],[[1660]],[[1661]],[[1662]],[[1663]],[[1664]],[[1665]],[[1666]],[[1667]],[[1668]],[[1669]],[[1670]],[[1671]],[[1672]],[[1673]],[[1674]],[[1675]],[[1676]],[[1677]],[[1678]],[[1679]],[[1680]],[[1681]],[[1682]],[[1683]],[[1684]],[[1685]],[[1686]],[[1687]],[[1688]],[[1689]],[[1690]],[[1691]],[[1692]],[[1693]],[[1694]],[[1695]],[[1696]],[[1697]],[[1698]],[[1699]],[[1700]],[[1701]],[[1702]],[[1703]],[[1704]],[[1705]],[[1706]],[[1707]],[[1708]],[[1709]],[[1710]],[[1711]],[[1712]],[[1713]],[[1714]],[[1715]],[[1716]],[[1717]],[[1718]],[[1719]],[[1720]],[[1721]],[[1722]],[[1723]],[[1724]],[[1725]],[[1726]],[[1727]],[[1728]],[[1729]],[[1730]],[[1731]],[[1732]],[[1733]],[[1734]],[[1735]],[[1736]],[[1737]],[[1738]],[[1739]],[[1740]],[[1741]],[[1742]],[[1743]]],"properties":{"pcode":"PH17053","name":"Palawan","area_sqkm":14394.72,"lat":12.1451,"lon":120.028,"adm1_pcode":"PH17","adm1_name":"Mimaropa Region"}},{"type":"MultiPolygon","arcs":[[[1744]],[[1745]],[[1746]],[[1747]],[[1748]],[[1749]],[[1750]],[[1751]],[[1752]],[[1753]],[[1754]],[[1755]],[[1756]]],"properties":{"pcode":"PH17059","name":"Romblon","area_sqkm":1309.68,"lat":12.3867,"lon":122.5866,"adm1_pcode":"PH17","adm1_name":"Mimaropa Region"}},{"type":"MultiPolygon","arcs":[[[1757,1758,1759,1760,1761,1762,1763,1764,-1031,1029,-1029]],[[1765]],[[1766]],[[1767]],[[1768]],[[1769]],[[1770]],[[1771]],[[1772]],[[1773]],[[1774]],[[1775]],[[1776]],[[1777]],[[1778]],[[1779]],[[1780]],[[1781]],[[1782]],[[1783]],[[1784]],[[1785]],[[1786]],[[1787]],[[1788]],[[1789]],[[1790]],[[1791]],[[1792]],[[1793]],[[1794]],[[1795]],[[1796]],[[1797]],[[1798]],[[1799]],[[1800]],[[1801]],[[1802]],[[1803]],[[1804]],[[1805]],[[1806]],[[1807]],[[1808]],[[1809]],[[1810]],[[1811]],[[1812,1813,1814,1815]],[[1816]],[[1817]],[[1818]],[[1819,1820,1821,1822,1823,1824,1825,1826,1827,1828,1829,1830,1831]],[[1832,1833]]],"properties":{"pcode":"PH19007","name":"Basilan","area_sqkm":1134.13,"lat":6.5789,"lon":122.1272,"adm1_pcode":"PH19","adm1_name":"Bangsamoro Autonomous Region In Muslim Mindanao (BARMM)"}},{"type":"Polygon","arcs":[[1834,1835,-1081,-1037,-1045]],"properties":{"pcode":"PH19036","name":"Lanao del Sur","area_sqkm":4104.48,"lat":7.7819,"lon":124.3485,"adm1_pcode":"PH19","adm1_name":"Bangsamoro Autonomous Region In Muslim Mindanao (BARMM)"}},{"type":"MultiPolygon","arcs":[[[1836,1837,1838,1839,1840,1841,1842,1843,1844,1845,1846,1847,1848,1849,1850,1851,1852,1853,1854]],[[1855,1856]],[[1857]],[[1858]],[[1859]],[[1860]],[[1861]],[[1862]],[[1863]],[[1864]],[[1865]],[[1866]],[[1867]],[[1868]],[[1869,1870]],[[1871,1872,1873]],[[1874]],[[-1873,1875,1876]],[[1877]],[[1878]],[[1879]],[[1880,1881,1882]],[[1883]],[[1884]],[[1885]],[[1886]],[[1887]],[[1888]],[[1889]],[[1890]],[[1891]],[[1892]],[[1893]],[[1894]],[[1895]],[[1896,1897,1898,1899,1900,1901,1902,1903]],[[1904]],[[1905]],[[1906]],[[1907]],[[1908]],[[1909,1910,1911,1912,1913,1914,1915,1916,1917,1918,1919,1920,1921]],[[1922]],[[1923]],[[1924]],[[1925]],[[1926]],[[1927,1928,1929]],[[1930]],[[1931]],[[1932]],[[1933]],[[1934]],[[1935]],[[1936]],[[1937]],[[1938]],[[1939]],[[1940]],[[1941]],[[1942]],[[1943]],[[1944]],[[1945]],[[1946]],[[1947]],[[1948]],[[1949]],[[1950]],[[1951]],[[1952]],[[1953,1954,1955,1956,1957,1958,1959]],[[1960]],[[1961]],[[1962]],[[1963]],[[1964,-1955,1965]],[[1966]],[[1967]],[[1968]],[[1969]],[[1970]],[[1971,1972]],[[1973]],[[1974,1975,1976]],[[1977]],[[1978]],[[1979]],[[1980]],[[1981]],[[1982]],[[1983,1984]],[[1985]],[[1986]],[[1987]],[[1988]],[[1989]],[[1990]],[[1991,1992,1993,1994,1995,1996]],[[1997]],[[1998,1999,2000]],[[2001]],[[2002]],[[2003]],[[2004]],[[2005]],[[2006]],[[2007]],[[2008]],[[2009]],[[2010]],[[2011]],[[2012]],[[2013]],[[2014]],[[2015]],[[2016]],[[2017]],[[2018]],[[2019]],[[2020]]],"properties":{"pcode":"PH19066","name":"Sulu","area_sqkm":1515.75,"lat":5.9736,"lon":121.1563,"adm1_pcode":"PH19","adm1_name":"Bangsamoro Autonomous Region In Muslim Mindanao (BARMM)"}},{"type":"MultiPolygon","arcs":[[[2021]],[[2022]],[[2023]],[[2024]],[[2025]],[[2026]],[[2027]],[[2028]],[[2029]],[[2030]],[[2031]],[[2032]],[[2033]],[[2034]],[[2035]],[[2036]],[[2037]],[[2038]],[[2039]],[[2040]],[[2041]],[[2042,2043,2044]],[[2045]],[[2046]],[[2047]],[[2048]],[[2049]],[[2050]],[[2051]],[[2052]],[[2053]],[[2054,2055]],[[2056]],[[2057]],[[2058]],[[2059]],[[2060]],[[2061]],[[2062]],[[2063]],[[2064]],[[2065]],[[2066]],[[2067]],[[2068]],[[2069]],[[2070]],[[2071]],[[2072]],[[2073]],[[2074]],[[2075]],[[2076]],[[2077]],[[2078]],[[2079]],[[2080]],[[2081]],[[2082]],[[2083]],[[2084]],[[2085]],[[2086]],[[2087]],[[2088]],[[2089]],[[2090]],[[2091]],[[2092]],[[2093]],[[2094]],[[2095]],[[2096]],[[2097]],[[2098,2099,2100,2101,2102]],[[2103]],[[2104,2105]],[[2106]],[[2107]],[[2108]],[[2109]],[[2110]],[[2111]],[[2112]],[[2113]],[[2114]],[[2115]],[[2116]],[[2117]],[[2118]],[[2119]],[[2120]],[[2121]],[[2122]],[[2123]],[[2124]],[[2125]],[[2126]],[[2127]],[[2128]],[[2129]],[[2130]],[[2131]],[[2132]],[[2133]],[[2134]],[[2135]],[[2136]],[[2137,2138,2139]],[[2140]],[[2141]],[[2142]],[[2143]],[[2144,2145,2146,2147]],[[2148]],[[2149]],[[2150]],[[2151]],[[2152]],[[2153]],[[2154]],[[2155]],[[2156,2157]],[[2158]],[[2159]],[[2160,2161]],[[2162]],[[2163]],[[2164,2165]],[[2166]],[[2167]],[[2168]],[[2169]],[[2170]],[[2171,2172,2173,2174,2175,2176,2177,2178,2179]],[[2180]],[[2181]],[[2182]],[[2183]],[[2184]],[[2185]],[[2186]],[[2187]]],"properties":{"pcode":"PH19070","name":"Tawi-Tawi","area_sqkm":1154.58,"lat":5.1978,"lon":120.0343,"adm1_pcode":"PH19","adm1_name":"Bangsamoro Autonomous Region In Muslim Mindanao (BARMM)"}},{"type":"MultiPolygon","arcs":[[[-1082,-1836,2188,-1135,2189,-1105,2190,-1088,2191,-1086,2192,-1084,2193]],[[2194]]],"properties":{"pcode":"PH19087","name":"Maguindanao del Norte","area_sqkm":2551.18,"lat":7.1896,"lon":124.254,"adm1_pcode":"PH19","adm1_name":"Bangsamoro Autonomous Region In Muslim Mindanao (BARMM)"}},{"type":"Polygon","arcs":[[2195,-1096,2196,-1094,2197,-1092,2198,-1108,2199,-1090,2200,-1106,-2190,-1134,1132,-1132,-1131,1130,-1131,1129,-1129,1127,-1127,1125,-1125,1123,-1123,1121,-1121,1119,-1119,1117,-1117,1115,-1115,-1100,2201,-1098]],"properties":{"pcode":"PH19088","name":"Maguindanao del Sur","area_sqkm":2460.18,"lat":6.8911,"lon":124.4684,"adm1_pcode":"PH19","adm1_name":"Bangsamoro Autonomous Region In Muslim Mindanao (BARMM)"}},{"type":"MultiPolygon","arcs":[[[-1091,-2200,-1107,-2199]],[[-1083,-2194]],[[-1102]],[[-1097,-2196]],[[-1085,-2193]],[[-1087,-2192]],[[-1099,-2202]],[[-1089,-2191,-1104,-2201]],[[-1103]],[[-1095,-2197]],[[-1093,-2198]]],"properties":{"pcode":"PH19099","name":"Special Geographic Area","area_sqkm":542.83,"lat":7.1009,"lon":124.4899,"adm1_pcode":"PH19","adm1_name":"Bangsamoro Autonomous Region In Muslim Mindanao (BARMM)"}}]}},"arcs":[[[6515,10154],[-5,-4],[-4,-5],[-6,-5],[-12,-2],[-15,1],[-11,2],[-5,1],[-8,4],[-3,2],[-4,2],[-2,3],[-3,4],[-6,8],[-2,3],[-6,3],[-3,0],[-5,6],[1,2],[-2,2],[1,4],[-4,1],[-3,-2],[-3,3],[2,2],[0,5],[-3,3],[-4,6],[-6,3],[-4,0],[-6,-4],[-3,-2],[0,-3],[-7,-3],[-3,0],[-4,-1],[-3,-1],[-4,0],[-1,2],[-10,-1],[-10,-3],[-5,-4],[-3,-3],[-3,-4],[0,-5],[-1,-5],[4,-2],[3,-3],[1,-2],[-1,-6],[-3,-1],[1,-1],[4,-3],[1,-3],[-1,-3],[-9,-10],[-4,-3],[-4,-2],[-5,-4],[-4,-1],[-10,-4],[-11,-2],[-13,-2],[-11,0],[-11,0],[-12,1],[-23,2],[-2,2],[-4,0],[-1,2],[-14,1],[-2,1],[-5,2],[0,2],[-3,1],[-7,-2],[-3,1],[-3,-1],[-6,-5],[-3,-3],[0,-3],[-3,1],[-7,-5],[0,-2],[-4,-3],[-8,-1],[0,-1],[-6,1],[-2,-2],[1,-3],[-5,-1],[-4,-2],[-10,-9],[2,-4],[4,-4],[1,-2],[-2,-2],[3,-11],[3,0],[4,1],[1,-1],[0,-6],[1,-1],[1,-6],[2,-4],[2,-4],[4,-2],[1,-5],[0,-2],[1,-3],[2,-1],[2,-10],[0,-4],[1,-1],[0,-4],[1,-5],[2,-3],[0,-13],[-3,-18],[-2,-8],[-6,-12],[-6,-6],[-6,-7],[-7,-5],[-4,-4],[0,-3],[-3,-5],[-2,-5],[-5,-9],[-6,-9],[-9,-10],[-5,-3],[-8,-5],[-3,-3],[-1,-4],[-4,-7],[-1,-6],[1,-3],[1,-9],[-1,-8],[-3,-10],[-4,-5],[-3,-3],[-5,-5],[-4,-5],[-11,-9],[-11,-8],[-5,-3],[0,-1],[6,-3],[2,-5],[2,-13],[-1,-9],[-4,-3],[-2,-5],[1,-4],[2,-1],[1,-6],[3,-1],[4,0],[3,-2],[0,-4],[4,-2],[5,-2],[1,-3],[-2,-4],[-4,-5],[-4,1],[-1,-4],[-5,-2],[-1,-2],[-3,0],[1,1],[-3,1],[-1,-4],[-1,-4],[-3,-1],[3,-4],[-1,-4],[-4,-6],[-7,-6],[-5,-3],[-8,-4],[-4,1],[-4,-3],[-1,-2],[1,-3],[-3,-2],[-2,0],[-5,-1],[0,-3],[3,-4],[2,-1],[4,-3],[4,1]],[[6001,9663],[2,2],[1,-2],[4,0],[0,-1],[8,-2],[1,-2],[9,0],[5,-1],[2,0],[4,3],[5,-1],[4,-2],[12,-2],[14,-4],[6,-3],[6,-3],[2,-3],[0,-7],[5,-10],[-1,-5],[5,-6],[1,-8],[30,-28]],[[6126,9578],[3,2],[8,8],[9,3],[10,4],[9,1],[4,2],[12,2],[5,2],[27,5],[4,1],[17,2],[8,3],[8,6],[5,5],[4,4],[5,4],[4,10],[5,7],[6,6],[4,3],[11,4],[11,1],[8,2],[6,1],[6,2],[8,1],[8,5],[12,8],[5,4],[8,7],[8,8],[7,3],[7,2],[9,1],[15,-1],[14,-3],[15,-5],[9,-1],[6,0],[5,2],[5,3],[10,12]],[[6476,9714],[3,2],[4,6],[3,3],[4,1],[1,5],[-1,0],[-1,2],[-5,4],[-1,5],[-6,2],[-4,4],[0,2],[5,5],[2,10],[1,4],[-1,3],[-2,3],[2,5],[0,4],[-7,7],[0,6],[7,14],[7,9],[2,3],[4,7],[0,3],[1,2],[12,19],[8,11],[-26,26],[-4,3],[-12,15],[-10,31],[6,14],[25,56],[-1,29],[11,31]],[[6503,10070],[10,34],[4,22],[3,20],[-2,6],[-3,2]],[[6001,9663],[2,-1],[-2,-4],[3,-5],[-2,-3],[1,-4],[4,-2],[-1,-3],[-5,-3],[-3,0],[1,-3],[2,-2],[3,-8],[-1,-3],[6,-2],[1,-3],[-4,-2],[4,-3],[5,-5],[-1,-3],[-3,-2],[-6,2],[-7,2],[-4,0],[-1,-2],[3,-4],[-2,-2],[-4,0],[-5,-5],[-6,-3],[-6,-2],[-4,2],[-3,1],[-4,-5],[0,-2],[2,-5],[-1,-1],[3,-4],[7,1],[12,-5],[-4,-4],[-1,-4],[-8,-2],[-3,1],[-3,0],[0,-3],[8,-2],[2,1],[6,0],[5,-1],[5,-5],[2,-7],[0,-4],[0,-1],[-7,-2],[-9,-1],[0,-1],[0,-5],[-1,-4],[-2,-4],[-11,-4],[-3,0],[-5,-4],[-6,-3],[-5,-1],[-5,2],[2,-3],[-6,-5],[-9,-1],[-4,1],[-2,1],[0,5],[-4,0],[-3,-3],[-2,-5],[1,-2],[4,-1],[5,3],[4,-1],[4,-4],[1,-2],[-3,-2],[1,-5],[-2,-5],[-5,-5],[-4,-1],[0,-3],[-2,-5],[-4,-1],[1,-6],[-2,-8],[-2,-7],[0,-6],[-3,-7],[-1,-7],[0,-6],[0,-5],[4,-6],[3,-4],[5,-4],[8,-6],[9,-3],[3,-2],[5,-3],[3,-2],[4,-5],[4,-2],[-2,3],[-2,1],[7,-1],[2,-1],[10,0],[6,2],[-2,-2],[5,1],[-3,-2],[4,0],[1,-2],[-4,-1],[5,0],[2,-2],[1,-4],[-2,-3],[2,-2],[4,-2],[7,-7],[0,-3],[-4,-5],[2,-3],[0,-2],[-2,-3],[2,-1],[-2,-3],[0,-2],[4,-1],[0,-3],[4,0],[2,1],[4,0],[2,-2],[0,-4],[-1,-1],[0,-3],[4,-2],[7,-12],[1,-4],[2,0],[-2,-3],[1,-3],[-2,-7],[-5,-4],[0,-2],[1,-2],[-6,-4],[2,-6],[3,0],[1,-3],[-1,-5],[-6,0],[-2,-2],[1,-4],[0,-3],[-2,-3],[-5,1],[-3,1],[-7,-2],[-1,-2],[2,-2],[-3,-2],[0,-3],[2,-1],[-1,-3],[1,-3],[-3,-2],[-3,-7],[1,-5],[-1,-3],[1,-4],[3,0],[6,2],[2,-1],[0,-3],[-4,0],[-7,-4],[-2,-2],[-1,-4],[-1,-3],[-1,-7],[-1,-1],[2,-7],[2,-7],[-4,-8],[-6,-5],[-4,0],[-2,-4],[0,-2],[9,-4],[6,-10],[3,-8],[3,-8],[3,-15],[1,-3],[3,-12],[2,-19],[0,-12],[1,-5],[2,-1],[0,-4],[4,-6],[4,-9],[1,-7],[2,-10],[0,-12],[0,-9],[-2,-9],[-3,-8],[-6,-7],[-2,-4],[-9,-10],[-2,-5],[-2,-3],[-7,-6],[-5,-4]],[[5970,8950],[5,-3],[3,-5],[7,-5],[5,-2],[4,1],[5,3],[6,2],[9,1],[8,4],[5,0],[10,-2],[5,-3],[5,-2],[3,0],[7,4],[4,3],[3,1],[3,1],[3,0],[3,-2],[0,-3],[2,-3],[-5,-5],[-1,-2],[-1,-7],[6,-4],[-1,-3],[-4,-3],[-3,-4],[-1,-4],[-1,-2],[3,-3],[-1,-5],[-3,-1],[0,-3],[3,-4],[3,-4],[9,-1],[3,-2],[2,-4],[7,-4],[1,-2],[0,-3],[-5,-2],[-3,-1],[-5,-2],[0,-3],[2,-2],[6,1],[2,3],[3,0],[2,-5],[2,-1],[3,1],[2,-2],[-5,-1],[-4,-3],[0,-5],[5,-2],[5,2],[2,-1],[2,-6],[-1,-2],[-4,-2],[-1,-3],[4,-2],[3,-5],[0,-3],[-6,-6],[1,-7],[-3,-3],[-4,-2],[-4,-1],[-1,-3],[4,-1],[5,-5],[1,-1],[-1,-3],[4,-4],[2,-2],[9,-2],[6,-5],[1,-3],[-2,-2],[0,-4],[2,-2]],[[6120,8768],[8,2],[1,-1],[17,35],[7,14],[-9,6],[-1,13],[-3,4],[2,2],[-1,11],[-1,16],[-1,7],[1,12],[24,3],[3,12],[6,9],[5,6],[19,14],[13,3],[2,6],[10,2],[46,2],[5,0],[11,0],[3,2],[1,-1],[9,5],[0,3],[11,-1],[12,-3],[14,0]],[[6334,8951],[-4,30],[1,4],[-2,19],[0,16],[-3,1],[-3,11],[1,2],[-3,10],[-4,12],[7,30],[1,0],[11,11],[6,6],[14,13],[5,5],[-8,11]],[[6353,9132],[-8,-7],[-10,-2],[-6,0],[-9,-1],[-19,-2],[-2,1],[-5,5],[-4,-3],[-5,4],[-1,3],[-10,2],[-20,3],[-5,0],[-2,-2],[-4,0],[0,2],[-3,0],[0,3],[-2,1],[1,3],[-7,2],[-1,3],[-6,0],[-1,2],[3,2],[5,1],[0,2],[-4,4],[0,3],[6,5],[1,6],[-2,4],[-1,2],[3,6],[-10,0],[-4,1],[1,2],[6,2],[2,5],[-6,2],[-5,3],[-30,9],[-16,13],[-8,6],[-9,3],[-8,3],[-4,-1],[-12,-1],[-10,0],[-3,3],[-5,0],[-2,4],[-8,9],[-6,7],[-4,3],[0,4],[-1,6],[5,11],[9,9],[5,7],[5,5],[12,16],[3,5],[1,6],[2,11],[1,8],[0,5],[2,2],[5,13],[-13,-1],[-10,8],[-21,-7],[-4,2],[-6,2],[-8,1],[-7,0],[-6,-1],[-9,-5],[-6,-3],[-8,-1],[-6,0],[-7,-1],[-4,3],[-3,6],[1,4],[0,9],[5,12],[2,3],[4,3],[6,3],[1,1],[-2,2],[4,4],[1,4],[-3,6],[0,4],[1,9],[2,10],[5,13],[2,6],[18,18],[13,32],[6,7],[3,7],[0,7],[4,9],[10,14],[12,14],[5,6],[1,3]],[[5953,9375],[9,0],[8,2],[3,2],[-7,1],[-7,-3],[-6,-1],[0,-1]],[[5972,9365],[1,1],[7,2],[1,2],[1,6],[-2,0],[-7,-1],[-11,-4],[-7,0],[-3,1],[-5,0],[2,-4],[8,-4],[5,-1],[4,0],[6,2]],[[5970,8950],[-4,-4],[-3,-4],[-3,-5],[1,-3],[-1,-2],[1,-3],[0,-4],[-2,-3],[-15,-10],[-11,-8],[-13,-5],[-10,-2],[-4,-1],[-7,-4],[-3,-3],[-3,-5],[1,-5],[2,0],[-1,-2],[-4,-1],[-2,-3],[2,-3],[-1,-3],[-3,-3],[-1,-2],[4,-2],[1,-2],[0,-7],[2,-10],[1,-3],[4,-4],[-2,-6],[2,-2],[-3,-3],[1,-3],[4,-1],[2,-4],[0,-8],[-3,-6],[-2,-1],[1,-3],[-1,-6],[-2,-3],[4,-4],[0,-4],[-2,-5],[-3,-5],[-5,-5],[-5,-2],[-1,-3],[-2,-1],[-2,-3],[-7,-3],[-3,-3],[0,-4],[3,-4],[4,-2],[2,-1],[-1,-5],[-3,-4],[-4,-3],[-6,-2],[-7,-1],[-3,2],[-2,6],[-5,2],[-1,2],[-4,-1],[-2,-4],[2,-3],[5,-3],[1,-1],[2,-2],[6,0],[5,-3],[1,-2],[1,-6],[-2,-5],[2,-2],[6,-1],[1,1],[3,0],[7,-3],[1,-1],[1,-5],[0,-4],[-2,-7],[0,-7],[-1,-4],[-2,-5],[-5,-4],[-2,-4],[-3,-1],[2,-3],[-3,-7],[0,-5],[2,-3],[5,-2],[5,1],[3,-1],[4,-4],[1,-4],[2,-1],[2,-5],[2,-8],[2,-6],[1,-9],[1,-6],[-1,-9],[-3,-8],[-7,-9],[0,-3],[-4,-4],[2,-4],[1,0],[3,-3],[3,1],[3,-5],[0,-6],[3,-6],[3,-3],[4,-2],[2,-4],[-2,-6],[-3,-14],[0,-6],[3,-8],[1,0],[5,-11],[7,-5],[5,-11],[6,-3],[5,-4],[2,-6],[3,-2],[5,0],[1,2],[-9,3],[-2,4],[-3,3],[0,2],[-4,3],[-2,3],[2,1],[-2,2],[1,2],[3,-2],[3,1],[-2,1],[6,0],[1,-2],[7,-4],[5,-5],[6,0],[5,-3],[2,-3],[2,-4],[0,-3],[5,-8],[2,-1],[4,-12],[3,-4]],[[5976,8431],[0,0]],[[5976,8431],[1,0],[8,-3],[5,1],[21,2],[9,0],[2,-1],[7,1],[16,1],[10,0],[8,0],[1,6],[-2,3],[1,3],[4,2],[1,5]],[[6068,8451],[5,12],[-4,8],[0,4],[-2,7],[-4,9],[-6,4],[-3,14],[2,8],[-9,6],[2,3],[4,0],[0,3],[-3,1],[3,2],[-2,2],[-13,0],[1,2],[-3,4],[3,-1],[2,4],[-15,15],[-23,4],[0,1],[4,1],[-1,3],[2,1],[4,2],[0,3],[1,3],[-5,1],[0,2],[3,-1],[3,4],[5,3],[4,0],[2,1],[-1,4],[3,0],[0,5],[-1,1],[3,7],[0,5],[1,11],[0,6],[-2,8],[0,3],[-3,11],[2,5],[9,9],[1,2],[-2,4],[10,8],[5,2],[19,4],[3,6],[-2,3],[2,2],[1,3],[-1,2],[-4,0],[6,17],[23,31],[14,14],[9,9]],[[5976,8431],[2,-10],[3,-10],[3,-4],[-2,-6],[-3,-5],[-5,-5],[-12,-9],[-8,-7],[-5,-3],[-10,-5],[-3,-3],[1,-1],[-5,-1],[-1,-3],[-5,-5],[-5,-3],[-10,-6],[-9,-4],[-7,-4],[-2,-2],[1,-4],[-3,-4],[-3,2],[4,3],[-3,1],[-8,-4],[-13,-4],[-19,-6],[-11,-3],[-11,-2],[-11,-2],[-13,-2],[-12,-1],[-9,0],[-12,2],[-5,3],[-1,-1],[-6,2],[0,3],[-6,-1],[-3,-1],[-7,-2],[-2,-3],[-3,-2],[-6,-1],[-6,0],[-8,1],[-9,1],[-3,2],[-5,1],[-6,4],[-8,2],[-7,4],[-2,3],[1,1],[-3,1],[-3,-1],[-6,2],[-2,3],[1,3],[-1,2],[1,4],[8,2],[4,-3],[-1,-2],[3,-3],[2,4],[-5,5],[-2,0],[-1,3],[1,1],[-3,2],[-2,-2],[-3,0],[-3,2],[-2,3],[0,4],[-5,3],[1,4],[-1,2],[3,4],[2,-1],[0,3],[6,-2],[3,0],[1,2],[-2,5],[-3,2],[0,2],[-3,-1],[-5,2],[-4,6],[6,-3],[3,3],[1,-1],[0,-2],[4,0],[4,-2],[1,-3],[1,3],[0,2],[2,0],[2,3],[-8,0],[-2,5],[-7,4],[-2,-1],[-4,4],[-1,3],[2,1],[-2,1],[-1,-2],[-5,-2],[-1,-2],[-7,1],[-3,3],[0,5],[4,1],[-1,3],[-2,0],[-1,-3],[-2,-1],[-5,0],[-9,2],[1,3],[-6,-2],[-1,1],[2,4],[1,0],[-2,5],[-4,-5],[-4,2],[3,2],[1,3],[-4,-4],[0,2],[-9,-1],[0,-4],[-1,-2],[1,-1],[-1,-4],[-3,-1],[-5,-1],[-1,-1],[-8,0],[1,1],[-2,1],[1,4],[-4,4],[0,1],[-4,3],[3,0],[-2,2],[-4,2],[-5,3],[-2,0],[-3,2],[-7,0],[-4,5],[-7,3],[9,6],[-3,5],[-5,-1],[-1,2],[-3,-1],[-3,3],[-3,-1],[0,-3],[0,-4],[-3,0],[-2,-1],[-1,9],[-3,3],[-7,1],[-10,1],[-2,3],[-2,0],[-3,2],[0,3],[-5,-4],[-5,2],[5,5],[-3,1],[0,2],[-3,2],[-4,0],[6,6],[3,3],[-1,5],[-3,3],[-2,6],[-2,1],[0,4],[3,6],[2,2],[0,2],[2,3],[3,1],[-1,3],[2,0],[2,4],[1,5],[-3,4],[1,1],[1,7],[3,6],[0,4],[-2,-1],[0,-3],[-2,1],[0,2],[-3,2],[-3,1],[1,2],[3,1],[-1,1],[2,6],[-5,1],[-1,-2],[-3,0],[-4,-2],[-4,1],[-3,2],[0,3],[-2,3],[-3,1],[-8,-1],[-3,-2],[-5,1],[0,3],[-1,0],[-8,-7],[-8,-4],[-8,-7],[-2,-3],[2,-1],[-2,-4],[-9,1],[-9,3],[-8,0],[-6,-1],[-5,-1],[-4,-3],[-6,-5],[-11,-6],[-6,-5],[-5,-8],[-2,-5],[0,-2],[-3,-4],[2,-4],[-2,-5],[-1,-5],[-3,-1],[0,-2],[-1,-3],[-1,-7],[0,-4],[0,-4],[0,-4],[2,0],[0,-2],[-2,-1],[8,-6],[2,-3],[-3,-1],[-4,-2],[-2,-6],[-3,-2],[-1,-2],[-3,-2],[-1,-3],[-2,-3],[-1,-2],[1,-3],[-5,-6],[0,-4],[1,-5],[-1,-4],[-5,-4],[2,-2],[-2,-3],[4,2],[11,0],[2,-3],[1,-1],[-2,-2],[1,-9],[4,-3],[-1,-2],[2,-5],[2,1],[3,0],[-3,-2],[0,-5],[-3,-4],[-5,-3],[-3,1],[-2,1],[-3,-7],[1,-6],[5,-6],[2,-5],[-2,1],[-3,-3],[0,-7],[-1,-3],[-7,-9],[-1,-5],[3,-6],[3,0],[6,-1],[2,-2],[2,-5],[2,-2],[-1,-3],[-6,-5],[-3,-3],[-4,1],[0,-4],[1,-3],[-2,-2],[0,-2],[3,-2],[1,-3],[-1,-4],[-5,-4],[-6,-4],[-1,-6],[7,-12],[1,-3],[2,-2],[3,0],[2,-4],[-1,-2],[-2,-1],[4,-3],[-1,-2],[4,-1],[2,-6],[3,1],[-1,4],[5,4],[5,2],[8,-1],[7,-6],[1,1],[4,0],[2,3],[0,4],[2,3],[3,8],[0,5],[3,2],[9,1],[7,0],[5,0],[3,2],[10,1],[6,0],[0,1],[5,-6],[4,0],[-3,-2],[4,-9],[3,-3],[4,-7],[4,-3],[2,-6],[3,-7],[5,-3],[4,-6],[0,-5],[2,-3],[0,-2],[2,-4],[3,-1],[1,-3],[3,0],[2,-1],[1,-5],[3,0],[1,-3],[-3,-1],[6,-6],[1,-6],[-6,-6],[-3,-2],[-7,-1],[-8,-5],[-7,-2],[1,-1],[3,1],[5,-3]],[[5464,8145],[10,-3],[3,0],[7,2],[5,-1],[5,5],[2,1],[2,-1],[-1,-4],[1,-2],[3,0],[8,4],[0,-2],[4,-1],[0,-3],[3,0],[4,2],[4,3],[2,-1],[1,-2],[3,0],[6,2],[5,-3],[3,0],[9,2],[3,5],[3,2],[4,1],[3,-1],[4,2],[3,2],[1,3],[-4,5],[5,2],[0,2],[2,1],[4,-1],[3,1],[-1,2],[-7,2],[1,1],[0,3],[4,3],[4,1],[2,3],[0,4],[0,2],[3,2],[6,-1],[9,2],[3,-1],[1,-3],[0,-3],[4,-2],[4,-3],[-2,-4],[5,1],[3,-3],[3,-1],[3,1],[0,-5],[3,0],[3,-3],[1,2],[5,-1],[0,-3],[3,-2],[0,2],[5,-1],[3,1],[6,-2],[-1,-2],[5,-1],[2,1],[5,-1],[0,-3],[3,-1],[8,4],[3,-2],[6,2],[4,-2],[7,1],[6,0],[4,-1],[4,-3],[2,-5],[3,-19],[5,-13],[3,-4],[16,-22],[8,-7],[6,-7],[2,-2],[6,-9],[4,-4],[8,-6],[2,-4],[5,-5],[23,-31],[9,-10]],[[5816,8005],[7,9],[5,6],[5,3],[7,1],[9,-1],[2,-2],[3,1],[4,2],[2,0],[3,-1],[7,1],[3,0],[3,2],[2,2],[-1,4],[1,2],[6,4],[4,5],[1,3],[0,4],[1,2],[3,0],[3,2],[0,3],[3,2],[2,1],[3,2],[0,1],[3,3],[2,0],[4,3],[2,1],[4,3],[-2,2],[1,2],[-1,3],[2,1],[0,5],[2,1],[-1,2],[2,1],[3,0],[1,2],[6,-1],[1,2],[0,2],[3,2],[2,2],[5,-2],[2,4],[2,2],[7,2],[11,0],[1,-2],[3,-1],[6,0],[6,-1],[-2,2],[4,-1],[3,1],[10,-3],[0,-1],[6,-2],[8,-5],[5,-5],[6,-2],[1,-2],[3,-3],[13,6],[25,13],[17,6],[16,2],[5,2],[5,2],[2,1],[5,4],[-1,1],[1,6],[3,9],[9,12],[1,2],[3,1],[-1,1],[3,1],[-2,5],[2,1],[4,4],[0,6],[-1,2],[10,15],[13,-1],[8,-17],[1,-5],[3,-11]],[[6169,8148],[24,5],[10,2],[5,0],[5,2],[5,0],[1,-1],[6,4],[3,0],[2,1],[4,-2],[3,1],[5,0],[2,2],[2,0],[14,4],[4,3],[13,4],[2,1],[18,0],[1,-5],[8,-3],[18,-4],[15,-5],[0,-4],[2,-1],[6,0],[5,-2],[10,-11],[5,-7],[4,5],[5,3],[6,7],[4,3],[4,0],[-3,10],[9,6],[8,-3],[3,8],[4,5],[4,1],[0,5],[2,3],[2,1],[-5,5],[0,7],[3,2],[1,3],[2,4],[8,3],[1,-1],[5,2],[1,2],[6,1],[6,5],[6,11],[5,14],[8,14],[-2,12],[-12,16],[-2,3],[0,6],[1,8],[-9,10],[-12,18],[-3,7],[-3,7],[-3,5],[-2,7],[-2,11]],[[6417,8368],[-12,9],[-16,27],[-14,6],[-12,3],[-13,5],[-32,8]],[[6318,8426],[-69,-5],[-15,-5],[-23,0],[-26,0],[-4,-3],[-68,28],[-15,2],[-22,8],[-7,-1],[-1,1]],[[5495,8601],[2,2],[-3,1],[1,-3]],[[5484,8568],[-1,-6],[6,2],[10,1],[4,-2],[1,-5],[1,-2],[1,2],[2,0],[-1,-2],[5,0],[3,1],[5,-1],[1,-3],[6,-1],[4,-1],[1,-1],[3,1],[0,2],[-3,2],[3,3],[-2,1],[0,6],[-1,2],[0,6],[1,2],[-2,0],[-4,-1],[0,1],[-3,0],[-1,4],[-5,1],[-2,2],[-5,6],[-1,-1],[-3,2],[1,2],[-3,1],[0,-2],[-2,-1],[-5,-1],[-8,3],[-4,-2],[-2,-5],[0,-3],[-2,0],[-1,-5],[1,-3],[2,-5]],[[5533,8578],[-2,-1],[2,-1],[3,1],[-3,1]],[[5532,8548],[-5,-2],[-4,0],[-4,-1],[-2,-4],[1,-4],[5,0],[5,2],[2,4],[4,1],[2,3],[-4,1]],[[5561,8546],[-4,-2],[2,-3],[2,5]],[[5514,8538],[0,2],[-2,-2],[2,0]],[[5587,8459],[-1,1],[3,4]],[[5589,8464],[0,0]],[[5589,8464],[0,0]],[[5589,8464],[-1,2]],[[5588,8466],[-1,0]],[[5587,8466],[-1,-1],[-3,3],[-4,1],[-4,2],[0,3],[-2,1],[0,2],[-3,2],[-2,5],[2,3],[5,6],[3,5],[2,0],[1,4],[7,4],[2,3],[-1,1],[-7,0],[-2,1],[-3,0],[-5,3],[-1,3],[-1,-2],[-2,2],[-2,4],[4,5],[-1,2],[-6,1],[-3,3],[0,4],[-10,-2],[-4,1],[-4,1],[-3,-3],[-3,-2],[2,-4],[-2,-3],[0,-3],[-2,-2],[-7,3],[-3,-1],[-1,3],[-8,-2],[0,-4],[-6,-2],[1,-2],[1,-4],[-5,-2],[0,-2],[-5,-1],[-5,1],[-4,-1],[0,-3],[-2,-1],[1,-6],[2,-2],[1,-4],[4,3],[4,1],[3,4],[4,-1],[2,-2],[-2,-4],[3,-1],[3,1],[4,0],[7,-6],[2,-3],[0,-4],[-4,1],[-3,-1],[-1,-2],[2,0],[5,-2],[5,0],[1,-2],[9,-4],[8,-4],[-2,-3],[3,-4],[2,1],[5,-2],[-4,-1],[4,-4],[1,0],[0,-5],[5,-2],[5,2],[4,4],[3,-1],[7,3],[5,6],[-1,2]],[[5522,8527],[1,0],[-1,3],[-2,0],[-3,3],[-2,0],[-1,-2],[5,-4],[3,0]],[[5494,8508],[2,1],[-3,0],[1,-1]],[[5567,8434],[5,1],[-7,0],[0,-1],[2,0]],[[5607,8432],[-2,-1],[4,-2],[-2,3]],[[5601,8429],[0,-3],[2,-1],[1,3],[-2,-1],[-1,2]],[[5605,8426],[0,-4],[1,1],[-1,3]],[[5603,8422],[-3,2],[-1,-1],[4,-1]],[[5682,8371],[-2,-1],[-2,-6],[-2,0],[1,-3],[3,0],[3,-1],[4,3],[4,-1],[-1,2],[0,4],[-5,2],[-3,1]],[[5439,8146],[1,2],[-3,-2]],[[5437,8146],[2,0]],[[7325,11684],[10,3],[4,3],[4,0],[3,3],[3,4],[2,1],[3,-1],[3,2],[3,0],[4,2],[6,4],[3,4],[1,3],[3,3],[0,5],[-2,1],[4,2],[-3,3],[1,4],[10,2],[6,2],[1,2],[2,-1],[1,3],[-1,3],[-4,1],[2,3],[-2,2],[1,2],[-5,3],[5,7],[3,2],[4,0],[1,4],[2,0],[-1,4],[1,3],[-3,2],[1,2],[-2,2],[1,2],[-4,3],[-4,2],[-2,3],[-10,4],[-5,-2],[-3,-1],[-9,-4],[-5,-1],[-3,-4],[1,-5],[-2,-1],[2,-4],[-6,-11],[-3,-3],[-3,-1],[-1,-2],[-5,-4],[-1,-3],[1,-4],[-2,-3],[1,-2],[-3,-1],[-1,-3],[-4,1],[-6,-1],[-1,-2],[-2,-1],[-5,-5],[-3,-6],[-1,-5],[-6,-5],[1,-5],[5,-5],[1,-4],[2,0],[1,-2],[3,-1],[4,-4],[-1,-3],[4,-1]],[[7467,11985],[2,1],[4,3],[0,4],[-7,6],[-3,0],[2,-3],[-1,-5],[2,-6],[1,0]],[[7451,11955],[3,1],[0,5],[-2,0],[-6,-3],[1,-2],[4,-1]],[[7450,11854],[-2,3],[-3,0],[-6,7],[-6,-2],[-1,-2],[2,-1],[6,0],[5,-2],[5,-3]],[[7420,11837],[4,2],[3,2],[-6,4],[-3,-3],[1,-3],[1,-2]],[[7451,11702],[-4,-1],[-6,-3],[-1,-5],[7,-2],[7,1],[-3,10]],[[7434,11443],[1,-5],[3,1],[22,-1],[3,-1],[5,1],[3,2],[2,6],[4,4],[5,1],[6,0],[-1,7],[9,3],[2,2],[-2,1],[-1,4],[2,1],[-3,1],[-1,3],[-6,-1],[-5,2],[-3,4],[1,6],[5,0],[0,3],[5,3],[6,3],[2,0],[5,3],[-2,2],[1,4],[9,3],[4,1],[8,4],[6,0],[8,4],[2,-1],[2,3],[6,4],[4,2],[0,2],[-7,10],[-3,2],[-7,1],[-6,0],[-7,2],[-2,1],[-4,-1],[-6,-4],[-7,-3],[-8,-4],[-1,-1],[-5,-1],[-6,-1],[-3,3],[0,-2],[-4,0],[0,-2],[2,-4],[1,-4],[-1,-2],[8,-5],[-2,-3],[-3,0],[0,-3],[-6,-6],[-3,-2],[-4,0],[-2,-3],[-1,-5],[-4,-2],[-3,0],[-8,-5],[-3,2],[-2,-1],[1,-2],[-1,-2],[-1,-7],[-4,-4],[-1,-4],[1,-2],[-6,-5],[-1,-1],[2,-6],[0,-5]],[[7379,11374],[7,1],[-5,6],[3,4],[5,4],[2,1],[4,1],[8,0],[3,3],[0,6],[3,4],[-1,4],[1,4],[-9,8],[-3,6],[-4,2],[-1,3],[-3,2],[-3,-1],[-5,3],[-3,1],[-8,4],[-2,3],[-2,0],[-3,-3],[1,-1],[0,-4],[-3,-7],[-1,-4],[-1,-3],[1,-8],[2,-6],[1,-6],[3,-1],[2,-2],[-1,-3],[-5,-1],[1,-5],[2,0],[3,-4],[2,-4],[2,-2],[2,-1],[2,-3],[3,-1]],[[7311,11423],[2,2],[0,1],[-8,5],[-2,-2],[-3,0],[2,-3],[9,-3]],[[7329,11402],[3,1],[2,3],[-1,2],[2,2],[3,2],[2,6],[1,4],[-6,6],[-3,1],[-9,-1],[-1,-1],[1,-5],[-1,-8],[-2,-1],[2,-3],[-1,-1],[2,-3],[6,-4]],[[7685,9432],[-7,13],[-3,8],[0,4],[0,3],[3,5],[1,3],[-2,2],[-1,4],[2,2],[-1,2],[-2,7],[3,3],[0,3],[1,2],[-3,1],[2,3],[-2,1],[-4,0],[1,2],[-3,0],[-1,2],[1,3],[3,2],[1,4],[6,2],[0,2],[-4,4],[-5,-1],[-1,3],[5,2],[-4,2],[-2,4],[-4,2],[-2,2],[1,6],[-7,4],[-1,4],[1,4],[4,4],[0,2],[-3,3],[-1,4],[-3,1],[2,2],[-3,5],[-2,2],[2,0],[-3,2],[3,2],[-2,2],[-1,6],[4,2],[-1,3],[2,1],[0,2],[3,-1],[5,2],[5,3],[1,4],[-1,3],[-6,0],[-2,3],[0,1],[4,1],[0,2],[-2,2],[3,0],[-1,2],[3,2],[4,-1],[1,3],[2,-2],[4,1],[2,4],[0,3],[-3,2],[-3,6],[2,2],[-2,2],[1,1],[0,6],[4,6],[8,4],[-1,4],[3,1],[2,-1],[4,1],[-1,1],[6,1],[-3,2],[0,4],[4,1],[-1,3],[0,2],[-6,1],[-1,1],[2,3],[-4,3],[-1,6],[5,5],[-4,2],[-2,8],[1,3],[-1,4],[4,3],[1,2],[2,0],[-2,2],[-1,4],[-3,3],[8,3],[1,2],[2,7],[-3,0],[-2,5],[1,2],[3,2],[-4,7],[-4,3],[0,1],[-3,0],[-3,1],[0,3],[1,2],[1,7],[1,4],[6,3],[0,1],[-2,2],[-3,1],[-4,-2],[-2,2],[-4,0],[-3,5],[3,3],[-1,1],[1,7],[3,2],[5,10],[5,10],[6,2],[3,-2],[3,0],[4,4],[0,4],[2,2],[5,3],[0,3],[3,1],[1,3],[6,1],[0,4],[10,3],[3,0],[0,2],[8,3],[3,-2],[1,3],[8,-1],[4,4],[4,0],[4,1],[2,1],[2,4],[-2,2],[2,3],[0,2],[3,2],[3,1],[9,6],[4,0],[3,2],[2,3],[-1,3],[5,2],[2,1],[0,1],[7,4],[-5,5],[1,2],[3,0],[2,5],[3,3],[5,2],[3,0],[5,4],[-2,3],[3,5],[7,8],[1,3],[2,1],[-1,3],[3,4],[-4,0],[0,2],[-3,1],[2,4],[3,1],[-1,2],[4,5],[2,2],[-1,1],[-4,1],[-3,4],[4,4],[0,2],[-3,4],[-5,3],[-1,4],[2,0],[-2,2],[-1,3],[4,2],[0,5],[-3,4],[-1,3],[-1,-1],[-1,2],[2,0],[-3,8],[-3,1],[-2,-1],[-3,0],[-1,3],[3,3],[-5,2],[0,1],[-6,2],[-2,3],[-2,5],[-2,3],[-4,2],[-7,0],[-3,2],[-5,1],[-2,1],[0,3],[-3,2],[-3,1],[-4,2],[-3,0],[2,3],[-5,2],[-1,2],[1,4],[-4,2],[-2,0],[-4,3],[2,6],[-8,9],[-1,4],[3,3],[1,3],[1,1],[-1,7],[-4,7],[-2,5],[-6,4],[-7,2],[0,1],[-6,0],[-1,-1],[-4,-1],[0,-2],[-2,-2],[-11,0],[-5,-2]],[[7707,10105],[0,4],[-3,-2],[2,-1],[-4,-2],[-3,3],[3,1],[-3,3],[-3,-2],[-7,-2],[-4,4],[-6,1],[-6,-2],[-2,-2],[3,0],[1,-2],[-2,-2],[-7,1],[-3,-3],[-4,0],[1,-7],[1,-2],[0,-8],[-2,-7],[-6,-9],[-1,-3],[-4,-7],[-4,-4],[-2,-2],[-2,-3],[1,-3],[-2,-1],[-1,-4],[3,-5],[5,-3],[-2,-3],[-5,-3],[-1,-2],[1,-5],[6,-4],[-3,-6],[-10,-5],[-4,-1],[-4,2],[-2,2],[3,2],[-3,1],[-1,-2],[-3,2],[-4,-2],[-3,-4],[1,-8],[-8,-4],[-7,-1],[0,-3],[-3,-3],[-13,-4],[-2,0],[-2,-2],[1,-3],[0,-2],[-6,-3],[-3,0],[-2,-2],[2,-1],[-1,-3],[-3,-2],[-7,-2],[-3,-2],[-3,-1],[-2,-1],[-7,-2],[-1,-4],[0,-3],[-5,-2],[-5,-1],[-5,-5],[-4,-1],[-10,-1],[-14,-2],[-5,-2],[-7,-1],[-6,-3],[-4,-1],[-11,0],[-6,-3],[-9,-1],[-11,1],[-6,1],[-8,0],[-2,-2],[-4,0],[2,2],[-6,2],[-19,4],[-3,0],[-11,3],[-8,1],[-13,3],[-14,4],[-4,1],[-40,10],[-18,5],[-10,4],[-17,5],[-23,6],[-18,4],[-36,10],[-19,4],[-7,1],[1,-3],[-1,-3],[-8,-2],[-1,2],[-7,6],[-6,7],[-6,3],[-8,0],[-14,5],[-7,3],[-16,6],[-18,7],[-18,8],[-23,10],[-9,4],[-19,11],[-9,6],[-4,1],[-2,-1],[-8,1],[2,1],[-4,3],[-8,2],[-10,4],[-18,7],[-4,1],[-15,4],[-24,8],[4,-2],[-2,-1],[-8,2],[0,2],[-7,3],[-6,2],[-10,3],[-12,5],[-7,3],[-19,9],[-17,9],[-12,8],[-18,11],[-10,6],[-5,3],[-18,10],[-9,5],[-8,2],[-18,5],[-11,3],[-15,3],[-13,1],[-14,1],[-20,-2],[1,-1],[-4,-2],[1,-2],[-3,-3],[-9,-4],[-8,-1],[-8,-1],[-9,1],[-4,1],[-3,3],[2,3],[-2,0],[0,-3],[-2,-2],[-10,3],[-1,2],[1,1],[-2,1],[-4,-3],[-1,1],[-2,-3],[2,-2],[-4,-3],[-7,-3],[-5,-2],[-6,-1],[-2,-2],[-5,-1],[-1,1],[-4,0],[-1,2],[-2,-1],[-2,1],[-3,-3],[-3,-1],[-4,-6],[-5,-1],[-3,-3]],[[6503,10070],[43,2],[20,23],[15,5],[3,10],[1,7],[18,8],[15,0],[16,2],[0,-2],[-3,-1],[2,-6],[-1,-2],[-2,0],[0,-23],[25,30],[4,5],[24,0],[12,0],[13,-3],[-1,-13],[52,-15],[-1,-13],[5,-7],[1,-10],[1,-13],[-1,-4],[14,-3],[7,-2],[36,-30],[32,-1],[14,-6],[20,-9],[23,-9],[25,-9],[5,-6],[5,-4],[3,-3],[26,-3],[18,-3],[6,-6],[13,0],[-8,-9],[-8,-7],[2,-8],[2,-8],[12,1],[7,-14],[2,-4],[-1,-16],[-3,-16],[-2,-12],[3,0],[-4,-7],[2,-8],[-1,-5],[1,-2],[-3,-3],[-2,0],[-4,-3],[-3,1],[-2,-3],[3,-2],[0,-2],[-5,-5],[-7,1],[-1,-3],[3,-7],[2,-6],[0,-13],[-1,-2],[-4,-25],[-31,-10],[-62,19],[-17,-17],[-2,-3],[-1,-2],[4,-1],[1,-2],[-1,-3],[-3,0],[0,-4],[-4,-1],[-3,-3],[0,-4],[-4,-2],[0,-1],[-3,-2],[3,-1],[-1,-2],[-5,-3],[-4,0],[1,-1],[-2,0],[-2,-4],[4,-4],[2,-1],[-1,-2],[-2,2],[-1,-1],[1,-2],[-6,1],[1,-2],[-3,-1],[26,-22],[15,-13],[0,-7],[-4,-7],[-6,-17],[-3,-2],[-10,-9],[-9,-12],[-4,-16],[-2,2],[-2,0],[2,-2],[-1,-4],[3,-2],[-1,-2],[-12,1],[0,-2],[4,0],[0,-3],[10,-4],[7,-1],[6,0],[23,2],[15,-3],[14,-5],[25,-22],[0,-3],[3,-7],[8,-7],[3,-8],[0,-4],[2,-2],[-1,-1],[1,-3],[-1,-3],[2,-1],[-1,-4],[2,-4],[3,-1],[1,-3]],[[6968,9511],[3,-2],[0,-4],[-3,-10],[4,-4],[3,-1],[3,0],[4,-3],[7,2],[0,5],[4,-1],[4,3],[6,0],[5,-4],[-2,-3],[-2,-1],[-1,-2],[12,-8],[-8,-2],[7,-5],[5,-9],[-1,-1],[-1,-11],[5,0],[3,-9],[2,-4],[8,0],[9,-1],[11,-5],[8,1],[12,-3],[26,-11],[2,-6],[2,-1],[22,-5],[3,11],[4,-2],[7,-1],[18,-19],[-6,-4],[2,-2],[1,0],[5,-3],[-1,-1],[6,-11],[7,-3]],[[7173,9371],[23,-1],[32,2],[25,3],[25,3],[10,2],[13,4],[11,1],[-1,4],[3,0],[28,4],[27,-1],[45,1],[148,29],[36,2],[28,4],[20,0],[8,1],[9,4],[9,0],[11,-1],[2,0]],[[7477,10804],[7,1],[1,4],[10,5],[8,8],[4,2],[3,4],[1,3],[-1,5],[0,5],[1,4],[-3,6],[0,2],[3,5],[-3,5],[-6,4],[-15,9],[-3,-1],[-6,-3],[-6,-6],[-5,-1],[-5,-3],[-2,0],[0,2],[-5,1],[-6,-3],[-4,0],[-3,-1],[-4,0],[-6,-2],[-4,1],[-4,-1],[-1,1],[-8,-3],[-3,-5],[1,-5],[3,-2],[1,-2],[3,-2],[-3,-2],[1,-4],[3,0],[0,-3],[2,1],[2,-3],[5,0],[4,-1],[4,-4],[3,-1],[3,-3],[4,-3],[2,-1],[2,-1],[9,-2],[8,-5],[1,-2],[3,-2],[4,-1]],[[7044,10766],[2,2],[1,2],[-2,4],[-1,7],[-6,4],[-3,-7],[-1,-2],[2,-2],[1,-3],[4,-4],[3,-1]],[[7041,10636],[1,3],[-2,2],[0,5],[2,2],[4,0],[2,3],[10,-1],[6,2],[4,2],[3,6],[-2,2],[-1,4],[0,2],[-3,4],[-2,0],[1,4],[-2,2],[-3,1],[-1,3],[-3,0],[0,2],[2,2],[-5,4],[-1,5],[2,2],[5,15],[3,2],[-1,3],[-3,5],[0,2],[-4,5],[-1,4],[2,5],[-1,3],[-3,1],[-6,-1],[-1,-1],[-4,-6],[-8,-6],[-4,0],[-1,-1],[-8,-1],[-6,3],[-5,1],[-7,1],[-10,2],[-26,5],[-10,3],[-3,2],[-12,2],[-3,-2],[-12,-1],[1,-1],[0,-7],[-3,-6],[-5,-2],[-4,-2],[-4,-2],[-4,1],[-4,-2],[-3,0],[-2,4],[-7,0],[-6,-2],[-2,-2],[0,-3],[2,-1],[5,0],[6,-3],[0,-1],[6,-3],[3,-3],[5,-1],[7,-3],[2,-4],[2,1],[5,-2],[-1,-4],[1,-5],[3,-2],[-3,-2],[-1,-8],[6,-2],[4,-3],[1,1],[3,-2],[0,-2],[-3,-4],[1,0],[7,0],[5,2],[4,-2],[1,-2],[4,1],[4,-2],[8,-2],[5,-2],[2,-5],[8,0],[6,1],[1,-1],[9,0],[4,-3],[2,0],[2,-4],[5,0],[7,-2],[9,-1],[5,-1],[3,-2],[3,-1],[2,-3]],[[6776,10468],[1,1],[9,0],[4,8],[0,3],[-1,9],[-2,5],[-2,9],[2,7],[-1,7],[-1,2],[1,3],[-3,4],[-1,6],[2,2],[-4,9],[-3,1],[-2,2],[0,2],[-3,3],[1,5],[-2,2],[1,2],[-2,4],[-1,5],[1,0],[-1,3],[-5,6],[-1,2],[-8,4],[-4,-3],[-2,-11],[0,-4],[-1,-3],[-5,-5],[-1,-5],[-2,-2],[-1,-6],[-3,-4],[-2,-10],[1,-16],[-1,-5],[3,-7],[8,-7],[4,-4],[2,-4],[4,-2],[3,0],[4,0],[11,-5],[2,-3],[1,-3],[0,-7]],[[7376,10323],[4,1],[13,6],[4,3],[3,5],[1,2],[-2,7],[2,4],[7,3],[2,4],[1,6],[12,4],[6,3],[3,1],[3,-1],[4,1],[2,1],[-1,1],[3,3],[4,-1],[5,5],[2,0],[6,1],[-3,3],[3,2],[4,-1],[5,3],[4,3],[2,6],[-2,3],[-5,2],[1,2],[4,3],[2,0],[3,4],[5,-1],[3,0],[1,3],[4,0],[6,-2],[6,5],[2,0],[3,5],[1,8],[-3,2],[-2,3],[-7,1],[-1,2],[-7,-1],[-6,2],[0,2],[-2,2],[0,2],[-4,2],[-4,4],[-1,2],[-5,4],[-5,3],[-4,0],[-4,1],[-4,0],[-8,0],[-7,1],[-6,-1],[-10,0],[-2,-1],[-4,-3],[0,-2],[-5,-1],[-8,-5],[0,-1],[-9,-3],[-1,-3],[-3,-2],[2,-5],[2,-2],[-3,0],[-1,-3],[1,-3],[0,-2],[3,-5],[-2,-2],[-4,-1],[-2,-3],[-4,-3],[-4,-1],[-3,-3],[-2,-5],[2,-3],[5,0],[7,-2],[3,-4],[-1,-3],[3,-3],[-1,-1],[3,-3],[-1,-3],[-4,-3],[-2,-3],[-3,-2],[-3,1],[-6,-2],[-3,-2],[-6,0],[-3,-2],[-4,-1],[-5,3],[-2,-1],[2,-2],[0,-3],[-4,-5],[4,-6],[1,-4],[3,-3],[2,-5],[-2,-1],[2,-4],[0,-2],[2,-4],[4,-2],[5,-1],[5,-3],[3,0]],[[6753,10445],[3,2],[0,3],[-5,-4],[2,-1]],[[7353,10391],[-2,-1],[3,-5],[3,-1],[3,0],[-1,1],[1,5],[-3,2],[-3,0],[-1,-1]],[[6851,10343],[11,1],[5,1],[9,0],[4,-1],[4,2],[8,0],[6,2],[9,2],[10,0],[4,-1],[9,0],[10,3],[4,-1],[8,2],[4,1],[12,0],[4,-1],[4,1],[5,0],[8,2],[3,4],[4,0],[6,2],[9,6],[1,1],[1,4],[-3,2],[-10,-2],[-5,0],[-2,0],[-3,1],[-3,3],[-9,2],[-1,1],[-10,3],[-4,1],[-3,3],[-5,2],[-7,2],[-15,0],[-11,-4],[-5,-1],[-6,0],[-9,-4],[-7,-4],[-9,1],[-1,2],[-6,-1],[-5,-2],[-6,-1],[-3,-3],[-5,-1],[-2,0],[-3,-1],[-4,0],[-6,-2],[-6,0],[-3,3],[-6,0],[-5,2],[-5,0],[-3,-1],[0,-3],[1,-2],[0,-4],[-7,-5],[0,-4],[4,-3],[4,-5],[3,-1],[10,-2],[8,0],[7,-2],[4,0]],[[6801,10370],[5,2],[-1,3],[-9,0],[-2,2],[-6,2],[0,-2],[1,-2],[8,-2],[4,-3]],[[6798,10356],[2,2],[0,5],[-3,4],[-6,2],[-3,0],[-4,-1],[-2,-3],[-2,-4],[-1,-4],[1,-1],[6,-3],[7,0],[2,1],[3,2]],[[7668,10130],[-1,0]],[[7667,10130],[0,0]],[[7667,10130],[0,0]],[[7667,10130],[0,0]],[[7667,10130],[0,0]],[[7667,10130],[1,3],[2,3],[-1,7],[0,3],[3,1],[-4,1],[-2,4],[3,2],[0,1],[-7,-1],[-4,-1],[-5,1],[-2,1],[-4,1],[5,-5],[-2,-1],[-5,1],[-6,-2],[-4,0],[1,-2],[-6,-1],[1,-5],[-4,1],[-1,-4],[1,-3],[-2,-1],[0,-3],[3,0],[1,-2],[3,0],[6,2],[1,-2],[-1,-3],[-4,-1],[-1,-1],[-3,-1],[4,-3],[-3,-3],[1,-2],[-3,-2],[3,-1],[-4,-4],[3,-4],[-4,-6],[3,-1],[3,4],[4,1],[5,4],[1,1],[3,2],[5,2],[5,0],[5,-4],[2,2],[-2,2],[1,1],[3,0],[0,3],[-3,0],[-4,6],[2,3],[4,4],[4,1],[0,1]],[[7645,10105],[-1,-3],[3,-2],[2,0],[0,3],[-4,2]],[[7818,10021],[0,-4],[2,-1],[2,2],[-3,2],[-1,1]],[[7834,9912],[3,1],[-2,1],[-1,-2]],[[7173,9371],[-1,-2],[-1,-13],[-3,-8],[-4,-11],[-3,-4],[-7,-12],[2,-10],[-23,3],[-12,-18],[-10,-29],[-1,-3],[-22,-2],[-10,-16],[-1,-3],[-9,-5],[-6,-15],[-3,-16],[4,-4]],[[7063,9203],[3,-2],[8,-1],[-2,-13],[1,-7],[2,-7],[0,-3],[1,-6],[3,-5],[-1,-2],[1,-3],[-1,-4],[2,-3],[3,-1],[1,-3],[7,-1],[-1,-1],[0,-8],[0,-5],[1,-2],[0,-7],[-2,-3],[-1,-3],[3,-2],[1,-4],[3,-1],[1,-3],[0,-5],[-2,-3],[1,-9],[-1,-6],[0,-10],[2,-5]],[[7096,9065],[1,-5],[-1,-3],[1,-5],[1,-3],[1,-12],[-1,-3],[0,-4],[0,-6],[-2,-3],[-4,-2],[-2,0],[-3,-2],[2,-2],[2,-31],[9,2],[-1,-3],[-6,-3],[-2,-7],[1,1],[1,-2],[5,-2],[-2,0],[0,-28],[-4,-1],[0,-4],[-5,-2],[-2,-6],[-3,-4],[0,-1],[-5,-8],[-6,3],[-3,1],[-2,-2],[-2,-6],[-3,-3],[-1,-3],[1,-4],[0,-2],[-4,-3],[-6,-6],[-5,0],[-6,-2],[-8,-1],[-13,0],[-6,1],[-6,-1],[-3,-2],[-15,-4],[-13,-2],[-5,-2],[-6,-2],[-7,-1],[-6,0],[-9,-5],[-9,-4],[-7,0],[-5,-4],[-3,-2],[-8,0],[-6,1],[0,-2],[6,-3],[-2,-2],[-13,1],[-4,-2],[1,-6],[-1,-2],[-3,-1],[-1,7],[-4,2],[-5,2],[-6,-1],[-3,-2],[1,-4],[7,-2],[2,-4],[-1,-3],[-7,-1],[-6,-1],[-5,-5],[3,-3],[8,2],[1,-2]],[[6873,8829],[0,-4],[3,-1],[6,0],[3,3],[-1,1],[2,3],[1,1],[6,-3],[4,-1],[3,1],[4,-1],[9,-11],[9,-7],[-11,-4],[12,-20],[2,-11],[2,-7],[3,-14],[-1,-4],[4,-2],[6,-2],[5,0],[8,-1],[12,0],[13,-3]],[[6977,8742],[20,6],[16,1],[2,-3],[1,0],[7,-2],[3,1],[2,-4],[4,2],[6,1],[4,-1],[7,-2],[3,0],[-1,1],[1,2],[3,0],[9,-3],[9,-2],[10,-1],[4,-3],[8,-8],[0,-2],[3,0],[8,-9],[-2,0],[0,-3],[7,-13],[9,0],[7,0],[1,-1],[0,-3],[3,-2],[11,-8],[8,-6],[2,1],[6,-14],[3,-6],[3,2],[5,-1],[8,-11],[8,-11],[2,-1],[4,0],[1,-2],[5,-3],[12,-7],[7,-10],[-1,-2],[11,-10],[15,-11],[7,-10],[10,-8],[1,1],[4,-3],[4,-1],[2,-4],[-1,-2],[20,6],[27,6],[3,4],[4,2],[43,12],[20,6],[22,5],[74,26],[53,23],[40,-5]],[[7574,8652],[59,-9],[92,-13],[6,1],[10,2],[4,3]],[[7745,8636],[1,2],[3,2],[3,8],[4,4],[4,5],[4,-1],[9,2],[3,3],[2,0],[4,1],[6,2],[2,3],[3,2],[10,11],[4,3],[1,4],[5,6],[4,9],[7,5],[2,4],[0,3],[2,2],[3,8],[8,6],[3,5],[4,2],[-1,4],[2,5],[5,7],[6,4],[2,4],[3,6],[2,7],[1,2],[6,7],[2,3],[7,5],[3,4],[2,5],[2,1],[6,3],[1,5],[3,1],[0,4],[3,3],[3,2],[0,4],[2,2],[4,0],[3,3],[-2,2],[3,0],[-2,4],[0,2],[5,2],[3,3],[1,5],[3,2],[0,5],[6,4],[0,2],[5,2],[3,-1],[1,2],[-1,2],[2,1],[-1,1],[-1,8],[-4,2],[2,9],[3,2],[3,0],[3,5],[0,3],[2,2],[7,4],[-2,3],[1,2],[4,3],[2,4],[5,3],[-1,3],[0,2],[4,3],[2,2],[-4,4],[-3,3],[0,5],[3,2],[-1,1],[0,5],[4,5],[4,3],[3,2],[2,6],[-1,4],[2,5],[2,0],[-3,4],[-1,2],[-4,0],[-2,3],[-1,3],[3,9],[3,2],[2,3],[0,3],[2,4],[4,4],[1,4],[3,0],[1,7],[3,3],[2,1],[5,1],[3,-3],[3,1],[0,3]],[[8004,9025],[1,3],[-3,4],[1,1],[7,1],[2,0],[2,7],[-1,0],[-3,6],[5,3],[0,2],[1,1],[1,4],[3,6],[-1,5],[4,3],[-1,2],[3,3],[5,4],[-6,3],[-1,4],[0,2],[-3,1],[3,5],[-1,4],[-4,8],[-5,4],[-3,-2],[0,-4],[-5,-2],[-3,0],[-4,-3],[-4,-2],[-5,-4],[-1,-1],[-6,-1],[-5,2],[-4,-2],[-11,-1],[1,2],[-8,-1],[-4,-3],[1,-7],[-2,0],[-3,6],[5,6],[-1,1],[7,-1],[9,0],[5,2],[3,-1],[-1,2],[-6,-2],[-5,0],[-10,1],[-12,1],[-4,2],[-6,3],[-7,6],[-7,11],[-1,4],[3,1],[-2,2],[0,3],[0,3],[1,2],[2,1],[1,6],[3,1],[2,5],[2,-2],[4,2],[1,2],[-2,5],[-1,0],[-3,6],[5,2],[1,-1],[3,1],[-1,3],[-4,3],[-5,0],[-2,2],[2,3],[-1,3],[3,3],[-3,4],[0,6],[3,3],[-2,3],[-1,6],[2,3],[-4,2],[-4,0],[-1,1],[3,0],[0,3],[2,1],[5,0],[1,-1],[1,5],[4,-3],[0,-3],[-1,-3],[3,-5],[3,-6],[4,-5],[0,-2],[3,-5],[2,2],[0,6],[-1,3],[1,6],[-2,3],[-2,4],[0,10],[-1,1],[-3,3],[-1,2],[-6,2],[-6,3],[0,2],[-3,5],[-4,8],[-7,7],[-2,0],[-7,5],[-5,0],[0,-8],[4,-2],[1,-4],[4,-2],[1,-10],[2,-2],[5,-1],[2,-2],[-3,-1],[-5,-1],[-3,-1],[-1,-3],[-2,1],[3,2],[-2,1],[-1,3],[-5,0],[-3,2],[2,2],[3,-1],[2,6],[-8,-2],[-2,1],[-3,2],[-2,0],[-4,1],[-4,6],[5,1],[2,-2],[1,1],[2,-1],[4,-1],[6,2],[-2,2],[-3,5],[-1,0],[-5,5],[1,1],[-5,3],[0,2],[-4,1],[-1,3],[-5,1],[-6,0],[-4,-3],[-1,-4],[0,-3],[-2,-2],[-2,1],[1,-4],[-5,1],[-4,3],[-4,1],[0,-1],[-9,1],[-7,1],[-5,-1],[-5,-6],[-3,0],[-4,2],[1,3],[-7,-2],[-1,0],[-5,-2],[-7,4],[0,2],[1,4],[-2,3],[1,3],[-1,4],[-9,1],[-2,-2],[-4,2],[-2,-1],[-2,-4],[0,-1],[-4,0],[-3,2],[-3,-1],[-2,3],[2,2],[-4,-1],[-5,2],[-2,2],[0,5],[3,1],[0,5],[1,1],[4,1],[1,2],[-3,1],[-3,-1],[-4,0],[-3,2],[-5,6],[0,4],[5,1],[4,3],[3,-1],[2,3],[-5,3],[-5,0],[-6,4],[-4,5],[-8,11],[-6,8],[-2,5],[-4,4],[-5,10],[-3,4],[-1,3],[-6,9],[-1,6],[-1,5],[1,1],[3,1],[-1,4],[-6,1],[-1,4],[2,1],[-4,2],[0,3],[1,1],[4,2],[0,3],[-2,1],[-3,3],[1,0],[0,4],[-3,3],[-3,-1],[0,3],[-2,2],[2,2],[-2,1],[2,1],[0,2],[-4,0],[-3,4]],[[7874,9271],[-2,0],[-2,-5],[5,1],[1,3],[-2,1]],[[7898,9262],[-3,-1],[1,-4],[4,2],[0,1],[-2,2]],[[7971,8951],[0,-2],[4,0],[-4,2]],[[6873,8829],[-5,-1],[-3,-12],[-4,-2],[-6,-4],[-1,-3],[-5,-4],[0,-2],[1,-10],[-1,-3],[-2,0],[-8,-3],[-5,0],[-5,1],[-5,-4],[0,-2],[5,-3],[0,-2],[-2,-4],[1,-4],[2,-3],[-1,-2],[-4,-2],[-3,-1],[-6,4],[-1,3],[-3,1],[-5,-3],[-1,-4],[-6,1],[-3,-1],[-1,-5],[-6,0],[-1,1],[-3,-2],[-4,1],[-2,0],[-2,2],[-5,0],[-4,-4],[-3,0],[-4,-1],[-3,-2],[-3,1],[-6,-1],[0,-2],[-2,0],[-6,1],[-2,-2],[-5,-1],[-2,1],[-5,-1],[-4,1],[-9,0],[-3,3],[-4,1],[-4,-1],[-3,-4],[-1,0],[-8,2],[-17,2],[-3,-2],[-6,0],[-3,-3],[-12,-4],[-5,-1],[-33,-2],[-35,-13],[-1,-2],[-7,-4],[-43,-24],[-10,0],[-7,3],[-18,4],[-7,5],[-8,7],[-2,4]],[[6475,8718],[-25,-4],[-12,-27],[-6,-28],[-3,-10],[1,-5],[6,-45],[-11,-11],[-7,-27],[-7,-7],[-1,-8],[-3,-7],[-3,-6],[-11,-19],[-17,0],[-5,-1],[-7,-4],[-3,-7],[-12,1],[-16,-42],[-15,-35]],[[6417,8368],[45,9],[8,1],[15,1],[18,-1],[28,-5],[5,6],[6,2],[37,1],[11,0],[15,-4],[7,-3],[7,-5],[10,-5],[14,-1],[11,0],[6,0],[2,2],[12,-7],[7,-1],[14,-6],[18,-5],[8,-7],[2,-6],[3,-17],[3,-26],[1,-11],[-2,-15],[-2,-20],[5,-4],[1,-15],[6,-9],[22,-27],[10,-13],[10,-16],[19,-26],[17,-22],[4,-9]],[[6820,8104],[5,8],[16,12],[2,4],[8,7],[0,5],[56,20],[16,7],[46,19],[33,14],[-3,17],[3,11],[-8,1]],[[6994,8229],[-4,1],[-1,2],[-3,0],[-5,3],[-4,-1],[-2,3],[-3,-1],[-68,45],[-9,5],[-20,12],[24,32],[-15,17],[-3,-1],[0,2],[-2,-1],[0,-3],[-4,-3],[-3,2],[-3,0],[-5,7],[-2,1],[-4,-1],[-5,7],[-2,0],[-4,1],[0,5],[-2,2],[-3,1],[-4,1],[2,3],[-5,3],[-1,2],[-4,3],[-1,2],[-4,0],[0,2],[-2,-1],[-3,3],[1,6],[2,0],[-4,3],[0,3],[-4,2],[-2,2],[9,3],[20,-7],[19,1],[9,11],[-21,4],[-13,16],[-1,6],[29,-6],[18,-3],[35,3],[25,15],[10,7],[12,16],[6,5],[5,1],[2,2],[6,0],[2,2],[6,0],[7,3],[5,5],[-2,2],[6,2],[4,2],[-1,3],[8,4],[5,2],[2,2],[0,6],[4,3],[6,1],[5,4],[4,2],[-1,4],[1,2],[4,2],[2,3],[-41,8],[3,5],[-23,10],[-20,9],[3,12],[8,21],[-25,0],[-22,5],[-8,4],[-15,7],[-19,35],[6,6],[21,0],[1,6],[6,19],[2,7],[1,10],[2,12],[2,19],[9,4],[2,0],[3,4],[3,2],[8,-1],[11,2],[9,8]],[[6994,8229],[11,2],[26,15],[4,-1],[5,1],[1,2],[4,4],[-1,2],[5,1],[0,1],[5,3],[4,1],[41,30],[29,19],[11,8],[16,11],[55,36],[7,3],[30,20],[41,21],[16,14],[31,20],[25,17],[7,4],[16,16],[30,22],[29,29],[17,18],[20,18],[6,7],[42,35],[7,6],[7,6],[26,26],[7,6]],[[6109,7426],[-4,1],[-10,4],[-6,3],[-3,1],[-5,5],[0,3],[-1,4],[-3,3],[-3,5],[-6,2],[-6,-1],[-6,6],[-2,2],[-2,5],[-5,0],[3,4],[-1,3],[-13,1],[1,4],[6,6],[0,3],[-2,4],[-3,1],[-5,3],[-8,2],[-6,-1]],[[6019,7499],[1,-2],[-2,0],[-5,1],[-4,-1],[-7,2],[-10,-6],[-7,2],[-4,-1],[-4,-2],[-5,-5],[-1,-3],[-4,0],[0,-4],[-2,-3],[2,-1],[-1,-3],[-7,-1],[-5,-2],[-6,-4],[-7,-2],[-4,0],[-3,0],[-10,-2],[-14,-5],[-8,-4],[-1,-2],[3,-2],[-4,-2],[1,-1],[-3,-1],[-1,-3],[2,0],[1,-4],[3,-2],[1,-2],[0,-3],[2,-1],[1,-3],[-3,-1],[2,-2],[-2,-1],[-5,1],[1,-3],[2,0],[0,-4],[1,-2],[4,-1],[2,2],[4,0],[3,-4],[-2,-3],[3,0],[6,-4],[-1,-5],[-1,-5],[-18,-4],[-5,-2],[-6,-1],[-5,-3],[-5,-5],[-4,-1],[-7,-2],[-4,-1],[-7,-1],[-3,0],[-6,3],[-4,1],[-4,-1],[3,-4],[3,0],[4,0],[-5,-5],[-6,-2],[-1,0]],[[5841,7367],[1,-2],[-2,-3],[-4,0],[-1,2],[-7,0],[-7,1],[-3,-1],[1,-2],[-1,-2],[-5,-2],[5,-2],[1,-1],[-4,-3],[-2,-3],[2,-2],[-2,-3],[-1,-4],[1,-4],[-2,-3],[6,-6],[4,-2],[6,-5],[1,-4],[2,-1],[6,2],[8,-3],[6,-4],[5,-4],[4,-5],[3,-2],[2,-4],[0,-3],[1,1],[7,2],[2,0],[0,-4],[-1,-2],[0,-3],[3,-1],[6,4],[2,0],[6,3],[5,0],[1,-3],[2,-1],[4,0],[2,2],[3,-1],[-1,-2],[3,-2],[-1,-3],[1,-2],[6,2],[2,2],[1,-1],[10,2],[0,-5],[2,0],[4,-2],[8,-9],[6,-8],[1,-3],[3,-1],[0,-4],[2,-2],[-5,-4],[-5,0],[-1,-4],[2,-3],[3,0],[2,-2],[0,-4],[-2,-3],[-5,0],[-2,-2],[4,-1],[4,-1],[-1,-3],[1,-3],[-2,-3],[-2,0],[-4,0],[-1,-2],[-5,-5],[0,-2],[6,-3],[0,-4],[-2,-2],[0,-4],[-2,-4],[3,0],[0,-2],[3,0],[0,-2],[4,-1],[1,-2],[-4,-3],[2,0],[3,-3],[-2,-2],[-6,-1],[1,-2],[3,-3],[6,1],[2,-2],[-5,-4],[1,-2],[3,0],[0,-1],[4,1],[5,-1],[-2,-2],[3,-1],[2,2],[3,-2],[5,1],[1,-3],[4,2],[5,-1],[-2,-5],[3,-3],[4,0],[1,3],[2,1],[5,-1],[1,-2],[3,-1],[4,4],[2,-1],[0,-3],[4,1],[5,-3],[0,-2],[3,-1],[-1,-5],[4,-2],[3,2],[2,-2],[-4,-4],[1,-1],[5,3],[2,0],[-2,-6],[4,3],[2,0],[1,1],[3,0],[0,-2],[-3,-3],[1,-1],[3,2],[1,2],[3,0],[0,-4],[3,3],[3,1],[3,-2],[0,-2],[4,-3],[1,1],[1,2],[-3,2],[-2,0],[-4,6],[-4,0],[-3,4],[2,3],[3,2],[7,2],[1,-2],[4,1],[6,1],[1,-3],[2,-1],[3,-3],[-1,-2],[5,0],[3,-1],[1,1],[-2,3],[6,0],[6,0],[1,0],[-2,-3],[9,-3],[4,1],[2,1],[2,-1],[5,0],[5,2],[2,-1],[3,0],[-1,2],[4,1],[-1,2],[3,0],[2,2],[5,-1],[3,3],[1,3],[5,1],[3,5],[3,1],[2,5],[3,2],[2,0],[3,2],[2,5],[3,0],[0,1],[-3,1],[0,3],[5,2],[-1,3],[1,5],[0,7],[2,8],[-3,6],[1,1],[-2,6],[-1,0],[2,4],[-3,0],[-4,4],[2,4],[-3,1],[-1,6],[1,4],[-3,3],[0,3],[-3,3],[-1,6],[-2,3],[2,1],[-4,1],[-2,6],[-1,13],[-1,1],[2,6],[-1,2],[-1,6],[-1,6],[-1,1],[-2,7],[-2,2],[-4,5],[-4,3],[-4,9],[0,7],[-2,1],[-5,-1],[8,4],[-3,1],[-1,3],[-3,-4],[1,5],[-3,0],[-4,2],[-1,1],[-4,6],[0,5],[-2,6],[1,5],[3,6],[4,4],[-2,3],[-2,1],[-1,4],[0,5],[1,5],[-3,1],[3,1],[0,2],[-2,0],[-2,4],[0,3],[2,0],[-2,5],[-4,5],[-4,2],[0,2],[2,4],[2,0],[0,-6],[0,-2],[10,-8],[1,0],[-2,2],[1,3],[3,0],[0,3],[-2,0],[2,3],[-1,2],[-4,3],[-4,1],[-5,3],[1,1],[6,-3],[3,0],[2,2]],[[6581,7741],[0,0]],[[6581,7741],[-4,-1],[-4,1],[-1,-1]],[[6572,7740],[0,0]],[[6572,7740],[-4,-1],[-6,1],[-4,-2],[-3,-1]],[[6555,7737],[0,0]],[[6555,7737],[-2,-2],[-3,1],[-2,-1],[0,-1],[-4,-2],[0,-2],[-3,-3],[-9,-3],[-2,-2]],[[6530,7722],[0,0]],[[6530,7722],[-1,-1]],[[6529,7721],[0,0]],[[6529,7721],[-2,-1],[-2,2],[-2,-1],[-3,2],[-6,-3],[-5,-1],[-4,1],[-6,2],[-2,0],[-2,-3],[-8,-1],[-1,-3],[-2,-1],[-10,-1]],[[6474,7713],[0,-6],[3,1],[1,-6],[-3,0],[2,-6],[-2,-1],[-1,-7],[-8,0],[0,-2],[-3,0],[-2,-2],[5,-4],[1,-2],[-3,0],[1,-3],[-1,-1],[4,-4],[-2,-1],[8,-4],[1,-1],[3,0],[4,-3],[5,-1],[1,-2],[5,-3],[0,-4],[3,1],[0,-3],[-6,-3],[1,-2],[-3,-3],[1,-2],[-2,-1],[0,-2],[-5,-1],[1,-4],[-5,-4],[0,-6],[-5,-1],[-2,1],[-5,-2],[-3,-2],[-3,3],[-5,0],[-3,-1],[-4,0],[-1,-3],[-3,-7],[8,-9],[4,-1],[-3,-3],[5,1],[2,-4],[3,0],[5,-4],[6,-4],[0,-3],[-4,0],[-2,3],[0,-2],[-3,2],[-4,0],[0,-1],[-3,-1],[0,-7],[1,-2],[-4,-1],[-4,1],[-2,-1],[-2,0],[0,2],[-6,2],[-1,2],[-3,0],[1,-3],[0,-6],[1,-2],[-4,-1],[-5,0],[-8,-4],[4,1],[-1,-2],[2,-3],[0,-1],[-4,-2],[4,0],[4,-1],[-4,-1],[3,-1],[1,-2],[0,-1],[-5,0],[0,-6],[-8,-2],[-6,0],[-1,-2],[-8,-1],[-4,-2],[2,-1],[-2,-1],[4,-6],[0,-2],[-4,-1],[-5,0],[0,-2],[-11,0],[-2,1],[-4,0],[-3,-2],[-3,0],[-3,-2],[-14,-5],[-32,-14],[-7,1],[-1,0],[-3,2],[-6,0],[-3,1],[-7,-1],[-1,1],[-5,-1],[-6,-1],[1,-4],[-5,-1],[1,-4],[-2,0],[-2,-3],[1,-2],[3,-2],[1,-4],[-1,-4],[-5,-1],[-3,-15],[13,0],[1,-2],[-6,-3],[-6,-1],[-5,-1],[-2,0],[-3,-2],[0,-3],[-4,-6],[-6,-8],[-1,-1],[-5,-2],[1,-1],[-1,-7],[1,-1],[2,-4],[-1,-3],[-2,-4],[-4,-11],[0,-2],[-5,-10],[0,-2]],[[6239,7390],[5,1],[2,2],[2,-2],[4,0],[-2,-3],[9,-1],[0,2],[3,-2],[3,1],[4,-2],[2,0],[4,-1],[1,4],[4,2],[4,-1],[4,2],[4,-5],[1,-4],[7,-2],[1,2],[2,7],[1,0],[4,5],[1,0],[-3,-4],[-2,-5],[1,-4],[8,1],[4,3],[4,-3],[4,-2],[7,0],[1,-1],[4,2],[0,3],[2,3],[-1,-4],[1,-1],[4,-2],[7,-2],[3,1],[-1,1],[1,2],[1,-1],[5,1],[0,-2],[4,0],[4,5],[2,5],[-3,4],[1,0],[2,-2],[2,-5],[-3,-3],[0,-3],[3,-3],[3,0],[3,1],[1,4],[-5,6],[2,0],[3,-3],[3,-2],[3,2],[5,-1],[-3,-2],[1,-5],[2,-2],[-4,1],[-2,-2],[1,-4],[5,-5],[1,1],[6,-4],[4,-1],[3,-4],[7,-2],[-3,-2],[5,-2],[2,3],[6,-1],[1,0],[6,-2],[-2,-4],[5,-1],[-1,-1],[5,-1],[3,1],[0,1],[9,5],[2,3],[3,0],[-1,-3],[2,-3],[3,1],[1,-1],[-3,-1],[-5,1],[-2,-1],[1,-5],[2,-2],[3,-3]],[[6452,7339],[5,3],[3,3],[0,2],[4,1],[5,-3],[3,-3],[3,-2],[4,-3],[9,-6],[2,-1],[7,4],[-1,1],[-9,9],[-6,6],[-1,1],[-6,5],[0,2],[-2,5],[0,2],[7,-2],[2,2],[5,1],[2,-3],[6,1],[5,-4],[1,-4],[4,-3],[3,0],[0,1],[5,2],[1,-1],[7,2],[2,-1],[5,2],[-5,6],[3,1],[0,3],[3,4],[1,3],[4,3],[1,2],[6,0],[4,-2],[7,0],[1,2],[15,4],[2,7],[-3,2],[3,0],[-1,1],[3,1],[-4,1],[3,1],[3,2],[6,1],[0,1],[5,-1],[2,-3],[6,2],[5,0],[2,-2],[2,0],[0,-2],[3,1],[0,-3],[4,1],[0,-2],[6,1],[-1,-2],[5,2],[1,-1],[3,0],[1,1],[2,-1],[2,0],[4,-4],[2,0],[2,2],[1,-2],[4,1]],[[6640,7389],[5,1],[2,0],[3,3],[1,2],[4,1],[1,1],[2,4],[1,1],[2,-2],[2,2],[3,0],[1,1],[-2,3],[5,0],[-1,3],[2,2],[5,1],[1,2],[6,0],[4,-2],[3,1],[5,4],[4,2],[3,2],[0,4],[2,3],[10,1],[12,-1],[7,-2],[2,1],[0,-2],[3,0],[3,-1],[3,1],[2,-1],[3,2],[9,0],[2,2],[-2,2],[-1,5],[2,1],[8,-1],[4,0],[4,-1],[5,0],[9,-2],[76,5]],[[6865,7437],[2,3],[-1,7],[4,-1],[0,15],[1,8],[3,5],[0,4],[0,22],[-2,18],[7,24],[0,6],[3,6]],[[6882,7554],[-5,10],[-4,11],[-3,12],[-3,12],[-1,10],[-3,9],[-5,8],[-3,12],[-1,3],[1,18],[-2,16],[-8,20],[2,6]],[[6847,7701],[-9,0],[-19,-1],[-15,1],[-17,2],[0,2],[-3,1],[-1,3],[-4,-1],[-2,-4],[-3,-1],[2,3],[-1,4],[-3,-3],[-20,8],[-3,3],[-5,-2],[-3,1],[0,2],[-6,5],[-2,2],[0,2],[2,1],[-5,4],[-1,5],[-2,4],[-5,0],[-2,2],[2,2],[3,1],[-1,2],[-7,0],[-2,2],[3,2],[-27,0],[-7,1],[-13,-2],[-15,-3],[-40,2],[-14,-3],[-6,-1],[-4,0],[-3,-1],[-2,0],[-2,-5],[-4,0]],[[6169,8148],[7,-26],[-1,-1],[2,-7],[4,-19],[1,-5],[-1,-1],[2,-4],[4,-1],[5,-8],[-1,-6],[10,-18],[5,-2],[1,-3],[2,1],[2,-4],[-2,-2],[1,-5],[4,-3],[6,-3],[-1,-3],[1,-2],[5,-2],[-1,-2],[5,-3],[5,-2],[0,-2],[14,-10],[6,0],[6,0],[6,0],[4,2],[7,-3],[15,1],[2,-2],[9,-2],[2,-7],[-2,0],[-3,-3],[-2,-4],[-3,-3],[-2,0],[-7,-3],[-1,-1],[-2,0],[-4,-5],[3,-2],[-1,-4],[-2,-2],[0,-4],[-6,-1],[2,-4],[-3,-2],[4,-4],[3,0]],[[6279,7952],[0,0]],[[6279,7952],[1,-1]],[[6280,7951],[0,0]],[[6280,7951],[0,0]],[[6280,7951],[0,0]],[[6280,7951],[1,-1]],[[6281,7950],[0,0]],[[6281,7950],[-1,-2],[2,-1]],[[6282,7947],[0,0]],[[6282,7947],[1,-1]],[[6283,7946],[0,0]],[[6283,7946],[0,-2],[3,-2],[-4,-4],[1,-1]],[[6283,7937],[0,0]],[[6283,7937],[1,-1]],[[6284,7936],[0,0]],[[6284,7936],[3,-2]],[[6287,7934],[1,0]],[[6288,7934],[0,0]],[[6287,7934],[0,-1]],[[6287,7933],[0,0]],[[6287,7933],[-2,-2],[2,-2]],[[6287,7929],[0,0]],[[6287,7929],[1,0]],[[6288,7929],[0,0]],[[6288,7929],[1,-2],[5,0],[-1,-3],[3,-2]],[[6296,7922],[0,0]],[[6296,7922],[-1,-1]],[[6295,7921],[0,0]],[[6295,7921],[-1,-2],[2,-2],[-2,0],[2,-2],[2,0],[1,-2],[-2,-4],[4,-4],[-2,-3]],[[6299,7902],[0,0]],[[6299,7902],[-1,-2],[1,-1],[-5,-4],[0,-4]],[[6294,7891],[0,0]],[[6294,7891],[1,-1]],[[6295,7890],[0,0]],[[6295,7890],[0,-1]],[[6295,7889],[0,0]],[[6295,7889],[0,0]],[[6295,7889],[0,0]],[[6295,7889],[-1,-2]],[[6294,7887],[0,0]],[[6294,7887],[0,-3],[1,-2]],[[6295,7882],[0,0]],[[6295,7882],[0,0]],[[6295,7882],[3,-3],[3,-1]],[[6301,7878],[0,0]],[[6301,7878],[1,-1],[9,-5],[-2,-4],[1,-1]],[[6310,7867],[0,0]],[[6310,7867],[1,0],[-1,-4],[1,-2],[3,0],[-3,-2],[0,-2]],[[6311,7857],[0,0]],[[6311,7857],[-4,-4],[-5,-4],[2,-2],[-4,-2],[-1,-6],[-2,-2],[-4,-2],[0,-4],[2,0],[0,-4]],[[6295,7827],[0,0]],[[6295,7827],[0,0]],[[6295,7827],[0,0]],[[6295,7827],[0,-1]],[[6295,7826],[0,0]],[[6295,7826],[0,-2],[-3,-5]],[[6292,7819],[0,0]],[[6292,7819],[1,-2],[-2,0],[-1,-5],[-2,0],[-1,-2],[1,-2],[1,-4],[-1,-2],[1,-4],[3,-2],[0,-1],[3,-2],[8,-1],[2,-1],[0,-3],[-13,-13],[2,-5],[5,-5],[0,-10],[-6,1],[-2,4],[-7,-2]],[[6284,7758],[3,1],[3,-3],[-1,-4],[-2,-2],[-1,-7],[6,0],[3,1],[0,3],[10,3],[15,1],[1,-3],[-1,-2],[3,-2],[-5,-5],[3,-3],[2,-5],[2,-1],[0,-2],[4,-2],[0,-2],[-3,-6],[3,-3],[4,-1],[6,-3],[9,0],[7,-2],[3,1],[4,-2],[3,0],[2,-2],[3,0],[6,0],[3,-2],[7,-1],[8,-11],[4,-4],[3,-1],[10,0],[1,-3],[5,0],[-1,3],[5,0],[0,1],[4,0],[0,-2],[3,2],[2,-1],[2,1],[0,3],[6,1]],[[6438,7692],[0,0]],[[6438,7692],[4,4],[3,-1],[1,3],[1,4],[2,1],[-1,4],[-1,2],[2,2],[1,-1],[13,1],[5,0],[6,2]],[[6847,7701],[11,29],[9,34],[6,-1],[-5,8],[6,6],[-1,4],[2,1],[-2,1],[-1,2],[6,3],[-4,2],[2,0],[3,-1],[3,1],[-1,5],[6,0],[1,1],[-3,1],[0,5],[4,0],[0,2],[-3,0],[2,2],[-3,2],[-1,4],[3,0],[-4,1],[3,2],[-1,1],[-2,-1],[-2,0],[1,3],[-2,0],[2,3],[0,2],[-4,0],[2,2],[-3,1],[2,3],[-3,1],[1,1],[-2,1],[1,2],[-2,0],[1,2],[-3,5],[2,1],[6,-2],[5,0],[1,5],[6,7],[20,56],[-34,71],[-42,91],[-16,34]],[[6284,7758],[-3,-2],[-7,1],[-3,-1],[-6,0],[-8,-1],[-3,-2],[0,-5],[-2,-1],[-11,0],[-14,4],[-3,4],[-4,3],[-4,1],[-3,-2],[-7,-2],[-7,-5],[-5,-4],[-8,-1],[-8,2],[-8,0],[-5,2],[-8,-3],[-10,3],[-12,-3],[4,5],[-12,-4],[-5,1],[-10,-4],[-6,-2],[-1,0],[-5,-5],[1,-2],[-4,-5],[1,0],[-3,-3],[-2,1],[-6,-4],[-2,1]],[[6085,7725],[0,0]],[[6085,7725],[-1,0],[-3,-3],[-3,-1],[-4,2],[-2,-1],[-4,1],[-4,-3],[-1,1],[-8,0],[-4,-1],[-1,-2],[-5,-3]],[[6045,7715],[0,0]],[[6045,7715],[-3,-2],[-7,0],[-1,-1],[-10,-3],[-7,-2],[-3,0],[-9,-3],[-7,-2],[-11,-6],[-10,-8],[-18,0],[-7,-6],[-5,-2],[-4,-1],[-8,0],[-1,1],[-6,-2]],[[5928,7678],[-12,-24],[9,-19],[41,-25],[15,-23],[-2,-38],[-1,0],[1,-4],[4,-3],[0,-3],[10,-4],[1,-2],[-2,-1],[2,-3],[8,-2],[4,1],[14,-24],[-1,-1],[0,-4]],[[6109,7426],[3,1],[2,4],[5,-1],[4,-2],[3,1],[6,0],[1,-1],[-2,-2],[0,-3],[4,-2],[4,6],[-5,6],[-3,2],[0,5],[-2,2],[-6,-1],[3,2],[-1,4],[2,-3],[5,-1],[1,-8],[2,-2],[3,-3],[4,-1],[12,5],[-1,-3],[1,-2],[-1,-1],[1,-2],[4,0],[-3,-2],[1,-2],[5,-2],[2,0],[-1,-2],[5,-2],[-2,-1],[5,0],[2,4],[0,1],[3,0],[-2,-3],[0,-4],[2,-7],[3,4],[6,1],[2,-1],[3,-4],[-1,-2],[2,-1],[1,-4],[1,1],[4,-1],[0,-3],[2,0],[2,-4],[4,-3],[1,-1],[3,4],[2,0],[-3,-4],[11,0],[1,0],[-4,2],[1,1],[8,-2],[3,1],[-1,3],[3,-2],[5,1],[3,-2],[2,0]],[[5816,8005],[11,-15],[-40,-16],[-33,-43],[-16,-57],[-7,-55],[113,-52],[53,-40],[31,-49]],[[5464,8145],[-4,0],[-2,-1],[2,-1],[5,-6],[3,-9],[3,-7],[2,-5],[2,0],[3,-1],[2,-4],[-1,-3],[4,0],[-3,-6],[-3,-2],[1,-2],[-5,2],[-4,-1],[-2,2],[-2,-1],[-5,0],[-8,-4],[-4,0],[-3,-1],[-2,-3],[0,-3],[1,-3],[5,-4],[5,0],[8,-6],[3,-5],[1,-1],[-2,5],[1,0],[3,-2],[0,-4],[-1,1],[5,-5],[4,0],[3,3],[6,1],[7,-1],[6,-5],[4,-2],[3,-2],[0,-3],[2,-3],[0,-3],[-4,-4],[1,-6],[-3,-3],[-4,-1],[-3,-5],[3,-5],[-1,-5],[-7,-7],[-3,-5],[-3,-1],[-4,1],[-3,-1],[6,-8],[2,-5],[0,-4],[5,0],[0,-2],[-3,0],[2,-3],[2,-6],[0,-5],[0,-2],[-3,-2],[0,-4],[4,-3],[4,0],[4,7],[8,1],[3,1],[8,0],[3,-2],[2,-3],[-1,-3],[-6,-3],[-3,0],[-4,-2],[0,-1],[6,-3],[-2,-3],[4,1],[3,-4],[2,-1],[-4,-2],[-1,-3],[6,-3],[2,-3],[5,-3],[6,0],[3,-2],[-2,0],[0,-2],[-6,1],[1,-3],[5,-1],[1,-1],[1,-3],[-2,-1],[-4,2],[-3,0],[3,-2],[-4,-1],[-2,1],[0,-2],[-6,-1],[-3,-2],[-1,-3],[3,-2],[-1,-2],[0,-5],[-2,-2],[-4,-1],[-8,0],[-4,-2],[-3,1],[-2,-1],[-7,2],[-4,3],[-3,0],[-3,3],[1,3],[-2,2],[-2,-1],[1,-2],[-2,-6],[-3,-2],[2,-6],[4,-4],[3,-5],[2,0],[3,-1],[1,-3],[3,-2],[-2,0],[-2,-4],[-3,-2],[-8,-2],[-6,2],[0,-4],[-3,0],[-3,-2],[1,-3],[1,-1],[4,-1],[2,-2],[6,0],[4,-5],[-4,-3],[-2,-3],[1,-3],[4,-3],[7,1],[3,-3],[2,-3],[2,0],[6,-4],[7,-4],[4,-3],[0,-2],[7,-5],[3,0],[1,-2],[0,-3],[2,-4],[3,0],[6,-2],[3,-2],[2,-4],[-3,-5],[0,-7],[6,-4],[4,-5],[8,-6],[3,-3],[2,-1],[8,-8],[13,-13],[6,-4],[0,-4],[-1,-2],[0,-6],[-2,-6],[-2,-3],[1,-4],[2,-3],[4,-7],[6,-10],[2,-6],[4,-5],[4,-13],[2,-5],[0,-4],[6,-18],[7,-18],[0,-7],[1,-1],[7,-16],[2,-9],[-1,-6],[-1,-4],[-3,-5],[-1,-6],[2,-2],[3,-3],[4,-5],[1,-4],[1,-8],[-1,-2],[0,-11],[-4,-22],[-3,-5],[-1,-9],[3,-8],[3,-5],[-1,-4],[-3,1],[1,-4],[-1,-4],[2,-1],[-1,-4],[-3,-2],[-3,1],[2,-2],[0,-5],[2,-1],[1,-4],[3,0],[3,1],[5,0],[2,-2],[-2,-2],[-1,-3],[-4,0],[2,-4],[2,1],[6,-3],[0,-2],[-3,-3],[0,-2],[2,0],[4,2],[3,1],[4,-3],[-2,-8],[-3,-6],[3,-3],[0,-3],[0,-2],[-3,-4],[2,-2],[10,5],[5,1],[4,-1],[6,0],[2,-2],[0,-3],[-7,-6],[-6,-1],[-2,0],[-2,-2],[-5,-2],[1,-2],[0,-3],[-3,-2],[0,-3],[6,-3],[5,-1],[5,2],[4,-1],[1,-1],[4,1],[3,2],[3,-1],[4,0],[6,-5],[4,0],[2,-3],[1,-3],[-1,-3],[-5,0],[-6,-2],[-3,1],[1,-2],[5,-1],[5,-4],[4,1],[5,-1],[3,1],[6,2],[4,-4],[2,-4],[3,-3],[1,-3],[3,1],[2,4],[6,3],[2,-1],[1,-2],[3,0],[1,-3],[3,3],[4,1],[-1,2],[4,1],[3,1],[2,4],[0,3],[5,7],[3,3],[-1,2],[2,11],[2,4],[5,5],[-1,2],[7,1],[-2,8],[-4,-1],[-1,1],[5,1],[2,4],[-2,0],[0,6],[-1,4],[1,2],[-2,5],[-4,3],[-1,4],[-2,0],[3,5],[-1,4],[3,1],[2,0],[2,1],[3,1],[2,-1],[4,2],[3,0],[0,-2],[4,1],[4,-1],[1,-2],[0,-6],[2,-2],[4,0],[3,-2],[-2,-4],[3,-3],[7,0],[4,-1],[0,2],[5,0],[6,-2],[-1,-5],[3,-3],[-3,-4],[1,-6],[3,1],[-1,-2],[5,-1],[10,-5],[4,-1],[0,3],[-2,0],[0,5],[5,0],[0,-2],[5,-2],[1,-1],[-2,-4],[0,-3],[-2,-3],[1,-1],[-7,-6],[-2,2],[-1,4],[-7,-1],[-4,0],[-3,-1],[-3,3],[-4,2],[-3,-3],[5,-2],[0,-2],[-8,-3],[1,-2],[4,0],[3,-2],[2,0],[4,-2],[7,0],[2,-1],[0,-2],[-4,-1],[1,-1],[-2,-1],[-4,1],[-5,0],[2,-2],[-2,-2],[-6,1],[-2,2],[-2,-4],[4,0],[2,-2],[-4,-2],[-6,1],[-6,-1],[-4,-2],[4,-2],[3,-3],[-2,-3],[2,-1],[4,1],[4,-3],[6,-1],[1,-1],[4,1],[9,0],[1,-4]],[[5372,8122],[5,4],[1,8],[-1,5],[1,1],[-4,3],[-6,1],[-4,2],[-3,-2],[0,-3],[3,-6],[1,-4],[-1,-6],[4,-4],[4,1]],[[5397,8086],[6,3],[4,5],[-6,1],[-4,-1],[-2,-3],[0,-6],[2,1]],[[5481,7925],[6,0],[6,3],[1,2],[-2,3],[7,2],[4,2],[-7,4],[-6,-1],[-7,-2],[-5,2],[-3,-5],[3,-7],[3,-3]],[[5465,7913],[6,2],[0,2],[-2,1],[-3,0],[-2,-2],[1,-3]],[[5797,7448],[-1,4],[-2,0],[1,-3],[2,-1]],[[5790,7388],[4,1],[-1,3],[-6,1],[1,-5],[2,0]],[[5672,7380],[9,5],[-7,3],[-4,-1],[-3,-2],[1,-3],[4,-2]],[[5683,7385],[-2,-2],[4,0],[-2,2]],[[6882,7554],[5,3],[0,5],[4,3],[0,4],[-2,3],[1,4],[-4,3],[1,3],[-2,0],[-5,0],[-1,4],[6,2],[1,2],[2,3],[0,3],[5,5],[-1,4],[4,1],[-1,4],[3,0],[1,-2],[4,0],[3,3],[4,4],[-2,3],[-3,0],[-1,2],[3,6],[2,1],[7,0],[3,2],[4,-1],[-1,4],[5,0],[2,5],[-3,2],[1,3],[5,2],[-1,3],[3,7],[-1,5],[-4,3],[1,1],[3,1],[3,2],[-8,9],[-5,-1],[-5,-5],[-2,1],[1,4],[-3,2],[0,3],[3,1],[3,0],[3,3],[4,0],[1,-3],[2,0],[4,1],[1,4],[5,4],[-1,4],[-4,5],[-1,4],[1,2],[6,7],[8,3]],[[6949,7714],[0,2],[-6,9],[-10,12],[-4,6],[-5,6],[-7,11],[-3,7],[-3,7],[-3,9],[-2,8],[3,3],[-1,3],[2,1],[-3,3],[4,3],[0,4],[4,2],[3,5],[0,5],[2,4],[7,7],[3,2],[5,2],[3,0],[3,-2],[3,0],[2,-4],[8,-1],[4,-3],[-2,-2],[1,-2],[5,0],[3,1],[-3,1],[1,2],[-1,1],[1,3],[2,0],[-3,4],[5,2],[6,-2],[-1,2],[4,1],[1,8],[3,3],[1,3],[3,1],[3,4],[3,0],[4,2],[2,0],[5,2],[5,0],[-3,3],[2,1],[1,2],[2,0],[6,3],[-3,2],[-2,0],[-5,2],[1,2],[4,1],[1,4],[3,2],[-1,2],[6,7],[1,2],[-3,2],[1,3],[-2,4],[0,6],[3,5],[0,5],[4,2],[-3,4],[0,2],[2,-1],[0,4],[3,2],[-1,2],[1,4],[1,2],[7,1],[0,2],[3,2],[2,-1],[0,2],[4,6],[3,1],[4,-2],[6,2],[3,0],[3,1],[0,9],[1,3],[4,2],[0,3],[3,4],[3,1],[4,0],[8,6],[6,3],[1,2],[3,2],[-4,0],[1,8],[1,2],[4,0],[2,2],[2,3],[3,1],[3,3],[0,1],[6,1],[0,2],[2,0],[-3,4],[3,2],[6,-1],[4,7],[2,1],[5,1],[3,-2],[4,1],[1,1],[-1,1],[3,2],[3,-1],[-2,3],[2,3],[3,1],[-5,2],[-4,4],[0,2],[4,2],[-2,0],[-4,-1],[-5,1],[-8,-2],[-6,3],[2,2],[5,1],[0,3],[4,2],[9,1],[3,1],[-2,1],[2,2],[2,1],[-4,2],[1,3],[-3,2],[1,1],[3,-1],[-2,4],[1,1],[3,-1],[6,-1],[4,4],[8,0],[5,-4],[-1,5],[5,7],[-1,4],[0,8],[-3,1],[-5,1],[0,3],[2,0],[2,3],[-6,3],[-5,0],[-5,3],[-6,-1],[-7,3],[-3,0],[-5,2],[-8,-4],[0,-2],[-3,-1],[-4,1],[-3,1],[-4,-1],[-4,1],[-7,9],[-3,5],[-5,13],[-4,10],[-4,13],[-1,8],[0,12],[1,7],[2,13],[4,13],[1,2],[3,0],[1,3],[5,4],[3,1],[2,3],[4,2],[3,4],[3,3],[4,0],[4,3],[7,1],[5,1],[2,2],[2,5],[2,1],[3,0],[2,1],[5,0],[0,2],[4,1],[4,-1],[-4,3],[-1,2],[5,5],[3,2],[5,0],[5,-1],[3,0],[3,3],[4,2],[3,0],[2,2],[0,5],[-1,1],[2,4],[5,6],[4,5],[4,2],[3,3],[7,1],[6,3],[7,5],[2,1],[8,6],[4,2],[7,3],[3,1],[5,4],[7,5],[1,1],[8,7],[5,4],[5,2],[5,1],[4,1],[4,1],[3,-3],[4,0],[4,-1],[6,-7],[6,3],[-1,3],[5,0],[3,-1],[4,4],[0,3],[5,1],[1,-1],[7,5],[6,1],[5,-2],[3,1],[3,4],[3,0],[6,-1],[4,5],[2,0],[1,3],[4,3],[4,1],[2,-1],[3,5],[2,1],[1,2],[8,4],[7,2],[10,1],[10,2],[11,1],[9,-3],[8,0],[3,1],[7,-1],[2,1],[3,2],[6,1],[7,3],[4,1],[8,0],[8,5],[2,2],[1,2],[5,6],[5,3],[6,3],[4,2],[8,2],[4,1],[9,6],[9,-1],[8,-3],[10,4],[7,2],[3,2],[-6,-2],[-1,0],[1,3],[2,0],[5,2],[9,0],[10,0],[2,1],[-5,1],[-4,2],[-3,4],[-3,6],[0,2],[-1,2],[3,2],[-1,2],[-2,2],[0,3],[6,2],[-1,4],[3,2],[-2,2],[3,1],[4,-1],[1,1],[3,0],[7,4],[-2,1],[-2,7],[4,2],[4,1],[9,1],[7,-2],[3,-2],[3,0],[1,-1],[3,1],[6,-2],[4,0],[0,3],[4,-1],[1,-2],[4,0],[-1,-4],[0,-2],[-3,-4],[1,-4],[-5,-4],[-3,-1],[-1,-1],[3,-2],[-9,-4],[-3,-5],[-7,-1],[-2,-2],[-3,0],[-5,-2],[-3,0],[-4,-5],[-2,-6],[1,-4],[1,-6],[1,-4],[-1,-4],[-5,-4],[-4,-5],[-3,-3],[-3,0],[-2,-2],[-10,-8],[-3,-4],[-2,-1],[-5,0],[-4,-2],[-4,-2],[-1,-2],[-1,-4],[-5,-2],[-3,-1],[-3,0],[-6,-6],[-6,-7],[-6,-5],[-3,-6],[-1,-1],[-2,-4],[-10,-16],[-4,-4],[-2,-7],[-3,-4],[3,-1],[6,0],[5,3],[0,2],[5,0],[1,2],[3,5],[2,0],[0,2],[3,3],[7,0],[3,-3],[0,2],[4,1],[0,3],[5,2],[3,0],[-1,3],[5,0],[1,3],[4,1],[-2,1],[1,4],[3,2],[5,1],[4,5],[4,1],[3,3],[3,0],[-2,4],[-3,7],[-1,4],[2,4],[5,4],[9,4],[3,4],[4,2],[7,5],[4,0],[5,2],[3,1],[-2,1],[2,2],[5,2],[-2,2],[2,1],[0,2],[3,4],[3,1],[3,-1],[0,2],[3,1],[1,3],[3,2],[4,4],[3,3],[3,0],[2,4],[4,1],[5,2],[6,0],[8,5],[4,4],[4,7],[3,1],[3,2],[9,2],[3,2],[8,4],[3,3],[1,5],[-2,1],[-1,4],[1,4],[5,6],[-1,1],[3,4],[4,0],[5,5],[3,2],[1,2],[3,4],[1,3],[3,3],[0,2],[3,1],[-2,2],[3,1],[0,2],[-10,-4],[-9,-6],[-1,-2],[-3,0],[-4,2],[-5,-1],[-2,-2],[-7,-2],[-8,5],[-1,2],[-2,1],[-1,3],[8,9],[3,1],[1,3],[-2,7],[1,1],[6,5],[4,-1],[5,5],[5,3],[0,2],[2,3],[4,-2],[3,0],[4,2],[2,5],[2,1],[1,4],[-2,2],[0,3],[4,3],[1,2],[-1,5],[6,9],[-1,2],[3,3],[0,6],[2,2],[-4,1],[0,4],[-4,-3],[-3,-5],[-2,-15],[-3,-2],[-1,1],[-4,0],[-3,1],[-5,4],[-1,3],[-3,0],[-4,2],[-4,4],[1,5],[-1,3],[-1,6],[3,4],[3,0],[3,-1],[6,7],[3,2],[3,3],[0,1],[4,2],[2,-1],[1,4],[2,0],[-3,3],[1,3],[3,0],[0,5],[3,7]],[[7645,8467],[1,2],[-2,1],[1,-3]],[[7122,8015],[-2,0],[2,-1],[0,1]],[[6139,6974],[1,-1],[-3,-2],[4,0],[1,-1],[-1,-3],[3,0],[6,2],[2,-3],[-1,-2],[-4,0],[-1,-1],[3,0],[-1,-1],[5,0],[3,2],[5,1],[3,-1],[1,-4],[2,0],[-7,-3],[-9,1],[-2,-1],[-8,1],[-1,-1],[-4,-1],[0,-1],[-6,0],[6,-3],[2,2],[7,-1],[-2,-2],[8,-2],[-1,-1],[-3,-1],[-6,1],[-2,-3],[6,0],[1,-2],[2,0],[4,1],[5,-2],[1,2],[3,-1],[3,-6],[-1,-2],[-2,-1],[-2,0],[-7,1],[-7,-1],[-4,1],[3,-4],[3,0],[2,-2],[-2,-2],[-4,2],[-4,0],[-4,-1],[-4,2],[-5,0],[-3,-2],[6,1],[3,-1],[4,-3],[5,-1],[2,2],[6,0],[0,-2],[-4,0],[1,-1],[0,-3],[-1,-1],[3,-2],[2,0],[2,2],[9,-1],[-1,-1],[1,-3],[2,-1],[7,3],[3,-1],[0,-3],[3,0],[1,-2],[-6,-4],[4,-2],[-2,-1],[2,-2],[-1,-4],[-3,-1],[-1,-3],[3,-2],[1,2],[2,-3],[2,-6],[0,-11],[-1,0],[-1,-14],[-5,-4],[-3,0],[1,-3],[4,-3],[-1,-3],[1,-3],[-3,-1],[-1,-2],[4,-5],[1,1],[6,-3],[-2,-4],[-2,-1],[5,-6],[1,0],[3,-3],[-2,-4],[1,-1],[-4,-3],[-2,-3],[-7,0],[-4,-1],[-5,4],[-1,3],[-4,1],[1,-9],[5,-2],[7,-2],[2,-5],[0,-2],[-4,-3],[-2,-5],[5,-2],[-1,-3],[4,-2],[0,-4],[-3,-1],[3,-1],[-2,-7],[3,-1],[2,-4],[-2,-3],[4,-4],[-7,-4],[-1,-9],[2,-1],[1,-2],[-3,-5],[3,-1],[2,-3],[1,-4],[-1,-3],[-2,-1],[2,-1],[1,-2],[-4,-2],[-1,-6],[3,0],[-1,-3],[3,0],[-1,-3],[2,-1],[-2,-2],[3,1],[5,-2],[-3,-2],[0,-2],[-4,-1],[-1,1],[-1,-3],[2,-3],[7,0],[0,-3],[3,-3],[1,1],[3,-2],[5,-7],[3,-3],[2,-3],[5,-6],[6,-2],[4,1],[6,5],[5,6],[1,3],[-4,5],[0,3],[-2,3],[-4,4],[-4,6],[-6,9],[-4,-1],[4,5],[0,6],[-3,1],[-1,2],[4,0],[0,3],[3,1],[-3,1],[1,1],[4,-1],[3,3],[8,-2],[5,-2],[9,0],[7,-4],[8,-3],[1,-1],[9,-2],[3,0],[6,4],[2,4],[-2,1],[1,4],[-5,6],[-4,5],[0,1],[-5,3],[-2,1],[-6,3],[-2,6],[0,8],[1,3],[5,6],[4,4],[3,2],[9,3],[6,-1],[1,-1],[6,5],[7,2],[5,0],[8,-3],[5,-1],[9,-1],[9,-2],[3,1],[4,0],[1,-1],[2,1],[3,0],[0,-2],[7,0],[8,-2],[4,-2],[7,0],[6,-2],[4,0],[5,-1],[11,-4],[8,-1],[8,-2],[6,-1],[4,0],[7,-1],[9,-4],[10,-5],[1,0],[7,-4],[4,-4],[3,-4],[0,-4],[2,-1],[-2,-4],[3,-7],[0,-3],[-1,-13],[-2,-2],[-4,-2],[-3,0],[-4,-2],[4,-4],[5,-3],[0,-4],[1,-3],[-1,-1],[3,1],[3,-2],[3,-3],[-2,-5],[7,-2],[2,-4],[0,-4],[-3,-3],[2,-1],[1,-4],[-1,-3],[-2,-2],[-4,0],[-6,0],[-6,-1],[-1,0],[-2,-3],[-7,-3],[-5,-4],[-3,-4],[-6,-6],[-1,-2],[-4,0],[-3,-2],[-3,-5],[2,-4],[2,-2],[6,-4],[3,-5],[6,-5],[0,-3],[2,0],[3,4],[7,2],[2,1],[6,2],[5,3],[3,5],[1,5],[4,3],[4,7],[6,5],[5,1],[5,4],[2,3],[5,3],[4,6],[-2,1],[4,2],[3,7],[3,0],[2,3],[4,0],[2,2],[5,3],[13,0],[7,0],[12,-3],[8,-4],[5,-1],[8,-4],[4,-3],[5,3],[2,-3],[-5,-2],[3,-6],[3,0],[3,-6],[3,0],[-1,-1],[4,-3],[5,1],[-1,-2],[-3,-1],[2,-2],[1,-4],[-1,-2],[2,-3],[1,-5],[-1,-4],[-6,-3],[-4,-8],[0,-4],[-1,0],[3,-9],[1,-2],[0,-4],[-4,-5],[0,-3],[-10,-9],[-3,-5],[1,-1],[6,-1],[4,2],[5,0],[3,-4],[3,-2],[7,3],[4,0],[4,-3],[4,-6],[10,4],[3,0],[12,0],[8,4],[4,1],[20,3],[4,0],[4,1],[5,2],[7,2],[7,1],[7,1],[4,-1],[5,1],[9,-1],[2,-2],[5,-7],[3,0],[-1,-1],[4,-1],[7,-1],[10,2],[5,-1],[6,0],[4,-2],[6,-5],[4,-2],[1,-3],[5,-3],[4,-2],[2,-4],[1,-1],[4,0],[16,0],[5,-1],[9,3],[9,9],[7,0],[2,-1],[0,3],[3,5],[6,4],[4,4],[6,3],[1,2],[5,2],[4,1],[5,1],[4,3],[5,2],[6,4],[6,2],[2,-1],[4,3],[6,2],[9,3],[5,1],[13,-4],[8,-8],[2,-1],[3,1],[7,3],[5,0],[1,1],[6,4],[2,1],[14,6],[3,2],[5,2],[4,3],[0,3],[-3,3],[-4,0],[-1,3],[-5,2],[-3,0],[-5,-1],[2,-2],[-5,-2],[-3,1],[-1,2],[2,3],[3,4],[-1,5],[3,4],[-2,3],[-3,1],[-6,6],[-4,10],[-2,8],[0,5],[4,10],[1,4],[1,5],[3,4],[9,5],[7,5],[-1,5]],[[6988,6699],[-6,1],[0,2],[1,4],[-3,2],[-2,0],[-4,-5],[-1,3],[-4,0],[-4,1],[-2,3],[-4,1],[-2,-2],[-1,2],[2,1],[4,0],[-2,1],[-8,2],[-2,2],[-6,-1],[-1,3],[-2,-3],[1,-1],[-2,-1],[-4,2],[-5,1],[0,2],[-3,-1],[0,-1],[-3,2],[-4,-1],[-4,3],[-5,1],[-1,2],[2,2],[-6,4],[1,4],[-4,0],[-3,2],[-7,0],[-2,-2],[-3,0],[-7,-3],[-5,0],[-4,2],[-5,1],[-2,2],[-2,0],[-5,-2],[-1,1],[-6,0],[-4,0],[-5,-1],[-6,4],[-1,2],[-5,1],[-2,-2],[-5,-1],[-6,0],[-3,2],[-4,0],[-3,2],[1,10],[-6,0],[-4,-1],[-1,3],[-1,-1],[-3,2],[-2,-1],[-6,4],[-3,0],[-6,4],[0,4],[-3,4],[1,4],[-1,4],[0,5],[3,4],[2,6],[2,8],[2,3]],[[6783,6804],[2,13],[0,2],[-6,3],[-5,3],[-8,8],[-3,3],[-2,4],[-7,10],[-1,3],[-2,7],[0,11],[-3,6],[0,7],[-1,4],[1,6],[-3,7],[-2,9],[-5,8],[-6,8],[-7,3],[-6,1],[-6,0],[-3,2],[-6,0],[-3,1],[-3,0],[-4,1],[-8,0],[-6,1]],[[6680,6935],[0,0]],[[6680,6935],[-4,0],[-2,-1]],[[6674,6934],[0,0]],[[6674,6934],[0,0]],[[6674,6934],[0,0]],[[6674,6934],[-4,0],[-2,4],[-1,-2],[-24,7],[0,1],[-7,0],[-13,-1],[-22,-1],[-14,1],[-4,-2],[-5,0]],[[6578,6941],[-9,-13],[-13,-5],[-7,-4],[-17,-1],[-8,0],[-4,-4],[-4,-7],[-1,-5],[-3,0],[-10,-3],[-6,-2],[-5,1],[-9,-5],[-18,-2],[-16,-5],[-4,2],[-5,6],[-3,-1],[-7,-1],[-5,0],[-2,-1],[-6,-4],[-6,-1],[-6,-5],[-2,-1],[-6,-3],[-2,-3],[0,-2],[-4,0],[1,7],[1,7],[-4,4],[1,2],[-2,3],[-3,1],[-6,2],[-3,3],[-5,1],[-2,2],[-11,3],[-9,0],[-3,-1],[-28,10],[2,6],[-1,5],[-3,2],[-7,0],[-4,1],[-3,0],[-1,1],[-8,-2],[0,-1],[-4,0],[-3,2],[0,1],[-5,2],[-3,-5],[-2,-1],[-8,-4],[-7,3],[-2,1],[2,2],[-2,2],[-4,-1],[-1,-1],[-3,2],[0,2],[2,2],[-1,3],[-2,0],[-1,4],[-2,1],[-2,6],[15,7],[-5,2],[-4,-1],[-8,1],[-2,3],[-4,0],[-6,2],[-3,0],[-3,4],[-6,-2],[-5,1],[-2,-1],[2,4],[-4,2],[-3,5],[-4,2],[1,1],[1,7],[-4,1],[-2,-3],[-4,0],[-4,2],[-10,2],[-5,-1],[-1,2],[-2,2]],[[6172,6991],[-7,2],[1,2],[-4,2],[1,-2],[-2,-1],[-2,1],[-2,-1],[2,-1],[-1,-2],[-3,-1],[-4,3],[1,2],[-2,2],[-3,-1],[-3,2],[-2,-1],[4,-1],[-1,-4],[-3,0],[3,-2],[-1,-1],[-4,-1],[3,-1],[0,-1],[-4,0],[0,-2],[7,0],[2,-2],[-3,-1],[2,-1],[-1,-2],[-8,1],[1,-5]],[[6630,6518],[-3,3],[-5,-3],[-5,0],[-8,-4],[-3,-1],[-6,1],[-8,1],[-3,2],[-3,4],[-1,-1],[1,-4],[0,-5],[7,-2],[6,-6],[9,-5],[2,-3],[4,-3],[3,-3],[4,-2],[4,0],[6,2],[1,0],[8,3],[-2,3],[-1,6],[-1,2],[0,5],[-2,7],[-4,3]],[[6494,6563],[-1,-1],[4,0],[-3,1]],[[6379,6604],[0,-7],[4,-1],[2,-3],[2,-8],[2,-7],[4,1],[3,0],[5,-4],[2,-2],[4,-1],[3,2],[4,0],[3,-4],[0,-3],[2,-1],[8,-2],[5,-1],[4,-2],[7,0],[6,-3],[5,1],[14,1],[5,2],[7,0],[4,1],[3,1],[4,5],[-7,5],[-1,3],[-4,4],[-5,1],[-7,1],[-5,-1],[-9,1],[-10,-2],[-12,-1],[-2,1],[-4,4],[-4,1],[-3,-1],[-2,1],[-10,1],[-1,1],[-2,3],[-3,0],[-11,2],[-4,4],[-2,4],[-4,3]],[[6390,6607],[-1,-1],[0,-8],[-1,-2],[2,-2],[1,5],[0,5],[-1,3]],[[6044,6875],[3,-4],[5,-3],[0,3],[-6,4],[-2,0]],[[6126,6941],[1,-2],[3,1],[-4,1]],[[6144,7005],[-2,-2],[4,-2],[3,-3],[0,2],[-5,5]],[[6514,7176],[0,0]],[[6514,7176],[-5,-2],[-3,0],[0,-2],[-10,-2],[-16,-3],[-8,-2],[-2,1],[-1,1],[-3,3],[-4,-2],[2,-2],[-1,-1],[0,-3],[-1,0],[-1,-4],[-2,-1],[-1,4],[-9,1],[-1,-5],[-3,0],[2,2],[-3,4],[-3,-2],[0,-4],[-5,1],[-3,6],[-2,0],[2,5],[5,1],[4,5],[8,2],[0,2],[13,1],[3,-1],[-1,2],[-5,1],[-11,0],[0,2],[5,5],[1,-1],[5,3],[4,0],[-1,2],[-6,1],[-11,-4],[-6,-2],[-2,-4],[-2,-5],[-3,-4],[-2,-5],[-5,-5],[-4,-13],[-2,-4],[-4,-5],[-7,-4],[-2,-2],[-8,0],[-3,-2],[-3,-3],[0,-4],[-2,1],[-4,-8],[-3,-4],[-7,-3],[-7,-5],[-7,-5],[-6,-3],[-5,-1],[-2,-1],[-11,-7],[-2,-3],[-8,-5],[-2,-4],[-4,-4],[-5,-5],[-2,0],[-5,0],[-3,-1],[0,1],[-5,-5],[-6,-5],[-7,-1],[-7,0],[-2,-1],[-6,-8],[-6,-4],[-2,-2],[-2,-6],[-2,0],[-2,3],[-2,-1],[-4,-4],[-6,0],[-4,-2],[-3,0],[-2,2],[-3,0],[-4,-3],[-4,0],[-5,4],[-2,0],[-2,-4],[-4,0],[-1,3],[-2,0],[-2,-5],[-3,2],[1,4],[-6,-3],[-1,-5],[-4,-1],[-1,4],[-2,0],[-1,-2],[-3,-2],[1,-2],[-4,-4],[-3,1],[0,2],[-1,2],[-1,-3],[-3,1],[-3,-2],[-1,-4],[4,-2],[0,-2],[-5,-1],[0,-2],[2,-4],[-1,-1],[2,-3],[-2,0],[2,-3],[-2,-2],[3,-5],[-3,-3],[-4,-1]],[[6578,6941],[-4,1],[-5,3],[-4,-1],[-7,0],[-1,5],[2,6],[8,10],[2,1],[4,5],[1,7],[2,2],[4,1],[0,3],[7,2],[2,2],[6,0],[-4,5],[-3,3],[2,3],[3,2],[1,6],[-1,1],[3,4],[0,5],[-2,-2],[-4,0],[-4,0],[-3,-3],[-5,-1],[-3,2],[4,1],[-1,1],[2,3],[3,3],[-2,2],[2,6],[4,2],[1,4],[2,1],[1,2],[-2,1],[1,4],[3,2],[4,0],[2,3],[1,0],[2,4],[2,1],[1,4],[3,0],[4,8],[5,2],[2,2],[-10,1],[-4,-3],[-1,-1],[-3,-1],[-3,2],[-10,2],[-4,-2],[-3,-1],[0,4],[1,2],[-8,1],[0,-1],[-4,-1],[-4,-2],[-1,-2],[-3,-1],[-9,-2],[-2,-3],[-3,1],[2,2],[0,5],[0,3],[2,7],[2,4],[5,3]],[[6559,7086],[-9,2],[0,4],[0,1],[0,7],[3,1],[1,6],[-2,0],[-2,5],[1,2],[-6,3],[1,2],[-5,5],[-2,1],[-2,6],[-3,2],[0,3],[-4,1],[1,3],[-3,3],[-1,2],[-4,1],[-5,3],[-2,4],[-2,2],[0,4],[0,2],[-2,3],[-2,5],[4,2],[-2,1],[4,1],[-2,3]],[[6134,7101],[4,2],[0,4],[2,2],[5,1],[2,2],[7,-1],[1,1],[5,1],[1,1],[8,0],[-1,1],[-6,1],[-4,0],[-2,-1],[-6,1],[-1,-1],[-6,-1],[-3,-2],[-6,3],[-6,1],[-2,-2],[-7,-2],[-2,-2],[2,-4],[8,-4],[5,0],[2,-1]],[[6172,7095],[5,2],[-1,2],[-3,-2],[-7,-1],[6,-1]],[[6263,7042],[1,-2],[1,2],[0,4],[-3,-2],[1,-2]],[[6169,7022],[-1,6],[-1,0],[1,-3],[-2,0],[3,-3]],[[6982,7263],[-9,-6],[2,-3],[-2,-3],[3,-1],[3,-5],[2,-1],[-4,-5],[-1,0],[-6,-2],[1,-2],[8,-7],[0,-2],[-22,-2],[-5,0],[-8,2],[-9,0],[0,-2],[-4,0],[0,1],[-4,-2],[-1,-2],[-3,2],[-1,-4],[-4,-1],[0,-1],[-4,-1],[-1,-3],[-4,-2],[3,-2],[-2,-1],[1,-4],[-1,-4],[-1,-1],[-5,-2],[-4,-5],[-4,-8],[-1,-7],[14,-9],[0,-6],[0,-4],[-4,1],[-4,1],[-5,0],[1,-16],[1,-6],[2,-12],[0,-11],[3,-12],[-6,-9],[2,-5],[14,-8],[0,-5]],[[6913,7076],[1,0]],[[6914,7076],[8,4],[2,1],[0,2],[5,2],[3,2],[1,6],[4,5],[0,1],[5,7],[-3,5],[2,1],[0,3],[6,4],[6,-1],[6,-5],[3,-1],[2,0],[-5,5],[1,2],[2,0],[1,2],[1,-2],[2,0],[0,-3],[1,-1],[4,4],[3,0],[3,-1],[3,1],[3,-1],[0,-1],[-3,-1],[0,-2],[6,0],[4,-1],[6,-4],[4,-6],[3,-1],[2,-3],[1,-3],[-3,-3],[3,0],[2,-2],[2,-6],[-1,-3],[-4,-5],[0,-4],[-4,-5],[1,-5],[2,-2],[-3,0],[-3,3],[-3,-2],[-2,1],[-4,-3],[3,4],[4,1],[-1,1],[-5,1],[-5,0],[-1,2],[3,3],[-5,2],[-1,0],[-6,2],[-2,2],[1,2],[-3,2],[-1,-4],[0,-3],[-1,0],[-2,2],[-7,3],[-1,-3],[1,-2],[-3,-2],[-1,2],[-5,0],[3,-2],[-4,1],[1,-2],[4,0],[1,-1],[6,0],[2,-3],[6,-2],[3,-2],[-3,-3],[-1,-4],[1,-1],[-3,-7],[-4,1],[-1,3],[-2,0],[-4,2],[0,-3],[3,-4],[-2,-2],[4,0],[2,1],[6,-2],[2,-2],[-2,-2],[-6,2],[-3,-1],[-5,2],[-6,-3],[-2,2],[1,1],[-2,2],[2,3],[-3,-1],[1,3],[-3,0],[-2,-2],[-7,1],[-2,-5],[0,-5],[-2,-2],[-6,-2],[-2,-2],[-5,-1],[-3,-1],[-6,-4],[-4,0],[-2,-2],[-10,-4],[-1,0],[-5,-3],[-2,0],[-4,-5],[0,-2],[-4,-6],[-9,-3],[-2,-1],[-7,-1],[-2,-3],[-3,0],[-3,-3],[4,2],[-1,-2],[-7,-4],[1,-1],[-4,-5],[0,-2],[-4,-5],[-4,-1],[-5,-1],[-1,-2],[-4,0],[1,-2],[-2,-1],[-10,1],[0,-1],[-6,1],[1,1],[-5,-1],[-3,-3],[-3,-1],[-3,2],[-4,-1],[-1,1],[-5,0],[-9,4],[-2,1],[-2,-2],[-3,-5],[2,0],[-5,-2],[-1,-2],[-5,-1],[-5,-2],[-6,0],[-3,5],[-3,0],[-6,-3],[-6,1],[-4,3],[-2,-1],[-5,0],[-4,6],[1,2],[6,1],[-1,5],[1,5],[7,2],[-3,2],[-2,5],[0,3],[-1,2],[-2,3],[-10,1],[-4,7],[1,1],[-2,6],[-1,4],[-4,4],[-3,3],[-4,1],[-7,6],[-4,2],[-2,3],[-3,2],[-5,2],[-5,4],[0,2],[-3,1],[-2,9],[0,1],[-4,3],[-5,6],[-4,2],[-6,2],[-3,0],[-4,3],[-4,2],[-2,4],[1,2],[-2,3],[1,1],[-5,2],[-4,0],[-9,2],[-4,0],[-3,3],[0,2],[2,2],[-6,1],[-4,4]],[[6599,7105],[-5,-3]],[[6594,7102],[0,0]],[[6594,7102],[-1,-3],[-6,-2],[-2,4],[-1,-2],[-5,-1],[0,-1],[-7,-1],[-3,-2],[-1,-2],[-5,-4],[-1,-1],[-3,-1]],[[6783,6804],[11,2],[4,2],[7,-2],[3,3],[6,3],[6,0],[2,1],[5,-2],[5,-1],[2,-1],[3,2],[8,5],[2,1],[6,2],[2,-1],[5,2],[4,0],[2,5],[2,1],[6,5],[-1,2],[7,2],[5,4],[3,1],[5,3],[5,1],[7,3],[8,1],[4,3],[6,2],[2,2],[6,1],[7,1],[1,0],[3,2],[3,0],[4,3],[8,3],[2,3],[-1,2],[5,7],[4,0],[6,-1],[7,2],[10,0],[12,-1],[7,1],[5,3],[4,-1],[-2,2],[6,2],[8,8],[7,8],[2,3],[2,1],[4,6],[2,13],[-2,1],[0,2],[2,3],[-1,3],[-3,3],[0,4],[6,-1],[2,-1],[4,-1],[4,5],[-1,2],[3,3],[3,-1],[-1,4],[-5,1],[-1,0],[-2,4],[11,4],[7,0],[-1,-2],[4,-1],[1,-1],[3,-2],[0,-1],[3,-1],[1,-1],[3,0],[3,-1],[5,-1],[1,1],[2,-1],[1,-1],[3,1],[6,1],[0,1],[4,-2],[4,1],[2,-1],[0,5],[3,3],[3,1],[3,5],[4,3],[5,5],[-6,0],[-13,6],[9,12],[4,0],[3,3],[5,2],[2,3],[5,6],[0,10],[12,9],[3,5],[0,4],[1,8],[0,4],[-26,5],[-11,22],[-26,52],[-35,40],[-6,6],[-4,5],[4,4],[4,0],[1,1],[1,4],[4,-1],[2,3],[2,0],[2,4],[6,2],[-15,12],[-3,7],[-2,10],[-11,1],[-9,0],[-27,1],[0,2],[5,2],[-6,5],[0,7],[-12,13],[-7,7],[-9,8],[-1,0]],[[7816,6905],[-2,0],[2,3],[-1,5],[-3,1],[4,2],[1,4],[3,6],[0,3],[-3,3],[-6,-3],[-6,-1],[-2,-5],[-2,-1],[-2,-3],[-3,-1],[-6,0],[-8,1],[-5,2],[-1,6],[2,5],[2,3],[-5,4],[3,5],[5,4],[-3,3],[-5,4],[-5,-1],[0,3],[2,0],[2,2],[-2,3],[2,4],[1,1],[-1,6],[7,8],[-2,3],[1,1],[-2,4],[1,4],[5,1],[-2,4],[4,1],[0,2],[-2,4],[1,2],[-2,2],[-4,0],[-13,-3],[-6,1],[0,-3],[-2,-2],[1,-2],[4,-3],[1,-2],[-3,-1],[1,-3],[-5,-1],[-1,-2],[3,-2],[-1,-4],[3,-5],[-2,-2],[-6,-1],[0,-3],[2,-5],[-9,2],[-2,3],[-2,1],[-2,-3],[-4,-1],[-6,-1],[-2,2],[-2,0],[-1,-2],[-2,-1],[-4,-2],[1,-2],[-5,-1],[1,-2],[-6,0],[-8,-5],[-2,-2],[2,-3],[-3,2],[-3,-1],[-1,-5],[4,-4],[1,-3],[2,-1],[-1,-1],[0,-5],[-3,1],[-6,-1],[-4,2],[0,2],[-3,0],[-2,4],[-2,0],[1,6],[-5,1],[-1,-2],[2,-1],[1,-2],[-2,-2],[0,-7],[4,-6],[7,-7],[5,-6],[3,-1],[2,-1],[1,-4],[3,-1],[0,-4],[2,-1],[-1,-1],[6,-5],[11,-5],[2,2],[5,-2],[4,-2],[4,-1],[5,-1],[1,-2],[9,-5],[2,-1],[2,-2],[5,-1],[0,-1],[3,-2],[3,-3],[5,1],[2,-3],[5,0],[2,-3],[3,-2],[0,-3],[2,0],[1,-2],[3,0],[1,3],[-1,2],[3,-1],[0,-3],[2,2],[1,-1],[3,0],[0,-7],[-2,-4],[0,-2],[2,-2],[5,-2],[3,0],[1,-1],[9,-1],[2,-1],[3,6],[-1,1],[6,2],[2,-2],[4,0],[1,-1],[-4,-2],[-2,-4],[-2,1],[-6,-5],[3,-2],[3,-4],[1,0],[-1,-3],[-8,5],[-2,0],[-4,1],[-3,-5],[-5,-3],[4,-2],[3,-4],[1,-3],[2,0],[3,-4],[-1,-3],[-2,-1],[-2,-3],[1,-2],[-3,-1],[-9,1],[-7,-2],[-8,4],[-6,-2],[2,5],[-6,2],[-15,0],[-1,1],[-7,2],[-5,-1],[-1,2],[-7,3],[-10,-1],[-6,3],[-5,0],[-1,2],[1,2],[-4,3],[-3,1],[-3,2],[-5,0],[-2,-1],[-5,1],[-2,-3],[1,-6],[2,-2],[2,1],[4,-1],[0,-3],[3,-7],[5,-4],[0,-1],[4,0],[3,-2],[2,-3],[4,0],[2,-3],[6,-1],[0,-1],[2,-3],[5,1],[1,1],[5,-1],[2,2],[7,-2],[2,-5],[2,-1],[1,-2],[-1,-4],[-2,-2],[-1,-2],[2,-2],[-3,-4],[1,-1],[-3,-1],[0,-3],[-5,0],[-2,-1],[1,-3],[2,0],[0,-3],[-5,-1],[-4,2],[-3,0],[-4,2],[-3,1],[-8,0],[-4,2],[0,2],[-4,2],[-2,-2],[-6,3],[-2,2],[-3,0],[-1,-1],[-2,2],[-4,-1],[-5,0],[-1,-1],[-5,0],[-4,1],[-4,1],[-3,2],[-2,1],[-6,-1],[-2,-1],[-4,-1],[-1,-2],[-5,-1],[-3,3],[-2,-1],[-4,0],[-2,1],[0,2],[-7,3],[-4,0],[-3,2],[-5,-3],[-3,1],[-4,0],[-2,5],[-6,3],[-15,3],[-6,0],[-4,1],[-7,0],[-3,1],[-6,2],[-7,2],[-5,0],[-4,2],[-8,4],[-6,2],[-11,3],[-7,4],[-1,3],[-5,3],[-9,3],[-11,1],[-7,1],[-6,0],[-14,4],[0,2],[-9,3],[-4,2],[-3,2],[-8,3],[-1,-1],[-3,3],[-5,1],[-4,2],[-7,5],[-2,4],[-5,3],[0,2],[-6,4],[-4,4],[-4,2],[-2,2],[-5,2],[-1,2],[-5,2],[-3,2],[-2,1],[-2,2],[-6,3],[-6,5],[-9,2],[-12,4],[-4,3],[0,1],[-5,2],[-7,5],[-2,2],[-4,2],[-23,12],[-7,4],[-12,8],[-9,7],[-8,9],[-11,14],[2,1],[2,-2],[-2,6],[3,6],[4,2],[7,1],[2,2],[-1,2],[2,3],[5,-1],[-1,3],[-1,7],[3,5],[3,1],[0,5],[2,0],[-1,3],[1,3],[-2,1],[0,3],[-4,4],[-5,3],[-2,0],[-4,3],[-5,1],[-5,4],[0,1],[-2,1],[-2,3],[1,7],[5,5],[-2,0],[2,4],[-1,5],[1,2],[-2,1],[-2,7],[-2,1],[0,5],[-5,3],[-3,6],[-3,0],[0,2],[-2,1],[-1,2],[-6,2],[-5,3],[-4,6],[-6,3],[-1,2],[-3,2],[-8,8],[-8,6],[-8,2],[-5,7],[1,2],[-2,1],[0,4],[2,5],[0,4],[-6,6],[1,3],[-2,2],[0,3],[-3,2],[0,3],[1,3],[-1,5],[-3,1],[-3,3],[-1,5],[1,1],[0,4],[1,1],[-2,5],[-4,1],[-2,2],[-2,4],[1,2],[-2,3],[-3,1],[-1,4],[-3,3],[1,4],[-2,0],[0,5],[2,2],[2,4],[-2,2],[-1,5],[1,3],[-1,3],[-1,8],[1,1],[-3,2],[-3,3],[-1,4],[0,6],[0,2],[-2,3],[-5,2],[-2,2],[-1,3],[4,5],[-3,4],[-1,5],[-1,1],[0,8],[3,3],[-4,3],[-2,6],[1,2],[2,3],[-1,3],[4,3],[3,2],[-1,1],[-1,2],[3,3],[6,3],[-1,2],[3,-2],[-1,-2],[-5,-2],[4,-1],[0,-1],[5,3],[-2,-3],[1,-1],[4,0],[0,-2],[9,-3],[-4,-2],[-6,3],[-2,-3],[2,-2],[-2,-1],[-4,1],[1,3],[-3,-1],[1,-3],[5,-1],[9,3],[7,5],[20,12],[0,3],[9,2],[-1,2],[-2,-2],[0,2],[2,1],[2,-2],[5,1],[7,0],[4,2],[-1,2],[-7,-2],[4,2],[0,3],[1,-2],[7,-1],[1,3],[3,0],[-3,-2],[-2,-2],[9,2],[7,-1],[7,-3],[2,-2],[5,-2],[6,0],[4,2],[0,3],[-7,7],[-6,6],[-10,8],[-9,6],[-22,12],[-6,4],[-9,8],[-3,-1],[2,2],[-2,3],[-1,2],[-3,-1],[0,1],[-3,-1],[-3,0],[3,5],[-4,-1],[-5,1],[-11,4],[-7,4],[0,6],[-14,11],[-7,8],[-1,2],[0,4],[2,0],[2,4],[0,2],[2,5],[5,2],[-1,2],[-6,4],[-15,9],[-1,2],[-4,7],[-3,2],[-2,7],[-1,7],[-2,4],[-3,8],[-1,2],[0,11],[0,4],[-2,3],[-5,6],[-1,2],[1,3],[-3,1],[-10,11],[0,1],[-4,3],[-1,4],[-1,6],[-3,3],[0,2],[-2,2],[-2,-1],[-3,2],[2,4],[-2,1],[-1,3],[-5,0],[-3,4],[0,3],[-1,1],[-6,1],[-3,2],[0,1],[-4,3],[1,1],[-4,1],[0,2],[-3,2],[1,3],[-3,7],[-4,3],[0,2],[-2,1],[1,4],[4,4],[-5,2],[-1,2],[1,4],[-2,0],[-1,4],[1,1],[0,4],[-2,3],[2,2],[0,2],[-3,5],[2,6],[-4,2],[-3,7],[0,6],[-6,4],[-1,6],[0,7],[-4,2],[0,3],[-3,1],[-1,1],[-4,2],[-5,4],[-1,2],[-6,1],[-4,-3],[-4,-1],[0,2],[-3,4],[-3,1],[-4,2],[-3,1],[-5,0],[-1,-2],[-4,1],[-5,5],[-2,1]],[[6865,7437],[1,-5],[0,-7],[3,-3],[1,-10],[-4,-5],[-1,-3],[-2,-1],[1,-3],[4,-6],[1,-6],[3,-2],[1,-6],[3,-7],[-3,-4],[-3,-2],[-2,-3],[1,-3],[3,-2],[16,-4],[8,-10],[11,-6],[3,-1],[4,-3],[7,0],[6,-3],[4,1],[2,-1],[4,0],[-1,-4],[3,0],[1,-3],[-3,-2],[3,-1],[3,-3],[0,-4],[-4,0],[1,-2],[-3,-3],[1,-2],[-3,-1],[0,-5],[2,-4],[1,-4],[5,-2],[1,-2],[4,-1],[0,-3],[25,-4],[-2,-13],[2,1],[2,-2],[2,-3],[3,0],[0,-2],[2,0]],[[6988,6699],[3,-2],[2,6],[6,7],[9,6],[7,3],[2,1],[8,4],[20,5],[5,0],[9,3],[15,4],[8,2],[5,2],[2,2],[16,7],[7,2],[10,2],[8,2],[-1,2],[2,0],[3,-1],[4,-2],[5,-2],[1,0],[-2,3],[1,3],[2,3],[3,-1],[2,1],[-2,1],[5,2],[7,0],[6,0],[6,0],[2,1],[7,3],[1,1],[4,-1],[4,1],[2,-2],[3,3],[5,1],[0,2],[6,2],[3,0],[3,1],[5,-1],[-1,-3],[4,0],[5,1],[4,2],[-2,3],[-4,3],[0,2],[2,2],[-3,0],[0,6],[-3,0],[-5,3],[4,3],[-1,1],[2,1],[1,4],[5,1],[0,1],[5,-3],[3,3],[0,2],[4,1],[1,1],[8,-1],[7,-1],[1,1],[5,-1],[4,-1],[7,1],[3,1],[6,-3],[0,-1],[5,-1],[3,-2],[7,-10],[9,-2],[4,-2],[3,1],[0,2],[2,4],[1,-1],[6,0],[3,-2],[2,2],[12,-3],[4,-3],[-1,0],[0,-4],[-2,0],[2,-3],[1,-2],[-4,-2],[-4,-4],[2,-2],[-3,-1],[0,-1],[6,-1],[1,-3],[4,-1],[2,-2],[-2,-1],[2,-2],[3,1],[3,-1],[-5,-3],[-1,-2],[3,-1],[4,6],[3,2],[4,0],[1,-2],[5,-3],[1,-3],[1,4],[-1,1],[1,2],[4,1],[0,-3],[5,-2],[2,-5],[-2,-2],[4,2],[3,0],[1,1],[7,3],[0,2],[3,-2],[8,-4],[1,1],[2,-2],[0,-4],[1,1],[3,-5],[3,-6],[-1,-4],[8,-2],[6,-3],[3,-1],[6,0],[8,0],[0,-1],[6,-2],[8,0],[8,2],[5,-1],[6,-3],[5,-5],[6,-1],[2,1],[4,0],[6,-5],[-2,-3],[4,0],[-4,-4],[-1,-3],[2,0],[1,-10],[7,-1],[2,-1],[6,1],[6,2],[2,2],[4,-1],[6,-6],[4,3],[3,-1],[5,2],[2,0],[-4,-6],[4,-3],[12,-3],[6,-3],[0,-2],[6,-2],[1,-2],[-1,-1],[9,-1],[2,1],[1,2],[4,2],[1,-2],[4,1],[-3,3],[4,3],[0,-2],[4,0],[-2,3],[0,2],[5,-2],[0,-2],[2,0],[2,-3],[3,-2],[4,3],[5,1],[1,-4],[4,-1],[-3,-2],[1,-4],[2,-2],[5,-3],[4,0],[7,-6],[3,-1],[9,-7],[-3,-2],[2,-5],[3,-3],[3,-6],[0,-1],[4,-2],[0,-3],[4,0],[-1,1],[5,4],[-1,-2],[4,-2],[1,-2],[-1,-3],[1,-2],[7,-4],[3,-1],[0,-3],[6,-7],[2,0],[-1,-2],[0,-5],[2,-4],[7,0],[-1,-2],[3,-4],[3,-1],[1,-2],[8,-7],[2,-5],[2,0],[3,-3],[0,-2],[-4,0],[-1,-2],[2,-4],[-1,-4],[1,-3],[3,-3],[1,-3],[4,-4],[2,-1],[2,3],[5,2],[8,-4],[2,-2],[3,0],[9,-2],[5,3],[3,1],[6,2],[4,0],[9,1],[2,-2],[5,-2],[3,-1],[0,-5],[-1,-2],[-8,-3],[-7,-2],[0,-1],[3,-1],[5,0],[5,-2],[3,-1],[4,-1],[2,2],[-1,3],[0,3],[4,3],[7,2],[8,0],[8,0],[8,-2],[3,0],[7,-4],[2,-1],[5,-3],[1,-4],[-7,-5],[-1,-2],[3,-3],[5,-2],[5,-3],[9,-4],[4,0],[3,1],[10,-1],[6,-5],[7,-4],[5,-2],[2,-1],[11,-5],[3,-2],[0,-4],[-2,-1],[3,-1],[2,-3],[-3,-4],[3,-2],[4,-5],[0,-3],[2,-4],[3,-2],[2,-2],[5,-3],[2,-1],[3,-2],[2,-3],[1,-2],[2,0],[2,-3],[9,-5],[1,1],[2,-1],[-1,-2],[2,-3],[10,-7],[3,-4],[4,-2],[6,-5],[5,-2],[8,-5],[4,-4],[-1,-7],[1,-1],[5,-4],[-1,-5],[2,-2],[1,-3],[3,0],[1,-4],[3,-2],[-1,-3],[2,0],[1,-3],[4,1],[0,-4],[1,0],[4,-3],[1,-3],[1,-2],[-1,-3],[2,-2],[1,0],[0,-4],[3,-2],[-2,-1],[0,-7],[1,-2],[0,-4],[-2,-3],[-2,-1],[1,-2],[-1,-2],[-7,1],[-1,-3],[2,-3],[10,-3],[1,-2],[0,-3],[-8,-2],[0,-1],[-4,-3],[1,-5],[4,-2],[0,-3],[-2,-1],[-1,-3],[1,0],[-3,-3],[-4,1],[-3,-1],[-1,-1],[3,-3],[6,-2],[0,-1],[4,-1],[6,-3],[2,-3],[3,-1],[6,-3],[6,-4],[2,-3],[3,-2],[4,-8],[2,-1],[6,-5],[7,-9],[3,0],[10,-5],[9,-4],[3,0],[7,-2],[1,-1],[5,2],[8,2],[3,2],[7,0],[2,1],[1,3],[2,2],[3,0],[1,3],[9,3],[-3,2],[1,2],[4,3],[5,1],[8,2],[2,5],[7,3],[4,-1],[8,5],[15,0],[4,1],[6,4],[-2,5],[0,3],[-4,4],[0,7],[-3,6],[-2,4],[-2,1],[1,2],[-1,1],[-4,0],[-4,-2],[-5,5],[4,2],[0,2],[-2,2],[4,7],[-4,2],[0,2],[2,1],[-1,3],[2,1],[-1,4],[-2,3],[2,2],[-3,3],[2,0],[-1,11],[-4,7],[0,3],[1,2],[-1,4],[1,5],[0,3],[2,0],[-1,4],[0,3],[-2,2],[-2,0],[1,3],[-3,2],[1,4],[-4,3],[1,3],[-1,3],[-2,1],[-1,4],[-2,1],[1,3],[-3,1],[-1,4],[-4,5],[-5,4],[1,5],[-5,3],[0,2],[-2,3],[-2,1],[-6,5],[-4,3],[-6,6],[-1,2],[-5,7],[-4,-1],[-2,1],[-7,7],[-3,3],[-3,6],[-1,5],[2,3],[-14,3],[-6,3],[-6,5],[-4,6],[-5,4],[-1,2],[1,5],[1,2],[7,1],[7,-1],[6,-5],[4,-6],[2,-2],[2,-3],[4,-3],[5,-2],[4,-6],[0,-3],[7,-5],[3,-1],[5,-1],[4,1],[8,1],[2,2],[-1,6],[-5,4],[-4,1],[-2,-1],[-4,2],[-4,4],[-4,0],[-6,7],[-3,2],[-8,4],[-5,1],[-2,3],[-6,1],[-2,2],[-1,3],[-4,1],[0,1],[-5,2],[-12,1],[-4,1],[-7,2],[-1,3],[4,2],[1,3],[-4,6],[-6,0],[-2,2],[1,2],[-2,2],[-3,0],[-6,2],[-1,2],[-5,4],[-2,5],[-6,2],[-2,1],[-8,6],[-4,4],[-2,0],[1,6],[4,4],[1,4],[-1,3],[-6,4],[-1,3],[-6,5],[-7,8],[-1,5],[0,4],[1,5],[3,5],[-1,0],[4,4],[3,3],[3,1],[9,-2],[2,-1],[7,1],[2,1],[4,1],[2,-2],[3,0],[-1,7],[-2,3],[-7,7],[0,8],[-4,3],[3,6],[0,4],[2,1],[-1,1],[0,2],[-1,5],[2,4],[-4,2],[-1,1],[2,4],[3,1],[3,-2],[3,0],[0,2],[4,2],[-3,1],[-4,0],[-4,0],[-4,2],[-3,3],[-1,5],[4,1],[-1,2],[-2,1],[-1,-1],[-3,1],[0,2],[-2,4],[-4,0],[-10,3],[-1,5],[0,3],[-3,-1],[-5,2],[-4,6],[-2,2],[-2,4],[-5,6],[-4,2],[-3,4],[0,3],[-3,1],[-1,4],[-8,5],[-6,6],[-6,3],[-8,5],[1,3],[-4,5],[4,1],[4,0],[8,0],[10,-6],[2,-1],[-1,-4],[2,-2],[2,0],[6,3],[9,3],[4,0],[3,-2],[0,3],[3,-3],[5,-1],[3,-2],[5,1],[4,-2],[3,0],[5,3],[4,-2],[2,0],[-1,4],[3,0],[3,-3],[3,0],[7,-4],[4,2],[-4,7],[3,2],[3,0],[0,1],[3,3],[0,6],[-4,5],[-4,0],[7,3],[4,0],[4,-2],[3,-5],[3,-1],[4,-5]],[[8053,6791],[1,2],[19,5],[9,3],[3,2],[11,1],[24,3],[8,4],[36,8],[124,22]],[[8288,6841],[-20,5],[-42,13],[-10,3],[-12,2],[-19,6],[-9,1],[-5,2],[-30,9],[-16,5],[-7,2],[-5,2],[-5,1],[-28,10],[-39,13],[-8,3],[-54,16],[-22,6],[-6,-6],[0,-5],[-8,-5],[-3,-3],[-1,-2],[0,-3],[-2,-3],[-2,-2],[-3,0],[0,-2],[-4,0],[-4,-8],[-3,1],[-8,-4],[1,-2],[-8,-2],[-4,-2],[-12,-13],[-21,-3],[-2,1],[-19,0],[-5,0],[-7,-2],[-2,2],[-4,-1],[-4,1],[1,1],[-4,-1],[-1,2],[-7,2],[-2,-1],[-2,2],[-3,0],[-1,1],[4,7],[-1,2],[2,4],[4,2],[0,7]],[[7453,7599],[-3,-2],[0,-1],[-7,-4],[-5,-1],[-7,-1],[-1,-3],[-2,1],[-4,-2],[-2,-1],[-2,-2],[-6,0],[-4,-3],[0,-2],[-6,-1],[-1,3],[-2,1],[-2,-2],[-1,3],[-5,-3],[-4,0],[-3,-2],[1,-5],[-3,3],[0,4],[-3,-3],[-2,3],[-1,3],[-1,3],[-3,1],[-10,0],[-5,-1],[-2,-3],[-4,-4],[-1,-2],[-2,-2],[1,-3],[4,-1],[0,-4],[-2,-2],[4,-2],[-2,-1],[-5,4],[0,-1],[1,-4],[3,0],[2,-4],[-2,-2],[4,0],[0,-4],[3,-1],[-2,-1],[0,-2],[-4,-2],[-2,0],[1,2],[4,2],[-3,1],[1,3],[-4,2],[-1,-2],[-3,0],[1,-2],[-3,3],[7,3],[0,3],[-10,0],[-3,-3],[1,-3],[-6,-7],[0,-3],[1,-2],[3,-4],[0,-3],[-7,-6],[0,-7],[-5,-4],[1,0],[-5,-7],[1,-2],[3,-5],[4,-2],[4,0],[2,1],[-1,5],[3,1],[2,3],[6,-3],[0,-3],[4,-1],[2,2],[-1,4],[0,4],[2,1],[-1,4],[-5,0],[-3,3],[0,3],[5,-2],[1,-1],[3,0],[1,2],[2,-2],[0,-2],[3,-4],[-2,-4],[-1,1],[-2,-2],[0,-4],[3,-1],[2,-2],[11,-4],[4,0],[-3,-2],[-1,-2],[2,-2],[-3,-1],[2,-4],[3,-3],[0,-1],[3,-3],[3,-3],[2,-2],[8,-7],[2,-3],[0,-6],[3,-4],[-1,-3],[0,-5],[3,-3],[-1,-4],[2,-2],[-1,-3],[7,-6],[1,-3],[2,-3],[5,-5],[10,-4],[1,-2],[4,0],[0,-3],[3,-3],[0,-2],[2,-4],[2,-1],[-2,-4],[0,-1],[5,-4],[-1,-2],[0,-2],[2,-2],[1,-4],[6,-3],[1,-2],[1,-3],[2,0],[-1,-4],[2,-5],[4,-5],[0,-5],[1,-2],[-2,-2],[2,-4],[-2,-3],[-9,-2],[-8,1],[-4,3],[0,7],[-5,3],[-4,0],[1,-6],[-3,-7],[1,-7],[-1,-7],[0,-5],[2,-7],[2,-4],[2,-6],[2,-4],[1,-5],[4,-4],[6,-3],[7,-2],[2,-2],[8,-2],[3,1],[3,0],[4,1],[3,2],[6,6],[6,2],[8,-1],[3,2],[2,3],[4,2],[1,3],[4,0],[2,3],[3,1],[2,2],[4,1],[5,3],[2,4],[4,0],[3,6],[6,6],[1,2],[0,4],[1,3],[3,0],[6,3],[3,4],[2,0],[0,3],[-4,3],[-4,6],[0,1],[3,6],[-2,4],[-3,4],[1,3],[0,6],[-2,-1],[-3,1],[-1,2],[4,6],[-1,3],[1,7],[1,2],[-5,4],[2,2],[-3,5],[3,1],[-1,6],[-2,2],[-3,1],[-3,-2],[-2,4],[-3,0],[1,1],[-4,3],[4,1],[0,3],[-6,0],[-2,-1],[-6,0],[-4,2],[-3,2],[-2,3],[-2,1],[-3,-1],[2,4],[-2,1],[-2,4],[-2,1],[2,1],[-1,2],[-5,0],[1,2],[-1,1],[-4,2],[-1,7],[4,3],[4,-1],[0,3],[-4,-2],[2,4],[-4,-1],[-3,5],[0,4],[3,0],[-4,3],[2,2],[1,4],[3,1],[6,0],[-1,-4],[2,-3],[3,2],[3,0],[-1,2],[5,5],[3,1],[5,0],[4,2],[5,0],[2,1],[4,0],[7,1],[-3,4],[1,4],[-3,5],[0,3],[-4,4],[1,3],[4,4],[4,5],[-1,3],[-3,0],[-4,-4],[-3,1],[-7,-3],[-3,-6],[-7,5],[0,2],[6,4],[3,3],[2,3],[-6,0],[2,1],[4,4],[2,0],[3,3],[8,4],[7,1],[2,-1],[4,1],[2,0],[0,-3],[3,-4],[9,-2],[1,-2],[-2,-1],[-1,-2],[5,-4],[3,-4],[3,-3],[0,-3],[3,-1],[-1,4],[1,5],[-1,3],[1,2],[-8,18],[0,5],[2,1],[-3,1],[-5,3],[-5,2],[-2,-2],[-6,-1],[-2,2],[-2,-4],[-4,0],[-6,2],[-2,-1],[-5,0],[7,5],[2,0],[2,4],[3,3],[0,3],[-3,2],[-3,1],[-7,3],[-12,6],[-4,1],[-3,-2],[-5,-2],[-3,0],[-2,-2],[-3,3],[-2,-2],[-2,-1],[-1,2],[1,2],[2,0],[2,1],[-1,4],[-6,3],[-12,2],[-7,0],[-5,-2],[0,-2],[2,-2],[-2,-5],[-7,-1],[0,2],[4,2],[0,4],[-5,3],[0,2]],[[7545,7569],[-1,-2],[4,1],[-2,1],[-1,0]],[[7669,7521],[-5,-1],[1,-1],[-2,-3],[-4,-3],[1,-2],[2,-1],[0,-2],[-3,-1],[-4,-3],[-4,-2],[5,0],[4,-2],[2,0],[4,5],[1,4],[6,2],[1,8],[-5,2]],[[7578,7520],[-3,-1],[3,-1],[0,2]],[[7560,7503],[6,2],[3,0],[0,3],[-3,0],[-6,-3],[0,-2]],[[7687,7508],[-3,0],[0,-2],[4,-4],[3,-1],[1,1],[4,0],[-4,5],[-5,1]],[[7667,7493],[-3,3],[-4,0],[-4,-1],[-3,-3],[3,-1],[-1,-5],[-2,-3],[2,-2],[7,-2],[3,2],[1,3],[2,1],[1,3],[-2,2],[0,3]],[[7552,7491],[2,0],[2,4],[-5,0],[-1,-1],[-5,0],[7,-3]],[[7527,7478],[5,1],[3,4],[4,3],[0,1],[-3,1],[-3,-2],[-7,0],[-5,-3],[2,-5],[4,0]],[[7631,7486],[-3,-2],[-2,-2],[4,-2],[4,1],[-3,5]],[[7625,7479],[-3,0],[4,-1],[-1,1]],[[7672,7473],[-3,-2],[4,-5],[2,0],[1,5],[0,1],[-4,1]],[[7530,7469],[-2,3],[-9,0],[-7,-2],[2,-2],[4,3],[6,-1],[4,-2],[2,1]],[[7554,7466],[-7,0],[-3,-1],[0,-4],[-2,-1],[0,5],[-2,3],[-4,1],[-1,-4],[-3,-1],[-2,2],[0,-3],[3,-3],[3,-5],[4,-3],[-2,-3],[3,-5],[4,1],[4,1],[3,1],[1,-3],[3,-2],[3,-1],[3,1],[0,3],[3,1],[0,2],[9,0],[3,2],[1,-2],[3,-2],[3,-3],[2,0],[6,-3],[6,1],[0,2],[-4,3],[-5,2],[-11,9],[1,2],[-1,2],[-8,1],[-3,0],[-6,3],[-7,1]],[[7720,7461],[-4,-2],[3,-1],[4,1],[-3,2]],[[7720,7448],[-1,-2],[4,0],[-2,2],[-1,0]],[[7642,7442],[0,-4],[5,-1],[0,2],[6,1],[2,4],[-2,1],[-4,-1],[-4,0],[-3,-2]],[[7721,7442],[-4,-2],[-3,0],[-1,-2],[-1,-3],[-4,-2],[-3,1],[2,5],[-2,2],[-2,0],[-4,-3],[0,2],[-2,4],[-4,-1],[-1,-3],[-5,-1],[-2,1],[-7,-1],[1,-1],[-2,-2],[-5,3],[-4,0],[-1,-2],[-6,0],[-1,-3],[1,-1],[-6,-1],[-8,0],[-5,3],[2,2],[-4,2],[0,2],[-4,0],[1,-4],[-6,0],[1,3],[-10,-1],[-3,-1],[-5,1],[1,1],[-7,1],[0,-2],[3,-2],[-1,-2],[6,-4],[2,-5],[2,-1],[-2,-5],[1,-3],[4,-3],[6,-3],[10,-2],[10,1],[8,-2],[7,-3],[1,0],[4,-4],[7,-2],[4,-3],[14,-7],[5,-1],[4,-3],[3,1],[6,-3],[-1,0],[8,-4],[2,-1],[10,-1],[4,0],[4,-1],[6,-4],[3,-1],[4,-5],[0,-3],[1,-1],[0,-3],[-1,-4],[2,-1],[4,1],[5,1],[5,2],[0,7],[1,4],[0,5],[0,8],[-2,4],[-5,3],[0,2],[3,2],[5,6],[0,2],[-3,4],[-7,-2],[1,2],[-2,1],[-2,-2],[-1,2],[-4,1],[-3,-1],[-4,-5],[-4,2],[-2,2],[-3,0],[-6,1],[-5,3],[-3,0],[-4,2],[-5,1],[-3,3],[-7,1],[-1,3],[5,2],[5,1],[-1,3],[4,1],[-2,2],[3,2],[1,2],[4,3],[2,0],[-1,2],[3,5],[-4,0]],[[7517,7437],[5,1],[1,4],[-3,2],[-4,-3],[-2,-5],[3,1]],[[7663,7442],[-3,-2],[4,1],[-1,1]],[[7757,7430],[0,-4],[1,0],[1,-4],[4,-7],[5,3],[-4,4],[-3,5],[-4,3]],[[7541,7412],[4,0],[-4,4],[-5,-1],[3,-3],[2,0]],[[7909,7363],[-10,-1],[-7,-2],[-4,0],[-3,-5],[-6,-2],[0,-2],[-13,-4],[-12,0],[-7,-1],[-1,1],[-5,0],[-2,-2],[-3,-1],[-4,-5],[-9,-4],[0,-2],[-3,0],[-3,-4],[0,-3],[-2,-4],[7,0],[7,-2],[8,1],[6,3],[3,0],[9,1],[20,0],[7,-1],[11,1],[0,-1],[6,2],[17,2],[5,0],[5,1],[16,7],[1,3],[-2,5],[-6,4],[-6,3],[-6,1],[-3,2],[-2,5],[-3,2],[-6,2]],[[7549,7152],[-1,2],[-4,-1],[-1,-4],[1,-3],[5,-10],[1,-9],[0,-7],[3,2],[0,6],[5,8],[3,1],[0,2],[-2,0],[-2,2],[-1,5],[-1,3],[-6,3]],[[7347,7053],[-4,-2],[-6,0],[0,-2],[-4,-2],[-6,-2],[-1,-3],[2,-2],[1,-13],[4,-1],[5,-1],[4,-6],[-1,-2],[-2,-4],[3,-2],[3,1],[8,8],[0,5],[8,5],[-2,3],[10,6],[0,4],[2,1],[1,4],[-10,-1],[-7,2],[-2,1],[-2,0],[-4,3]],[[7448,7002],[-3,-3],[-2,-7],[-2,-2],[-3,-7],[-2,-2],[0,-3],[-4,-5],[0,-4],[3,-2],[2,1],[-3,3],[2,1],[8,-2],[4,-3],[8,-11],[0,-1],[5,-5],[2,-4],[1,0],[3,-2],[1,-4],[3,0],[1,-2],[2,-1],[1,-2],[3,-1],[5,-8],[7,-4],[1,0],[1,-2],[11,-9],[4,-1],[5,-3],[2,2],[4,0],[2,-2],[6,-2],[3,-5],[1,1],[4,0],[5,-1],[4,0],[6,-3],[4,-1],[2,-3],[6,-2],[1,-4],[4,-2],[2,0],[1,-3],[2,-3],[1,-2],[4,1],[2,-2],[4,0],[4,-2],[4,-3],[6,0],[3,-2],[7,-1],[4,-5],[3,-1],[7,-4],[1,-4],[5,-2],[1,-2],[6,0],[5,-3],[2,-2],[6,0],[4,-3],[3,0],[0,-2],[6,-3],[6,0],[1,1],[5,-6],[5,-1],[2,2],[1,-2],[8,1],[6,2],[4,0],[4,3],[0,1],[-2,3],[-2,8],[-5,4],[-6,6],[-1,3],[-2,2],[-4,1],[-1,1],[-4,2],[-3,4],[-2,0],[-6,6],[-7,0],[-4,2],[-5,5],[-1,4],[-2,1],[-1,2],[-3,2],[-8,2],[-5,4],[-8,2],[-13,6],[-9,4],[-3,2],[-2,0],[-6,3],[1,1],[-14,8],[-9,2],[-3,3],[0,1],[-4,2],[-11,5],[-4,1],[-5,2],[-2,2],[-6,5],[-3,2],[-1,4],[-3,0],[-3,1],[-5,3],[-2,2],[-5,2],[-2,1],[-10,7],[-9,6],[-4,1],[0,1],[-5,2],[-1,2],[-2,0],[-1,3],[-9,5],[-12,9],[-4,2]],[[7662,6959],[-2,-3],[3,-3],[0,3],[-2,1],[1,2]],[[7242,6791],[2,3],[-3,0],[0,-3],[1,0]],[[7304,6743],[4,1],[6,-1],[4,4],[-1,1],[6,6],[1,4],[-2,0],[-2,5],[-4,3],[-2,0],[-6,0],[3,8],[2,0],[0,4],[-2,1],[0,2],[2,1],[-2,2],[1,3],[-5,-2],[-14,2],[-9,1],[-6,2],[0,-2],[-5,1],[-3,-1],[1,-2],[-2,0],[8,-4],[-1,-1],[2,-2],[-4,-2],[2,-2],[-4,-2],[-6,0],[-4,-2],[5,-2],[1,-2],[2,-1],[-1,-2],[-3,1],[2,-4],[-2,-2],[-3,-1],[0,-2],[2,-4],[4,-3],[3,1],[0,-2],[5,-2],[2,1],[-1,5],[3,-3],[0,2],[3,2],[4,0],[7,3],[-1,1],[2,3],[4,0],[1,3],[2,1],[6,1],[2,-2],[2,-5],[-2,-2],[-4,-3],[-1,-9],[-2,-1]],[[8217,6370],[-2,-1],[-3,-5],[0,-2],[-1,-8],[0,-3],[-1,-8],[3,-3],[4,0],[5,1],[1,5],[-3,3],[1,5],[-1,9],[1,4],[-2,3],[-2,0]],[[6640,7389],[0,-3]],[[6640,7386],[2,0],[3,-2],[5,1],[3,3],[2,3],[3,1],[3,2],[4,-1],[4,2],[2,-1],[4,0],[-2,-2],[-3,-1],[-4,-4],[-1,0],[1,-3],[-1,-1],[-4,-2],[0,-5],[-3,-1],[0,-5],[0,-2],[4,-2],[0,-2],[-3,-2],[0,-2],[3,-3],[1,2],[4,-1],[2,2],[2,-3],[0,-2],[-5,-1],[-1,-3],[-1,-6],[-6,3],[-2,-3],[0,-2],[4,-3],[-1,-3],[-4,0],[-3,-2],[-1,-4],[1,-3],[-3,-6],[-2,-1],[5,-2],[7,0],[2,-5],[3,0],[1,3],[6,-2],[-1,-2],[4,-4],[0,-3],[-3,-1],[-3,-8],[2,-6],[-6,3],[-5,-2],[-3,2],[-5,-2],[-2,1],[-3,-3],[-2,-5],[1,-3],[-3,-1],[0,-4],[4,-8],[4,-5],[1,-4],[-6,0],[-1,2],[0,-4],[5,-1],[0,-5],[0,-1],[-8,-3],[1,-1],[-4,-3],[-1,-4],[2,-1],[-2,-2],[2,-1],[0,-3],[2,-1],[8,-4],[1,-1],[-3,0],[-1,-4],[0,-3],[-2,-3]],[[6644,7217],[0,-1],[-1,-5]],[[6643,7211],[0,-5],[3,-1],[11,0],[0,3],[3,-2],[-3,4],[-1,4],[2,-1],[0,3],[3,1],[2,0],[0,2],[2,0],[4,-3],[2,3],[3,2],[4,-2],[5,-4],[0,-2],[-1,-3],[4,-6],[5,3],[3,-1],[1,-1],[9,-5],[2,-3],[1,-4],[2,0],[5,-2],[3,-5],[0,-1],[6,-4],[3,-5],[-1,-4],[-2,-2],[-2,0],[1,-3],[1,1],[6,-1],[3,-2],[2,-6],[-2,-1],[8,-1],[1,-2],[0,-2],[-3,-1],[4,-3],[1,1],[3,-2],[5,-4],[-1,-1],[-6,0],[1,-1],[-1,-3],[2,-2],[6,-3],[-1,-2],[4,-2],[0,4],[3,0],[2,4],[0,2],[-2,3],[2,1],[-1,6],[1,5],[-2,6],[0,8],[-1,2],[1,4],[2,1],[0,2],[4,-1],[2,-1],[1,-4],[5,2],[2,4],[-1,3],[-4,0],[2,4],[4,3],[0,2],[1,3],[3,2],[3,-2],[4,-1],[3,2],[4,-3],[1,4],[2,2],[5,-1],[3,1],[5,0],[2,-2],[0,-4],[2,-4],[6,-6],[3,-1],[2,2],[8,0],[4,0],[3,-3],[2,-4],[-2,-4],[5,-1],[5,1],[4,-2],[2,0],[2,-3],[3,-1],[1,-3],[-2,-4],[1,-3],[4,-3],[1,-2],[-3,-1],[2,-2],[2,-3],[4,-1],[3,-9],[0,-5],[-2,-4],[-3,-7],[-2,1],[0,-5],[2,-3],[-3,-3],[0,-2],[-3,-2],[0,-1],[-3,-7],[-4,-4],[0,-5],[-1,-1],[2,-2],[-1,-3],[0,-3],[-2,-2],[-5,-2],[-4,-4],[-4,-2],[1,-3],[-1,-3],[-1,-6],[0,-3],[0,-2],[0,-6],[4,-5],[4,-1],[2,0],[3,2],[0,1],[7,3],[4,5],[3,1],[0,3],[3,3],[8,3],[2,1],[3,2],[1,1],[2,1],[2,4],[4,1],[0,2],[5,2],[3,0],[4,2],[1,0],[5,2],[4,-2]],[[6913,7076],[1,0]],[[6768,7122],[-1,3],[1,3],[-3,3],[1,2],[-5,4],[0,-3],[2,-1],[-3,-4],[3,-7],[-4,0],[-2,-3],[2,-2],[0,-2],[-2,-2],[2,-1],[-1,-3],[1,-12],[-2,-3],[0,-4],[-2,-2],[0,-3],[-4,-1],[4,-4],[1,-4],[-4,-1],[4,-3],[3,1],[-1,-3],[3,-2],[2,-2],[-1,-3],[0,-5],[1,-2],[4,-1],[2,-1],[-1,-7],[2,0],[4,-5],[3,2],[0,2],[-2,0],[-1,2],[4,3],[0,2],[3,1],[1,2],[-1,3],[-2,1],[-2,5],[2,5],[5,3],[8,0],[4,-2],[4,2],[1,2],[-5,1],[-1,5],[-6,2],[-4,-1],[-2,1],[-2,-1],[-4,2],[-2,13],[-2,2],[0,5],[0,2],[-1,6],[1,3],[-1,4],[-4,3]],[[6786,7049],[-3,2],[-2,-1],[1,-3],[3,0],[1,2]],[[6843,7033],[2,1],[-1,4],[-2,-2],[1,-3]],[[9075,6484],[-5,1],[-7,-2],[-6,1],[-4,-1],[-20,-2],[-12,-1],[0,-5],[-2,-6],[2,-11],[11,-12],[10,-7],[5,-2],[9,-7],[3,-7],[3,-8],[0,-4],[-4,-13],[-1,-6],[-5,-11],[-1,-1],[-3,-1],[-5,-4],[3,-5],[-4,0],[-8,-3],[-2,-3],[-5,-3],[-7,1],[-3,-1],[-4,0],[-2,-2],[-4,2],[-5,1],[-5,-2],[-1,-2],[-2,1],[-2,-2],[-3,0],[-4,0],[-2,-2],[-2,1],[1,-4],[-4,1],[-2,2],[-5,0],[-2,3],[-2,1],[3,2],[-2,2],[3,5],[-4,2],[-4,-5],[-2,2],[0,4],[-3,1],[1,-4],[-2,-1],[-6,3],[-1,-3],[-5,2],[-3,-1],[1,4],[-3,-1],[-2,0],[-2,2],[-2,0],[0,-2],[-8,1],[-2,-2],[-3,0],[-4,-3],[-6,2],[-7,-5],[1,-2],[-4,1],[-2,-3],[-3,1],[-7,-6],[-3,2],[-5,-1],[1,-3],[-2,-3],[3,-5],[-1,0],[-4,3],[-2,3],[-4,2],[-5,-1],[-4,-3],[-1,1],[-7,0],[-2,0]],[[8853,6350],[8,-5],[-2,-1],[-1,-4],[4,-1],[2,-1],[0,-2],[-4,-3],[0,-1],[-4,-1],[-6,2],[3,-3],[4,-1],[1,-2],[-2,-2],[-8,-2],[-1,2],[-2,0],[-2,-2],[-2,0],[-5,1],[-3,4]],[[8833,6328],[-16,-9],[-15,-3],[-8,-3],[-4,-2],[-10,-5],[-12,-5],[-3,-2],[-2,-3],[2,-2],[-1,-1]],[[8764,6293],[4,-1],[5,-2],[3,-2],[11,-11],[1,-3],[8,-8],[4,-9],[5,-3],[3,-4],[0,-4],[-2,-3],[-4,-1],[-4,0],[0,2],[-7,0],[-2,-3],[-2,0],[-1,-7],[3,-4],[2,-1],[1,-3],[-2,-2],[-7,-6],[-12,-6],[0,-4],[3,-5],[1,-7],[-1,-4],[-2,-6],[-1,-3],[2,-2],[3,-5],[2,-7],[0,-6],[-2,-5],[-5,-6],[-8,-5],[3,-3],[0,2],[2,-2],[3,2],[4,0],[3,-1],[3,-3],[2,-1],[2,-3],[0,-4],[-2,-1],[3,-2],[3,-5],[0,-3],[7,-7],[5,-6],[3,-1],[3,1],[5,4],[6,0],[2,0],[11,4],[3,2],[5,1],[0,-1],[6,2],[5,3],[-1,1],[2,5],[4,2],[8,2],[5,-1],[4,-5],[2,1],[0,3],[5,4],[8,1],[7,-2],[5,-2],[1,1],[4,-1],[5,-2],[6,-5],[3,-1],[7,-1],[6,-3],[5,-6],[2,-6],[10,-8],[9,-5],[2,0]],[[8959,6097],[1,2],[2,2],[7,5],[9,2],[4,3],[12,3],[8,2],[11,2],[10,5],[10,1],[5,-2],[3,1],[0,1],[6,2],[3,1],[4,0],[-1,-3],[2,0],[6,-3],[2,-2],[2,2],[29,1],[0,-4],[5,-1],[3,-5],[5,0],[2,1],[0,3],[8,2],[6,1],[2,-4],[3,-1],[2,3],[3,-2],[0,2],[3,0],[-2,3],[22,6],[7,2],[8,1],[15,5],[6,-2],[2,-3],[-3,-3],[1,-1],[13,-1],[2,-7],[2,-4],[4,-4],[1,-2],[2,-4],[2,0],[6,1],[2,-1],[3,1],[3,-1],[5,-8],[2,1],[9,3],[7,4],[1,5],[9,3],[3,4],[6,4],[6,2],[11,2],[10,3],[6,3],[19,6],[7,1],[9,0],[13,-3],[7,-1],[6,1],[5,2],[5,4],[3,6],[3,10],[2,11],[4,9],[4,4],[0,2],[1,5],[-1,3],[-2,2],[0,2]],[[9392,6193],[-4,1],[-2,-1],[-8,1],[-3,2],[-1,3],[0,7],[-2,2],[-3,0],[-4,-2],[-2,1],[-11,2],[0,-1],[-7,1],[-6,-3],[0,-1],[-3,1],[-4,-1],[-3,-4],[0,-4],[3,0],[-2,-3],[3,1],[-4,-4],[-2,0],[0,-4],[-5,-4],[-5,2],[-7,1],[-4,-2],[1,-4],[-1,-1],[0,-2],[-3,-1],[4,-3],[-1,-4],[-2,-2],[0,-3],[-3,0],[-3,-4],[-9,-2],[2,-2],[-2,-3],[-4,0],[-3,-2],[-1,-2],[0,-4],[-6,-2],[-2,-3],[-4,-1],[-11,0],[-7,1],[-8,3],[-9,4],[-5,1],[-3,4],[2,0],[2,3],[4,0],[0,5],[-6,4],[-3,0],[-5,2],[5,3],[-4,1],[9,2],[1,1],[2,-2],[2,2],[4,-1],[0,-2],[3,1],[-2,-2],[5,1],[1,3],[-1,3],[2,2],[2,1],[1,4],[4,2],[1,6],[-2,2],[-3,0],[-2,4],[0,1],[-6,0],[-3,0],[-4,4],[-4,2],[-1,4],[2,1],[-4,0],[-2,7],[1,4],[-2,6],[-1,5],[3,8],[1,4],[4,10],[4,7],[5,5],[2,4],[5,5],[4,0],[4,4],[4,0],[2,-2],[9,2],[6,-2],[2,0],[4,-3],[5,-1],[4,0],[9,-2],[3,1],[4,-2],[7,0],[4,-1],[6,0],[8,2],[2,-1],[1,3],[-3,9],[-1,-3],[-5,2],[-2,2],[-3,2],[-5,1],[-3,3],[-1,4],[5,-1],[-1,4],[-5,0],[0,2],[-2,1],[-2,-1],[-7,2],[-4,0],[-3,-2],[-1,-8],[5,-3],[0,-2],[2,-3],[-1,0],[1,-5],[-1,0],[-3,8],[-6,0],[-3,2],[1,2],[-4,1],[0,3],[1,4],[5,2],[-4,3],[3,0],[-3,2],[0,2],[-3,3],[-1,4],[3,-2],[-1,4],[-8,3],[-3,3],[-4,1],[-7,0],[-7,1],[-4,3],[-2,6],[-2,0],[-5,3],[-8,3],[-3,2],[-5,1],[-9,-1],[-3,2],[-2,6],[-2,7],[2,4],[-4,3],[1,4],[-2,5],[1,1],[-2,1],[-3,-1],[-5,3],[0,9],[5,-5],[11,-5],[-5,4],[-5,2],[-6,6],[-1,4],[-8,7],[-2,3],[-2,4],[-1,5],[-6,5],[-3,4],[-2,4],[-1,3],[-2,6],[-3,3],[-6,2],[-4,3],[-1,3],[-2,5],[-3,1],[-1,4],[-3,2],[-2,-1],[-3,1],[-4,-1],[-4,2],[-3,-1],[-4,2],[-3,0],[-4,2],[-5,0],[-2,-1],[-5,2],[-2,2],[-8,2],[-6,3],[-3,5],[-3,2],[-3,5],[-4,2],[-4,4],[0,1]],[[9235,6401],[-2,-3],[3,-3],[3,-2],[4,-5],[7,-5],[9,-3],[3,-3],[5,-6],[7,-4],[6,-4],[3,0],[4,-3],[3,0],[2,1],[1,-2],[6,-4],[3,-1],[3,4],[3,1],[-2,2],[3,3],[-2,1],[2,4],[3,1],[4,-1],[-2,2],[2,0],[3,2],[-2,1],[-6,1],[-4,-3],[-5,0],[-4,1],[-3,-1],[0,5],[-3,-1],[0,5],[-2,3],[-4,2],[-6,1],[1,1],[-3,1],[-2,2],[-7,1],[-6,-3],[-2,2],[0,3],[-2,-1],[-8,4],[-5,0],[-2,-2],[-6,3],[-3,3]],[[9318,6362],[-7,-2],[1,-2],[-5,-4],[5,-3],[-4,-1],[2,-3],[3,-1],[5,-3],[1,-1],[5,-3],[4,-3],[0,-3],[-5,-1],[-3,1],[-1,-4],[0,-4],[-2,-7],[0,-8],[0,-3],[-5,-2],[-2,0],[-2,-2],[6,-2],[-2,2],[6,-1],[-3,-4],[4,-1],[4,-1],[-1,-3],[1,-3],[2,1],[0,-3],[-1,0],[5,-5],[-1,-2],[3,-1],[0,2],[-3,4],[4,0],[-1,2],[2,1],[0,-3],[2,3],[3,0],[0,-2],[-2,-2],[0,-4],[1,-3],[4,-6],[-2,-2],[0,-3],[5,1],[-2,3],[1,1],[4,0],[4,-1],[-1,-2],[3,-1],[0,3],[4,1],[4,2],[4,5],[2,0],[6,-2],[4,1],[-6,8],[-11,7],[-1,1],[-2,4],[-4,4],[-2,4],[1,4],[2,-2],[1,2],[2,1],[4,-1],[-2,4],[4,3],[3,0],[2,4],[1,2],[2,3],[6,3],[4,-1],[2,-2],[3,3],[4,1],[0,4],[1,3],[3,1],[1,2],[0,3],[-4,-1],[-5,3],[-2,-2],[-3,2],[-8,-1],[-2,5],[2,2],[-4,1],[-4,1],[-3,-4],[-7,3],[-1,2],[-2,2],[0,1],[-3,0],[0,-1],[-3,-3],[-1,-1],[-3,-1],[1,2],[-4,2],[2,2],[-9,3],[-1,-2],[-4,1],[-2,2],[-7,1]],[[9403,6341],[-4,-3],[-1,-5],[-4,-2],[-2,-3],[6,-2],[1,2],[2,-1],[5,0],[2,-1],[5,1],[-5,6],[3,2],[-2,2],[-6,4]],[[9425,6329],[-2,-3],[0,-4],[-2,-4],[6,1],[4,2],[3,0],[-1,3],[-3,2],[-5,3]],[[9376,6319],[0,3],[-2,-1],[0,-3],[1,-1],[1,2]],[[9441,6317],[-2,-5],[-3,-3],[-6,-1],[-4,2],[-4,2],[-2,2],[-2,0],[-2,2],[-12,-1],[-7,-2],[-4,0],[0,2],[-12,-2],[-4,3],[-3,-3],[6,-2],[0,-2],[3,1],[2,-1],[2,-2],[0,-1],[-8,-2],[0,-2],[3,-4],[-1,-2],[4,-3],[2,1],[4,-2],[3,-2],[0,-2],[2,-2],[2,0],[11,-5],[1,-2],[7,-5],[5,-1],[5,0],[5,1],[4,0],[8,1],[4,2],[8,0],[-2,-4],[0,-2],[5,-3],[7,-2],[11,-1],[8,-3],[4,2],[10,0],[2,0],[8,6],[5,0],[3,1],[2,3],[3,-1],[-1,2],[4,4],[3,-2],[4,1],[2,1],[0,2],[-6,1],[-3,0],[2,5],[-1,1],[6,1],[2,-2],[3,1],[10,6],[5,-2],[8,1],[-7,3],[-4,5],[-4,-2],[-4,1],[0,1],[-5,1],[-2,-1],[-4,1],[-7,-1],[-2,3],[-6,3],[-11,1],[-6,-2],[3,-2],[1,-1],[2,0],[5,-3],[-7,0],[-2,-1],[1,-4],[-1,-1],[-6,-1],[-3,0],[-2,4],[1,3],[0,3],[-7,2],[0,4],[-3,2],[-4,0],[-4,2],[-4,0],[-1,-2],[-2,2],[-5,-5],[1,-1],[-1,-5],[-5,-8],[-5,-1],[-3,3],[2,4],[-3,1],[1,4],[-4,1],[-3,3],[4,4],[0,2],[2,0],[-5,2]],[[9298,6299],[1,2],[5,0],[-4,2],[-6,1],[1,-4],[3,-1]],[[9620,6236],[0,0]],[[9620,6236],[0,0]],[[9620,6236],[3,1],[3,-1],[3,-2],[3,0],[7,-3],[3,0],[4,-1]],[[9646,6230],[1,0]],[[9647,6230],[10,1],[2,0],[1,-2],[8,-1],[3,3],[3,1],[0,3],[4,1],[-2,2],[-5,6],[3,2],[-1,2],[-4,4],[-3,4],[-5,2],[-4,0],[-3,3],[-2,1],[-7,0],[-6,4],[-3,0],[-3,1],[-2,0],[-7,2],[-2,1],[-3,0],[-6,3],[-6,-1],[-3,-1],[-2,3],[-4,1],[-9,1],[-4,-1],[0,-5],[-5,-1],[-6,-2],[-8,-2],[-5,-2],[-4,-1],[-4,1],[-8,-4],[-8,0],[-7,-1],[-3,-2],[-2,1],[-5,-1],[3,-1],[3,0],[5,-1],[3,-1],[4,-1],[7,-3],[4,-1],[9,-5],[8,-2],[5,0],[3,1],[4,-1],[5,0],[3,-2],[10,1],[1,2],[2,1],[6,-2],[9,-3],[2,-2],[4,0]],[[8549,6713],[-1,5],[3,1],[-2,1],[-2,3],[5,9],[2,0],[0,2],[2,4],[-2,2],[10,3],[6,-1],[0,-4],[2,2],[2,1],[1,4],[3,3],[4,1],[1,5],[-3,3],[-3,4],[0,3],[3,5],[0,2],[-4,4],[-1,5],[-3,5],[0,3],[1,5],[-3,4],[0,4],[4,5],[1,3],[-3,3],[-1,6],[-4,3],[-3,0],[-10,3],[-6,1],[-3,1],[-4,4],[-4,6],[-2,3],[-3,3],[-3,6],[-5,2],[-3,4],[-3,6],[2,4],[-2,3],[2,7],[-1,0],[3,4],[0,2],[5,1],[6,0],[3,-1],[1,3],[-1,1],[-1,5],[-3,4],[0,8],[-3,3],[-5,-1],[-3,0],[-2,3],[-1,4],[-4,2],[-2,0],[-5,-5],[-3,0],[1,-6],[-4,0],[2,2],[-3,-1],[-2,1],[3,4],[-5,-1],[2,2],[4,1],[2,3],[-8,0],[-4,2],[-4,5],[-8,4],[-6,7],[-2,4],[-1,2],[-1,3],[-5,-2],[-9,1],[6,0],[5,0],[2,2],[-5,-1],[-7,2],[-7,6],[-6,2],[-7,7],[-4,8],[-1,3],[-3,2],[-15,3],[-1,-2],[-4,1],[-1,-2],[-3,-1],[-3,0],[-2,3],[-4,1],[6,0],[-1,2],[-5,1],[-7,-1],[-4,1],[0,2],[3,-2],[3,-1],[2,1],[6,1],[5,-3],[2,1],[0,4],[-2,2],[1,6],[-5,3],[-3,-1],[-1,-2],[-3,0],[0,3],[-3,1],[1,1],[3,-1],[0,-3],[2,0],[-1,4],[2,-1],[4,1],[5,-2],[3,1],[-1,1],[-10,2],[-8,3],[-5,3],[-6,4],[-7,7],[-7,8],[-4,4],[-3,5],[-9,-1],[-3,5],[-4,4],[-7,2],[-5,0],[-9,1],[-5,-2],[1,-2],[-3,-4],[-5,0],[-10,3],[-2,-3],[-2,0],[2,3],[5,2],[0,2],[-3,1],[0,2],[-3,1],[-9,-6],[-4,3],[-2,4],[2,4],[3,0],[3,1],[1,5],[-4,5],[-3,-5],[-4,1],[-2,4],[-4,2],[-2,4],[-5,1],[-7,-1],[-2,1],[-2,3],[-7,2],[-4,-1],[-2,-2],[-1,-4],[-4,-3],[0,-1],[-3,-1],[-13,0],[-6,2],[-4,5],[1,6],[2,2],[-1,3],[1,0],[-4,3],[-3,-1],[-8,0],[-6,-2],[-1,-2],[-1,3],[-4,4],[-10,-4],[-3,1],[-4,1],[-3,-1],[1,-7],[3,-5],[4,-9],[4,-4],[1,-2],[3,-2],[6,-5],[0,-2],[3,-3],[-1,-2],[-4,-2],[-9,4],[0,1],[-4,2],[-1,0],[-3,3],[1,3],[-8,2],[-3,-1],[4,-6],[-6,-1],[-2,5],[-3,2],[0,4],[3,0],[-4,7],[-2,0],[-1,-3],[4,-3],[-1,-3],[-6,0],[-2,-2],[-6,-6],[5,-3],[-4,0],[-5,-4],[0,3],[-3,-1],[0,7],[0,2],[3,1],[4,0],[1,2],[-1,3],[-3,-1],[-4,7],[4,1],[-4,5],[0,-1],[-4,-4],[1,-1],[1,-6],[0,-8],[-4,-3],[-5,-1],[-2,3],[-3,-1],[-2,2],[-2,0],[-8,3],[-1,2],[-5,2],[2,4],[12,3],[0,1],[-8,1],[-4,1],[-1,1],[-4,1],[-5,-1],[-5,2],[-2,1],[-6,1],[-2,-1],[-3,2],[-4,1],[-5,3],[-1,-3],[-4,0],[-1,2],[-2,0],[-1,3],[-7,2],[-2,-1],[-3,2],[1,1],[-4,1],[-3,0],[-1,-3],[-2,-1],[-2,1],[-2,4],[-3,1],[2,3],[-4,0],[1,-1],[-2,-2],[-4,0],[-1,2],[-5,-2],[6,-5],[0,-5],[5,-1],[0,-1],[6,-3],[-4,-2],[-1,-2],[-4,1],[-5,0],[-2,2],[-7,9],[0,1],[-5,2],[-4,-2],[1,-1],[-4,-1],[-3,-2],[1,-1],[-11,1],[0,3],[1,1],[-1,3],[-3,-1],[-5,1],[0,-3],[-4,-5],[-3,-1],[-2,2],[-3,0],[-3,-3],[2,-3],[2,0],[-1,-3],[-4,1],[-5,0],[-4,2],[0,-5],[-3,0],[-5,1],[-3,0],[0,-3],[2,-2],[1,-4],[-4,-2],[-5,3],[-2,1],[-1,4],[0,2],[-2,1],[-4,-1],[-2,-2],[4,-1],[0,-2],[-2,-1],[-1,-3],[-3,-3],[3,-2],[-2,-4],[-3,-3],[-8,0],[-2,-3],[-6,-2],[-3,2],[-1,3],[-4,2],[-3,-3],[0,-2],[2,-4],[-3,0],[-3,-5],[1,-9],[-7,1],[-4,-4],[-6,1],[-1,-1],[-1,-3],[1,-2],[5,-5],[0,-2],[2,-4],[5,-1],[5,-6],[2,-1],[1,-2],[-2,-2],[-6,-1],[-4,0],[-3,3],[-4,0],[0,-2],[-3,0],[-3,6],[-5,1],[-2,0],[1,-3],[-4,-1],[2,-4],[-1,-2],[2,-2],[2,0],[4,2],[0,-3],[4,-1],[-8,0],[5,-4],[-1,-2],[2,-3],[0,-3],[-4,-1],[1,-1],[-4,0],[-2,2],[-2,-1],[-1,3],[1,4],[3,3],[-4,3],[-9,-2],[-1,-3],[-2,0],[1,-3],[4,-4],[-2,-1],[3,-2],[-1,-4],[-2,-2],[1,-3],[-1,-3],[2,-1],[1,-4],[-1,-4],[1,0],[3,-4],[6,-6],[3,1],[1,-4],[1,0],[-1,-6],[-2,-1],[0,-4],[-3,-6],[-5,-1],[1,2],[-2,1],[-7,-4],[-2,-3],[-8,-1],[-4,1],[-8,-2],[0,-1],[-3,0]],[[8288,6841],[51,-21],[7,-6],[3,0],[4,-1],[15,-3],[17,-5],[11,-12],[-3,-3],[0,-3],[11,0],[5,-1],[3,1],[2,-2],[2,1],[0,-2],[1,-1],[-1,-2],[2,-4],[-3,-3],[1,-1],[2,-1],[2,2],[4,-1],[3,1],[4,0],[2,1],[4,-1],[1,-2],[4,0],[3,-1],[3,0],[36,-19],[14,-9],[14,-8],[14,-8],[23,-14]],[[8398,7193],[-3,-2],[1,-3],[2,2],[2,0],[-2,3]],[[8420,7186],[5,2],[-2,2],[-4,-3],[1,-1]],[[8441,7189],[-3,-3],[-6,0],[0,-3],[-2,-1],[1,-3],[-1,-4],[-2,-2],[-4,0],[-1,-3],[-4,0],[0,1],[-4,1],[1,-3],[-3,-2],[-4,0],[-5,-1],[-5,-2],[-1,-2],[-6,-3],[1,-4],[1,-1],[4,1],[2,-2],[6,2],[1,1],[3,0],[0,2],[2,2],[3,1],[6,-1],[3,1],[5,0],[1,-2],[-3,0],[-3,-4],[3,0],[5,2],[4,0],[-4,11],[3,1],[6,-1],[1,1],[6,-1],[0,2],[2,3],[-7,-1],[-3,3],[0,3],[3,1],[2,1],[2,0],[0,5],[2,0],[1,1],[3,2],[-10,0],[-2,1]],[[8430,7184],[-2,3],[-5,-1],[7,-2]],[[8466,7158],[-5,1],[-3,-1],[0,-3],[4,0],[3,1],[1,2]],[[8478,7157],[0,-2],[5,-1],[2,2],[-3,0],[-4,1]],[[8430,7153],[0,-2],[2,1],[-2,1]],[[8432,7150],[-2,-1],[-7,-2],[-4,0],[-2,-1],[1,-3],[5,-4],[4,3],[5,-2],[0,-3],[-2,-2],[5,-1],[10,-5],[1,-2],[9,1],[3,-1],[0,-2],[3,-1],[7,2],[2,1],[-2,1],[-1,1],[-5,2],[-5,2],[-4,-1],[-2,3],[-5,0],[-1,4],[-2,2],[-3,0],[-3,0],[-3,2],[2,0],[1,4],[-5,3]],[[8480,7146],[-5,-1],[0,-3],[1,-1],[2,2],[7,1],[1,-1],[4,-1],[1,-1],[8,2],[3,-1],[7,1],[-6,1],[-1,-1],[-8,1],[-1,2],[-4,1],[0,-2],[-3,-1],[-6,2]],[[8417,7134],[-2,0],[5,-2],[2,1],[-1,2],[-4,-1]],[[8312,7124],[-6,4],[-3,6],[-2,1],[-3,-3],[2,-5],[2,-2],[0,-4],[2,-3],[2,-4],[3,-2],[5,-2],[0,9],[-2,5]],[[8441,7103],[3,-2],[5,-2],[3,0],[2,2],[-3,2],[-2,-1],[-5,1],[-3,0]],[[8107,7084],[-2,-1],[2,-3],[0,4]],[[8091,7070],[-6,0],[-2,-3],[9,2],[2,1],[-3,0]],[[8417,6992],[-6,0],[-1,-3],[0,-5],[-2,-4],[1,-5],[3,-1],[-2,-1],[2,-2],[2,1],[13,-1],[4,-2],[-1,2],[-8,3],[-5,4],[-3,4],[-1,5],[4,5]],[[8443,6979],[-4,-1],[5,0],[-1,1]],[[8409,6973],[2,0],[-2,2],[0,-2]],[[8407,6973],[-2,0],[-3,-2],[1,-3],[2,0],[2,2],[0,3]],[[8540,6925],[3,-3],[1,-5],[5,-4],[0,-4],[3,-3],[2,-5],[4,1],[-3,4],[1,7],[1,3],[1,3],[-1,5],[-11,1],[-6,0]],[[8571,6894],[1,2],[-3,1],[-1,-3],[3,0]],[[8582,6889],[0,4],[-4,4],[-3,-1],[-2,-4],[5,0],[4,-3]],[[8594,6895],[-2,1],[-5,-4],[-1,-3],[4,0],[3,-2],[9,-2],[3,2],[-6,1],[-2,4],[-3,3]],[[8557,6882],[-2,-2],[3,-2],[6,0],[1,1],[1,4],[-3,1],[-6,-2]],[[8577,6872],[-2,-2],[2,0],[0,2]],[[8592,6865],[-6,-1],[-4,-3],[1,-3],[5,-1],[3,-2],[7,-1],[1,-1],[2,3],[-2,4],[-2,3],[-5,2]],[[8713,6828],[0,0]],[[8713,6828],[0,0]],[[8713,6828],[0,0]],[[8713,6828],[4,0],[2,-2]],[[8719,6826],[0,0]],[[8719,6826],[0,0]],[[8719,6826],[2,-2],[-5,-2],[-2,2],[-3,-1],[2,-2],[1,-4],[1,0],[3,-5],[-2,-4],[9,-2],[1,1],[3,-1],[6,-3],[0,2],[8,-4],[2,0],[0,2],[3,0],[3,-2],[-4,-1],[0,-2],[-2,-1],[1,-2],[-2,-1],[5,-1],[4,-3],[-1,2],[3,1],[5,-1],[2,-5],[4,-3],[1,-2],[1,0],[3,-2],[2,0],[3,-2],[2,1],[4,0],[2,2],[5,-2],[2,1],[2,0],[0,3],[3,3],[2,-1],[-1,3],[-1,0],[2,3],[-2,0],[0,3],[2,-2],[2,3],[3,0],[0,5],[3,4],[1,3],[1,-7],[1,0],[2,5],[0,2],[3,3],[1,4],[1,-3],[3,1],[0,-2],[3,-1],[-2,-2],[2,-4],[-2,0],[1,-5],[-6,-4],[1,-2],[-3,-4],[1,-2],[-3,1],[-1,-2],[-4,-2],[0,3],[-2,0],[0,-2],[-3,-3],[0,-2],[-3,-2],[0,-3],[-5,0],[-2,-3],[-3,-1],[-5,-4],[-6,-5],[-7,2],[1,-5],[-3,-6],[6,-7],[-1,-1],[3,-2],[2,-5],[2,-4],[2,0],[8,-4],[2,-6],[4,-5],[0,-3],[3,-3],[0,-4],[2,-1],[3,1],[-1,-3],[1,-7],[1,-2],[-1,-1],[0,-5],[2,-4],[-3,1],[-4,-7],[-2,-2],[-6,-5],[-12,-6],[-2,0],[-2,2],[-1,0],[0,-3],[-4,-2],[1,-3],[-3,-1],[-2,-2],[-2,-1],[-3,-5],[-2,-2],[-6,-4],[-10,-2],[-3,0],[-6,-3],[-8,2],[-2,-2],[4,-1],[-1,-2],[-4,-2],[-7,-1],[-7,-1],[-9,-1],[-1,1],[-5,-1],[-12,0],[-15,1],[-20,1],[-13,0],[-6,0],[-9,-1],[-10,-1],[4,-4],[-6,-1],[-4,3],[-1,2],[3,4],[-2,3],[-8,3],[-10,2],[-14,5],[-10,5],[-3,1],[-5,3],[-10,5],[-6,2],[-3,2],[3,5],[-1,2],[1,4],[-3,3],[1,3],[3,2],[-2,3],[2,7],[-2,1],[2,1],[3,5],[2,1],[1,5],[2,0],[0,3],[3,0]],[[8053,6791],[3,-2],[1,1],[7,-2],[5,-3],[-3,-7],[-7,-2],[-3,-2],[8,-2],[-1,-1],[4,-4],[0,-3],[1,-2],[4,-2],[15,-3],[4,-1],[3,0],[-1,-2],[7,1],[2,2],[4,0],[10,-3],[3,-3],[3,-1],[5,-4],[3,-1],[1,-1],[4,3],[4,0],[2,-2],[-4,-1],[-2,-1],[1,-4],[5,-4],[1,-3],[5,0],[2,-3],[0,-3],[2,-3],[-4,-3],[1,-2],[-3,0],[-5,-3],[-3,0],[0,-2],[4,0],[1,1],[8,-3],[0,-5],[2,-1],[0,-4],[8,-1],[4,-3],[1,-3],[2,-1],[7,0],[4,-2],[0,3],[-2,2],[2,7],[-1,2],[3,1],[1,-2],[5,1],[5,-2],[3,-4],[3,-1],[1,-2],[4,1],[2,4],[5,-1],[6,-3],[5,1],[0,-1],[9,-3],[5,-2],[4,-3],[2,0],[7,-3],[-5,1],[-1,-2],[3,-1],[1,-1],[-1,-3],[2,-1],[6,1],[3,-1],[2,-3],[4,-1],[3,1],[1,-1],[-2,-2],[-11,0],[-2,0],[-1,-1],[-6,-1],[-2,2],[-2,-4],[12,0],[5,1],[8,0],[5,-1],[-2,-4],[14,-8],[6,-1],[9,-4],[4,-3],[5,-1],[6,-1],[4,-1],[3,-3],[7,-4],[3,0],[3,-2],[-1,-3],[5,-4],[0,-3],[2,-2],[5,-1],[4,1],[1,-2],[-4,-2],[4,-5],[3,-2],[2,-5],[2,0],[2,-3],[-3,-2],[-2,-4],[-5,-2],[-3,-1],[-3,3],[-3,0],[-2,-5],[-3,0],[-4,-3],[-1,-3],[0,-3],[-2,-2],[-1,-4],[-6,-4],[-9,0],[-1,-1],[-7,1],[-3,2],[-4,0],[2,-2],[5,-2],[5,-1],[2,1],[4,-1],[7,-2],[4,0],[4,-2],[2,-7],[6,-3],[3,-4],[3,-2],[10,-5],[3,-3],[10,-4],[2,-3],[-2,-1],[6,-2],[2,-2],[6,-2],[0,-4],[3,-4],[12,-2],[8,-2],[3,-4],[4,-3],[2,-1],[4,-3],[5,-1],[12,-1],[10,-3],[1,-1],[9,-4],[5,-6],[4,-3],[0,-1],[6,-5],[2,1],[13,-1],[6,0],[4,1],[10,-3],[9,-4],[10,-4],[2,-3],[6,-1],[3,3],[-1,1],[6,1],[8,-3],[4,-3],[3,0],[5,-2],[2,-1],[6,-3],[2,-3],[10,-2],[2,0],[8,-2],[6,-3],[2,-1],[5,-1],[3,0],[8,-3],[4,-2],[2,0],[8,-4],[1,-4],[5,-2],[7,2],[7,-2],[5,-3],[5,-1],[1,-2],[7,-3],[4,-2],[7,-4],[10,-8],[3,-5],[0,-4],[-2,-1],[1,-3],[1,0],[4,-3],[-3,0],[4,-2],[0,-4],[-5,-2],[0,-2],[2,-3],[5,-9],[-3,-2],[0,-4],[1,-4],[3,-3],[0,-4],[3,-2],[2,-3],[2,-1],[3,-3],[6,-3],[4,-6],[4,-7],[4,-12],[0,-4],[8,-3],[5,-6],[5,-2],[6,-5],[6,-3],[6,-1],[6,-3]],[[8833,6328],[-4,5],[1,4],[-3,0],[0,-3],[-4,0],[0,-1],[-2,-2],[-5,0],[1,2],[0,3],[-9,7],[3,5],[1,5],[2,4],[8,8],[6,0],[8,0],[4,-1],[7,-4],[7,-2],[4,-3],[3,-3],[-2,-1],[-4,0],[-2,-1]],[[9075,6484],[1,4],[-2,2],[1,1],[-3,2],[0,2],[-5,4],[-4,-1],[-4,1],[-3,3],[0,3],[2,2],[-5,-1],[-9,7],[-5,0],[-4,-3],[-7,-1],[-2,-2],[-3,-2],[-2,5],[-7,0],[-5,3],[-2,3],[0,4],[-1,3],[7,7],[5,2],[9,10],[-7,-1],[-1,2],[3,0],[-8,3],[-3,4],[0,8],[4,13],[5,8],[6,12],[3,5],[3,9],[5,8],[3,3],[9,8],[6,5],[7,2],[-9,-2],[-1,1],[8,4],[4,1],[2,-2],[5,1],[10,-2],[7,-1],[5,-1],[5,-1],[9,-2],[9,-3],[2,0],[6,-3],[3,-1],[2,-2],[4,3],[4,4],[5,3],[3,0],[13,-1],[1,1],[7,-1],[2,-2],[6,-3],[4,-1],[8,0],[3,-2],[5,2],[7,-1],[3,-1],[5,-1],[2,-1],[7,2],[3,0],[4,-2],[4,-1],[1,-1],[3,0],[2,-1],[3,0],[4,-2],[3,0],[4,-3],[4,-1],[3,0],[6,-1],[3,0],[2,-1],[3,-2],[7,1],[8,0],[4,2],[5,0],[3,4],[3,0],[4,2],[2,3],[5,1],[1,2],[3,3],[3,1],[1,2],[6,1],[4,6],[-2,1],[0,2],[5,1],[2,3],[7,1],[6,-2],[1,2],[2,1],[0,-2],[-2,-2],[5,-1],[3,-3],[6,1],[0,-2],[4,0],[7,1],[1,2],[12,-3],[5,-2],[8,-3],[-2,3],[-3,1],[-2,4],[4,2],[5,2],[1,-1],[6,-1],[-1,-1],[2,-3],[5,-2],[0,2],[5,-1],[1,-1],[7,0],[3,-2],[-3,-3],[2,-3],[3,0],[1,-3],[2,2],[1,3],[3,0],[0,3],[-2,1],[-5,5],[1,2],[2,-1],[2,3],[0,1],[3,3],[-3,0],[-3,2],[-3,1],[2,3],[1,5],[-5,1],[-2,-3],[-3,0],[-3,2],[-9,0],[5,2],[2,3],[-3,1],[0,4],[-6,0],[0,3],[-7,-2],[-1,2],[4,1],[1,2],[2,4],[2,1],[1,-1],[1,2],[-4,0],[0,3],[-3,4],[-6,0],[-4,-2],[-3,-1],[-2,1],[-3,-1],[-5,1],[-4,2],[-2,-1],[-11,2],[-3,1],[-5,1],[-4,3],[-4,1],[0,3],[-2,-2],[-3,3],[-1,4],[-2,2],[-4,2],[-3,3],[-4,-1],[-2,-3],[-4,0],[-1,-2],[-5,-1],[0,-3],[-3,-1],[-1,4],[-4,0],[-6,3],[-1,1],[-6,1],[-1,3],[-4,-1],[-2,1],[-7,0],[-2,1],[-3,4],[-2,1],[-7,4],[0,5],[-4,0],[-5,-4],[-3,2],[-5,1],[-5,4],[-3,-1],[3,2],[0,2],[2,3],[-2,-1],[-2,2],[-3,1],[1,-3],[-4,0],[-3,1],[-3,3],[-4,0],[-2,2],[-3,1],[-2,5],[-3,6],[-4,2],[-3,5],[-3,-6],[-2,0],[1,4],[-3,2],[-2,5],[2,0],[-5,3],[0,3],[3,0],[-1,4],[-7,9],[0,2],[-3,3],[0,1],[-5,2],[-1,2],[-3,0],[-6,2],[0,-5],[3,1],[3,-3],[-1,-4],[6,-3],[-2,-3],[-2,1],[-7,-3],[1,0],[-5,-3],[0,-2],[2,0],[1,-3],[1,-1],[-1,-4],[-3,-5],[3,0],[-1,-2],[-2,1],[-5,-5],[-5,-1],[-8,0],[1,-1],[-5,-1],[-1,1],[-10,2],[-4,1],[-2,3],[3,1],[-1,2],[-3,0],[1,-2],[-3,0],[1,-2],[-6,1],[-1,2],[-2,-1],[-5,0],[1,-4],[-4,-2],[-5,1],[-6,4],[-4,-1],[-4,2],[-2,0],[-2,1],[-7,1],[-3,0],[-6,1],[-4,0],[0,2],[-3,3],[-4,-2],[0,1],[3,2],[-2,3],[-3,1],[4,1],[-3,2],[-2,-3],[-3,1],[1,2],[-3,0],[-3,-1],[0,-2],[3,-2],[0,-2],[-4,-1],[-3,1],[3,2],[-4,3],[-2,0],[2,2],[-2,1],[0,3],[-2,1],[-2,-2],[-4,1],[-3,2],[-4,0],[-4,3],[1,1],[-6,3],[0,-2],[-4,1],[1,2],[-3,0],[-1,-2],[3,-4],[-4,-2],[-1,0],[2,-3],[2,0],[1,-3],[-2,-2],[-1,2],[-6,1],[-1,3],[-5,0],[0,-1],[-8,-1],[-2,-2],[1,5],[-1,-1],[-1,3],[3,2],[1,3],[-2,1],[-7,-1],[1,-1],[-6,1],[1,-2],[-3,-1],[-1,-3],[-2,-1],[1,4],[-3,-1],[0,-2],[-3,-2],[-3,-3],[-3,0],[2,3],[1,2],[-3,2],[-3,-1],[0,4],[2,1],[2,2],[4,1],[0,2],[4,5],[-4,0],[-3,-3],[-4,1],[-5,3],[1,1],[-4,3],[-2,2],[-6,0],[-1,2],[0,3],[-1,2],[-7,-2],[-3,2],[-5,1],[-1,1],[-3,-2],[-3,3],[1,-7],[-1,0],[1,-4],[-3,2],[-1,-2],[1,-6],[2,-6],[3,1],[4,0],[1,2],[1,-2],[0,-3],[-4,0],[-3,-2],[1,-2],[-2,-3],[2,-1],[-3,0],[-5,-2],[-2,2],[0,3],[-10,1],[1,-4],[-3,0],[-1,3],[-1,-3],[-3,2],[0,3],[2,2],[2,0],[-3,2],[-5,1],[-4,-1],[-1,4],[1,1],[-1,2],[-6,1],[1,2],[3,1],[-1,1],[5,1],[0,3],[-4,0],[1,5],[3,1],[0,3],[-2,1],[1,4],[-2,8],[-5,0],[-5,3],[-1,-3],[1,-3]],[[8882,6817],[0,-1]],[[8882,6816],[0,0]],[[8882,6816],[0,0]],[[8882,6816],[-2,-1]],[[8880,6815],[-1,0]],[[8879,6815],[0,0]],[[8879,6815],[0,0]],[[8879,6815],[0,0]],[[8879,6815],[0,0]],[[8879,6815],[0,1]],[[8879,6816],[-2,3],[-3,1],[0,5],[3,-1],[1,2],[4,0],[1,3],[2,0],[-4,2],[1,1],[-2,3],[1,2],[-4,2],[-1,-2],[-4,1],[-3,-1],[-6,0],[0,1],[8,2],[1,2],[1,4],[-1,3],[0,2],[-5,2],[3,1],[-3,2],[-7,-5],[2,-2],[-3,-1],[-4,1],[2,-3],[-3,0],[-1,1],[-4,0],[-2,-2],[-4,-2],[2,-1],[-1,-2],[2,-2],[-3,-1],[-1,1],[-3,-2],[-3,1],[-3,-2],[-1,2],[-2,1],[1,3],[2,0],[1,3],[-4,-1],[-3,1],[0,-1],[-3,-3],[1,4],[-1,1],[2,3],[2,4],[6,0],[-3,3],[2,1],[-1,2],[4,0],[1,-4],[2,1],[-1,4],[1,2],[2,-3],[8,1],[2,-2],[3,0],[0,3],[-2,2],[-5,-1],[-5,3],[-1,3],[-5,3],[-1,5],[3,2],[2,1],[0,8],[-3,0],[-2,4],[1,3],[-4,1],[-5,-1],[-2,1],[3,1],[0,3],[-4,2],[-1,3],[-2,1],[1,3],[-3,0],[1,-5],[-3,-3],[-6,-1],[0,-4],[13,-2],[2,-4],[-4,-1],[2,-4],[3,-2],[-2,-1],[-5,0],[-2,1],[-12,-2],[-6,1],[-2,2],[-2,0],[-5,-2],[3,-4],[-2,-2],[2,-4],[4,-3],[0,-2],[6,-4],[-1,-2],[-5,0],[-6,0],[-1,4],[-2,1],[-8,3],[-1,2],[1,3],[-6,4],[-6,1],[-8,5],[-5,2],[-4,0],[-3,0],[-9,0],[-2,-1],[9,-5],[3,-4],[1,0],[7,-5],[2,-5],[2,-5],[-1,-2],[4,0],[1,-2],[-7,-2],[-4,2],[-2,-2],[-5,-1],[-9,-3],[-5,2],[-5,1],[-3,2],[-4,-3],[-8,-2],[6,-1],[2,1],[7,0],[4,-1],[2,-2],[3,0],[2,-2],[2,1],[5,-4],[0,-4],[-6,-1],[3,-1],[-2,-2],[1,-2],[-3,1],[-7,0],[-3,-1],[-4,2],[-3,-1],[-5,1],[-1,1],[-2,-1],[-3,0],[1,-5]],[[9045,6535],[-1,0],[-6,-4],[1,-2],[8,-4],[3,0],[3,3],[-4,0],[0,1],[-1,3],[-3,3]],[[9464,6624],[-1,-2],[3,1],[-2,1]],[[8728,6648],[-2,0],[1,-3],[3,3],[-2,0]],[[8754,6663],[-1,2],[-3,0],[4,-2]],[[9454,6668],[0,-2],[2,-1],[0,2],[-2,1]],[[8761,6669],[-5,-1],[-4,0],[2,-2],[2,1],[5,2]],[[9414,6670],[-2,-2],[2,-3],[2,1],[3,3],[-4,-1],[-1,2]],[[9450,6674],[0,0]],[[8240,6673],[-3,0],[-2,-2],[-4,2],[-2,-1],[-4,0],[-4,-2],[3,-1],[0,2],[3,-2],[11,0],[2,4]],[[9450,6674],[2,-1],[2,3],[-4,3],[-2,-4],[2,-1]],[[9361,6694],[-1,-2],[4,2],[-3,0]],[[9323,6703],[-2,-1],[0,-2],[3,1],[-1,2]],[[9317,6717],[-2,-3],[-8,0],[4,-2],[-2,-2],[5,0],[3,-4],[2,0],[-1,4],[2,3],[-3,4]],[[9309,6720],[-3,0],[-1,-2],[3,-2],[1,4]],[[9336,6733],[-1,-2],[3,2],[-2,0]],[[9324,6734],[-3,-1],[2,-3],[0,-2],[2,1],[4,4],[-2,-1],[-3,2]],[[9233,6737],[-2,-1],[0,-1],[4,0],[-2,2]],[[9306,6740],[-1,-1],[0,-4],[1,-1],[2,1],[0,4],[-2,1]],[[9275,6740],[0,-2],[3,1],[-3,1]],[[9299,6744],[-2,1],[-1,-3],[-4,-3],[7,-1],[2,-2],[3,4],[-5,4]],[[9323,6746],[-1,0],[-4,-2],[1,-5],[-4,-1],[-5,-1],[-2,-4],[3,-4],[1,2],[3,-1],[-1,-1],[2,-2],[3,0],[-2,1],[-1,4],[2,1],[1,3],[-1,1],[1,1],[1,3],[2,2],[3,1],[1,2],[-3,0]],[[9306,6748],[-3,0],[2,-2],[-1,-4],[3,1],[2,4],[-3,1]],[[9324,6749],[-6,-2],[2,-1],[4,3]],[[9256,6751],[-2,-1],[-1,-2],[-4,-2],[7,-4],[2,0],[0,-1],[-1,-2],[0,-2],[-3,1],[1,-3],[4,0],[2,3],[3,0],[1,1],[-2,2],[-1,2],[-4,3],[0,1],[-3,2],[1,2]],[[9102,6759],[0,-2],[4,0],[-4,2]],[[9057,6782],[-2,-2],[-2,0],[-1,-1],[3,-1],[4,-4],[3,0],[5,0],[0,-2],[4,-2],[0,3],[2,-1],[0,3],[-2,2],[-8,1],[-6,2],[0,2]],[[9319,6795],[-2,0],[-5,-2],[3,-1],[6,3],[-2,0]],[[8991,6801],[-2,-1],[-1,-2],[1,-2],[3,4],[-1,1]],[[9016,6801],[-4,-1],[-2,-2],[3,0],[3,3]],[[8735,6802],[-1,-2],[4,0],[-3,2]],[[8924,6806],[-3,-2],[4,1],[-1,1]],[[9326,6807],[-5,-3],[1,-1],[-1,-3],[7,0],[-1,-3],[-2,-3],[6,2],[3,-2],[5,1],[-8,5],[0,2],[-3,2],[-2,3]],[[8999,6807],[-6,-1],[1,-3],[5,2],[0,2]],[[9052,6809],[-3,-1],[0,-2],[-6,-2],[-4,0],[1,-2],[-1,-2],[-2,2],[-2,-3],[-2,0],[8,-4],[0,-2],[3,2],[1,0],[-4,-3],[3,-1],[-3,-2],[1,-2],[4,-3],[1,-2],[3,-1],[1,2],[-1,3],[-4,2],[-1,3],[2,0],[-1,2],[3,0],[1,2],[3,2],[0,2],[-3,2],[1,5],[1,3]],[[8708,6809],[5,-4],[3,-1],[1,1],[-3,2],[-6,2]],[[9025,6814],[-2,-1],[3,-1],[6,-4],[1,2],[-4,1],[-4,3]],[[9022,6815],[-4,-1],[1,-2],[4,0],[-1,3]],[[9286,6815],[0,-3],[1,-1],[0,-5],[-2,-1],[0,-2],[2,-3],[0,-3],[-2,-4],[-7,-1],[-2,-2],[7,-2],[2,-1],[0,-2],[-3,0],[0,-2],[4,-2],[1,-3],[-7,2],[-1,-4],[3,0],[1,-2],[1,-4],[-4,-3],[2,-2],[5,1],[2,1],[3,-1],[0,-2],[2,-2],[0,-4],[-2,-1],[5,-5],[3,-1],[5,2],[1,4],[2,0],[0,3],[-2,2],[-2,6],[-1,7],[1,3],[-2,2],[-2,4],[2,5],[-2,1],[0,2],[4,-3],[2,2],[-2,2],[1,2],[-3,1],[1,2],[-2,1],[0,7],[6,2],[-2,3],[1,1],[-6,0],[-1,1],[-2,-1],[-4,0],[-5,1],[-2,2]],[[9117,6815],[-3,3],[-2,-3],[2,-3],[0,-3],[5,-1],[-2,3],[1,3],[3,-2],[3,-1],[-1,-3],[2,-2],[0,-5],[4,-3],[-1,-1],[4,-5],[-3,-2],[-4,3],[-3,7],[-4,0],[-3,4],[-3,0],[-4,1],[-1,-3],[2,0],[2,-6],[-3,0],[-4,1],[-2,5],[-2,-2],[-2,1],[-1,-3],[-3,-1],[3,-2],[0,-3],[6,-3],[-7,0],[-1,-2],[-3,0],[0,4],[1,0],[-1,3],[-4,1],[-3,0],[1,-1],[-2,-2],[-6,-1],[-1,3],[3,-1],[0,3],[0,3],[3,4],[-2,0],[-3,-1],[1,-4],[-5,-5],[1,-4],[-2,0],[8,-3],[-3,-1],[-1,-1],[-7,-1],[4,-4],[8,-2],[-1,-2],[-4,1],[1,-5],[1,-2],[-4,-1],[7,0],[2,3],[4,-1],[-2,-1],[6,-1],[5,0],[-3,-1],[1,-2],[-4,0],[-1,-1],[6,0],[3,-1],[1,3],[3,2],[7,1],[2,-1],[3,3],[3,0],[3,1],[3,7],[6,4],[7,0],[7,2],[5,3],[1,3],[0,5],[-2,0],[0,3],[-5,6],[-2,2],[-1,-4],[-2,-1],[-5,0],[-3,5],[1,1],[-3,3],[-1,0],[-7,5],[-3,-1]],[[9294,6820],[-2,-1],[1,-2],[2,2],[-1,1]],[[8997,6822],[-3,-2],[-1,-4],[-3,-1],[0,-4],[3,0],[2,2],[1,-1],[6,4],[2,4],[-2,-2],[-5,3],[0,1]],[[9033,6826],[-2,-2],[-3,-1],[7,-2],[2,0],[5,-5],[1,-3],[3,-1],[0,-2],[4,-2],[2,2],[-1,2],[1,0],[0,4],[3,2],[0,3],[-5,-3],[-2,0],[-6,4],[-5,0],[0,1],[-3,1],[-1,2]],[[9112,6827],[0,-3],[-2,-2],[2,-2],[2,0],[1,4],[-3,3]],[[8993,6832],[-2,-2],[2,1],[0,1]],[[8697,6853],[-2,-1],[-3,-4],[3,0],[2,1],[6,-1],[6,2],[-4,1],[-8,2]],[[8781,6924],[-6,-1],[-2,-4],[6,-5],[9,-2],[3,-3],[6,-9],[1,-5],[2,0],[2,6],[5,1],[1,2],[-1,4],[2,0],[0,3],[-2,0],[-1,-1],[-3,0],[-1,3],[1,2],[-3,1],[-1,3],[-5,2],[-8,2],[-5,0],[0,1]],[[9604,6765],[-2,-1],[-3,2],[0,-4],[2,0],[3,-4],[-3,-2],[-2,-2],[-3,-2],[-3,-5],[-2,-1],[-3,2],[1,-3],[3,-2],[-1,-5],[4,0],[2,-1],[0,-3],[-1,-7],[1,-2],[-2,-5],[-1,-4],[-1,-4],[0,-6],[0,-6],[1,-6],[0,-6],[2,-4],[-2,-6],[-7,-8],[1,-8],[-1,-2],[-5,-9],[-5,-3],[-1,-2],[-11,-4],[-3,-3],[2,0],[3,-3],[-1,-5],[-5,-4],[0,-5],[-3,-2],[-2,-4],[-5,-3],[-4,-1],[-4,-1],[-3,-1],[-5,-1],[-3,1],[-4,-2],[-3,0],[-5,-3],[-1,-4],[-6,-2],[-4,-2],[-1,0],[-1,-5],[-3,0],[-4,-2],[2,-2],[-3,-1],[-5,2],[-3,-2],[-5,-1],[2,-1],[0,-3],[4,-1],[1,-2],[2,0],[0,-3],[2,0],[6,-7],[0,-3],[7,-4],[2,0],[1,-2],[6,-5],[0,-6],[2,-3],[-9,0],[0,-1],[-3,0],[0,-3],[6,-1],[3,-3],[4,0],[2,2],[6,3],[4,-1],[5,2],[2,-2],[9,-1],[7,-2],[3,-3],[7,0],[4,-2],[1,-3],[6,-2],[2,-1],[1,-1],[3,-2],[3,0],[4,-2],[6,-1],[6,-5],[3,-5],[0,-3],[12,-7],[0,-2],[6,-4],[7,-3],[-1,-3],[6,2],[3,-3],[4,-2],[0,-2],[3,-2],[7,-1],[11,-1],[3,0],[5,4],[-3,5],[-2,4],[-3,4],[1,5],[2,5],[4,5],[7,2],[5,2],[-1,3],[5,3],[4,5],[5,-1],[1,3],[7,4],[9,1],[16,2],[9,-1],[11,0],[10,-2],[7,-1],[4,-3],[-2,-7],[4,-2],[-1,-3],[2,-3],[-2,-1],[-1,-2],[3,-1],[1,-2],[-1,-3],[6,0],[5,-4],[3,2],[7,-3],[5,3],[-6,1],[-1,-1],[-4,3],[-2,0],[-4,1],[0,3],[5,3],[2,2],[2,-1],[0,2],[-2,1],[-1,3],[8,0],[2,-1],[2,2],[-2,2],[1,3],[-1,1],[-1,3],[1,4],[2,3],[3,-2],[2,1],[-4,3],[3,4],[0,3],[-3,0],[0,3],[2,2],[-2,-1],[-2,3],[2,1],[-2,2],[0,2],[3,1],[-3,6],[-2,2],[-1,2],[3,1],[3,5],[9,1],[0,1],[6,5],[4,0],[-1,-2],[3,2],[2,0],[5,3],[3,-4],[-2,-3],[1,-5],[2,0],[0,2],[3,0]],[[9837,6576],[0,0]],[[9837,6576],[0,0]],[[9837,6576],[1,0]],[[9838,6576],[0,1]],[[9838,6577],[0,0]],[[9838,6577],[0,0]],[[9838,6577],[0,0]],[[9838,6577],[3,2]],[[9841,6579],[0,0]],[[9841,6579],[2,2],[5,0],[2,-2]],[[9850,6579],[0,0]],[[9850,6579],[5,1],[-1,3],[3,0],[2,2],[3,-1],[2,4],[3,-1]],[[9867,6587],[2,3],[-10,1],[0,4],[3,0],[0,3],[1,4],[-6,3],[-5,-1],[-6,3],[-4,0],[1,3],[0,2],[1,2],[6,2],[0,3],[-6,0],[-6,2],[0,5],[2,1],[4,0],[0,3],[1,1],[-4,3],[1,2],[3,0],[6,5],[1,1],[-1,4],[-3,0],[-2,3],[3,1],[2,0],[4,0],[6,0],[-3,2],[-1,3],[-3,0],[1,2],[3,0],[-3,2],[-1,4],[-7,4],[-1,3],[2,2],[4,1],[2,-2],[3,0],[1,3],[3,0],[6,-2],[2,0],[2,3]],[[9871,6675],[0,0]],[[9871,6675],[-1,1],[2,6]],[[9872,6682],[0,0]],[[9872,6682],[0,0]],[[9872,6682],[1,2],[-3,-2],[-3,1],[0,2],[1,2],[0,4],[-2,3],[1,2],[-2,-1],[-3,0],[0,3],[3,-1],[1,2],[-3,2],[-2,-1],[-1,3],[2,2],[2,-1],[3,2],[0,2]],[[9867,6708],[0,3],[-4,2],[-6,-2],[-1,-1],[-3,0],[-2,2],[2,2],[4,2],[3,2],[-1,2],[3,1],[3,-2],[2,1],[6,0],[-4,5],[-1,3],[-8,-1],[-2,1],[-3,-1],[-3,1],[1,3],[7,-1],[3,3],[1,-1],[3,1],[-2,3],[-2,-1],[-3,3],[0,3]],[[9860,6741],[-1,0]],[[9859,6741],[1,2],[-4,4],[-1,-2],[2,-2],[0,-1],[-3,-2],[-3,0],[-1,2],[2,1],[-4,4],[3,5],[-5,1],[1,-5],[-2,-1],[-1,-8],[-2,-2],[-3,2],[1,3],[-1,7],[1,2],[-2,3],[-5,-3],[1,-1],[-4,0],[-3,1],[0,4],[-6,-1],[-4,3],[2,2],[-1,1],[-6,1],[-1,2],[-3,2],[3,2],[-3,5],[5,4],[-4,-1],[-2,2],[-1,2],[3,2],[-3,4],[0,2],[-4,-1],[1,-1],[-3,-1],[-1,2],[-3,0],[-7,-1],[-1,-3],[-2,-1],[-1,2],[-2,-4],[1,-2],[-2,-1],[-3,-3],[1,-2],[-3,-1],[1,-2],[-3,-3],[4,-7],[-3,1],[-7,-3],[-2,1],[5,3],[0,3],[-1,3],[-5,3],[0,2],[-3,0],[-3,1],[-2,3],[4,0],[0,3],[3,0],[4,4],[-2,2],[-2,0],[0,-3],[-7,3],[1,2],[-3,3],[-6,0],[-2,-1],[-5,1],[-5,3],[4,4],[-3,3],[-1,6],[2,1],[-3,1],[0,2],[-2,1],[2,2],[-2,3],[0,2],[0,7],[-1,1],[1,4],[-1,4],[-4,2],[-1,2],[1,1],[-3,4],[0,1],[-5,-3],[-2,3],[-5,2],[4,3],[-1,1],[3,1],[-3,3],[0,2],[-3,-1],[-4,4],[-1,-1],[-3,1],[1,3],[-2,5],[-4,1],[1,3],[-5,2],[-3,1],[-2,-2],[-1,2],[0,2],[-6,5],[-3,0],[-3,5],[-3,2],[-1,-1],[-3,2],[0,3],[-1,2],[-2,1],[-1,5],[-3,3],[-4,-1],[-1,1],[-4,-2],[-2,-5],[-2,-1],[-2,1],[-4,-9],[1,-6],[-5,-4],[-5,0],[-3,3],[1,-4],[-3,-5],[-4,-3],[-7,3],[-6,-3],[-4,1],[1,1],[-2,3],[-5,1],[-1,2],[-7,2],[1,-2],[-4,0],[-2,0],[-6,-1],[2,-3],[5,-2],[1,-4],[-3,0],[-2,1],[-3,0],[-2,1],[4,-8],[-1,-1],[2,-4],[0,-2],[3,-3],[1,-4],[5,-3],[0,-2],[-6,-5],[-4,-1],[-1,-1],[4,-1],[-2,-2],[1,-2],[-3,-5],[3,-1],[-1,-6],[-2,0],[1,-6],[1,-3],[4,-3],[1,-4],[2,-1],[1,-4],[3,-4],[1,-3],[5,-3],[-1,-3],[1,-2],[0,-4],[-4,-2],[-3,-1],[3,-2],[0,-3],[4,-2],[-3,-1]],[[9509,6841],[1,1],[2,2],[-2,1],[-1,4],[2,2],[2,0],[0,2],[-6,1],[0,-2],[-7,2],[-3,-4],[2,-1],[1,-5],[-1,-1],[4,-2],[-1,3],[3,1],[3,-2],[0,-2],[1,0]],[[9521,6854],[-1,-1],[3,-4],[3,-3],[2,0],[-3,5],[-2,-1],[-2,4]],[[9488,6841],[-2,3],[-6,5],[-1,-1],[3,-2],[1,-3],[-2,-2],[4,1],[3,-1]],[[9805,6800],[-1,0],[-5,-3],[-2,-3],[-3,3],[6,3],[1,3],[-1,2],[-3,3],[-1,-1],[-5,2],[-3,1],[-2,1],[-1,5],[-3,5],[-2,-3],[1,-4],[2,-2],[-1,-2],[2,-2],[-2,-4],[-2,-1],[-4,0],[1,4],[1,0],[1,6],[-11,2],[-5,0],[4,-3],[1,-4],[0,-4],[-3,-2],[0,-1],[2,-1],[4,-3],[5,0],[1,-6],[3,-2],[3,0],[0,2],[2,0],[3,-3],[5,0],[4,1],[2,1],[0,2],[2,1],[8,-2],[-2,2],[2,2],[-3,2],[-1,3]],[[9755,6797],[3,3],[3,2],[0,3],[-3,1],[-4,-2],[0,-3],[-2,-3],[3,-1]],[[9774,6759],[-4,-2],[1,0],[3,2]],[[9847,6758],[-1,-1],[0,-3],[2,0],[0,2]],[[9848,6756],[0,0]],[[9848,6756],[-1,2]],[[9865,6664],[-4,1]],[[9861,6665],[-5,1],[0,-1],[5,-3],[2,-1],[2,3]],[[9848,6625],[4,1],[2,1],[-2,1],[-6,-2],[2,-1]],[[8828,5710],[0,0]],[[8828,5710],[0,-1]],[[8828,5709],[0,0]],[[8828,5709],[2,-1],[2,1],[1,-1],[-3,-2],[-1,-2]],[[8829,5704],[0,-2],[1,-3],[-1,-2],[-3,0],[0,3],[-6,-1],[-3,2],[0,1],[-3,2],[0,-3],[2,0],[-1,-4],[-2,-1],[-1,-3],[-3,1],[0,4],[-3,1],[2,3],[0,2],[5,2],[0,2],[-4,1],[-3,2],[-2,3],[0,3],[2,3],[4,2],[7,-2],[0,3],[4,1],[6,1],[2,0],[-2,2],[-2,0],[0,2],[4,1],[3,-2],[2,1],[3,0],[1,-2],[3,4],[-3,0],[0,3],[2,4],[-4,5],[0,1],[-2,3],[1,3],[-2,3],[1,2],[-3,2],[-6,-1],[-3,4],[2,4],[-3,3],[-2,4],[3,1],[9,0],[16,0],[7,-1],[5,1],[-8,3],[-6,0],[-11,2],[-7,2],[-12,6],[-3,3],[-5,0],[-2,3],[-3,1],[-1,2],[-7,3],[-1,-2],[-4,1],[0,2],[-3,1],[-1,-1],[-4,0],[-14,-3],[-5,2],[-14,10],[-5,4],[-9,2],[-2,2],[-12,1],[2,-2],[0,-3],[-2,-3],[-2,-1],[2,-1],[1,-3],[-1,-1],[-4,-2],[3,-1],[2,0],[1,-1],[3,0],[2,-4],[-1,-4],[5,0],[2,-3],[-9,0],[-1,-3],[2,0],[0,-3],[-1,-1],[2,-4],[3,-2],[0,-3],[2,-4],[-1,-2],[3,-6],[-1,-4],[-1,-2],[0,-3],[3,-6],[0,-1],[1,-7],[-2,-4],[2,-11],[0,-8],[-1,-2],[3,-3],[3,1],[6,0],[3,3],[4,-1],[3,-2],[3,-5],[-3,-2],[5,-10],[8,5],[1,-1],[-5,-5],[-3,-1],[-3,0],[1,-4],[-1,-3],[9,3],[2,-1],[-1,-3],[-3,-1],[0,-2],[2,0],[0,-2],[-4,-1],[-1,-3],[-2,-2],[1,-2],[-2,0],[0,-4],[-3,-1],[1,-3],[-3,-2],[0,-3],[-12,-3],[4,-4],[1,-4],[-2,-2],[0,-2],[2,-2],[1,-3],[-1,-1],[0,-3],[-3,-3],[4,1],[-1,-2],[1,-3],[-2,-2],[3,-1],[-3,-3],[-4,-2],[-4,-3],[2,-1],[0,-4],[-4,-1],[-1,-2],[2,-1],[-4,-1],[0,-2],[-4,-4],[-1,-4],[-2,0],[0,-5],[-4,-4],[-4,-2],[-7,-1],[0,-5],[-5,-3],[-1,-5],[1,-4],[-1,-2],[2,0],[2,-4],[5,-3],[3,0],[1,-2],[-3,-3],[-10,2],[-3,1],[-2,-1],[1,-5],[6,-4],[3,-5],[-2,-1],[4,-1],[5,3],[6,0],[4,4],[1,2],[5,5],[0,4],[6,1],[4,2],[6,-1],[3,-2],[5,-4],[6,-6],[4,-7],[-1,-1],[6,0],[1,2],[0,6],[0,3],[3,2],[-1,3],[4,-1],[1,-1],[-1,-4],[-3,-4],[2,0],[4,-3],[-3,0],[4,-5],[-4,-6],[3,0],[-3,-2],[-3,2],[-3,-3],[-4,-3],[-2,3],[1,2],[-2,5],[1,1],[-3,0],[-3,-3],[-2,-3],[-8,-5],[-2,-5],[2,-1],[-1,-3],[5,-4],[3,1],[4,-4],[2,-8],[-2,-3],[-3,-3],[0,1],[-5,2],[-2,-2],[-4,0],[-3,-4],[-5,0],[-3,-2],[-3,0],[-5,-3],[-2,-3],[-2,-1],[0,-2],[-3,1],[1,-3],[3,1],[0,-2],[2,-2],[3,0],[0,-3],[-2,-4],[-3,0],[-4,1],[-3,2],[0,-3],[-6,-1],[1,2],[-3,1],[-1,2],[-1,4],[-3,0],[-4,0],[-3,-8],[-3,-4],[-1,-5],[-1,-10],[-3,-3],[-2,-4],[0,-6],[-1,-4],[2,-7],[-2,-4],[-6,-6],[-5,-3],[-1,0],[-1,-5],[3,-2],[2,-5],[-1,-6],[-3,-6],[-3,-1],[-7,-5],[-4,-6],[-8,-8],[-8,-11],[-3,-2],[-2,-2],[2,-2],[-1,-4],[-4,-6],[-7,-4],[-2,-3],[-1,-4],[4,-5],[4,-2],[8,-11],[3,-1],[5,0],[3,2],[2,2],[6,2],[6,9],[6,3],[1,3],[11,7],[1,4],[-1,3],[4,1],[1,-2],[2,-1],[5,2],[2,-1],[6,4],[7,1],[3,1],[1,3],[6,3],[0,2],[2,3],[5,0],[1,4],[2,1],[1,3],[-1,1],[3,4],[3,2],[4,4],[0,1],[5,5],[10,5],[12,1],[5,3],[2,1],[2,2],[3,2],[1,2],[-3,3],[5,0],[2,1],[2,7],[1,1],[4,5],[-2,2],[5,3],[4,4],[-5,4],[-1,2],[2,-1],[4,-3],[3,1],[3,4],[0,2],[5,5],[-1,1],[4,5],[5,0],[2,-2],[5,3],[8,2],[3,3],[3,0],[4,3],[1,2],[4,2],[3,7],[5,3],[1,3],[7,7],[1,3],[4,2],[4,4],[3,6],[10,8],[3,2],[2,3],[3,1],[3,6],[1,1],[0,2],[4,5],[3,2],[8,2],[5,1],[3,2],[5,1],[5,0],[9,1],[9,0],[10,-1],[1,4],[1,1],[10,0],[12,0],[21,-3],[6,-2],[2,2],[0,-6],[6,-4],[5,-2],[7,-7],[6,-4],[-2,-2],[4,-6],[0,-2],[10,-7],[3,0],[0,-2],[6,-4],[4,-4],[4,-5],[-1,-5],[6,-7],[2,-3],[7,-12],[2,-3],[3,0],[-1,-2],[-6,-5],[-4,-2],[-3,-3],[1,-3],[10,-3],[2,1],[7,-1],[7,-1],[6,2],[8,-3],[-1,2],[6,6],[0,2],[1,-2],[8,-2],[5,2],[-3,-3],[-10,-2],[-1,-3],[-3,-2],[-3,0],[2,-3],[6,-10],[6,-4],[5,-2],[3,-2],[6,-1],[0,-1],[10,-3],[2,-2],[6,-2],[5,-1],[7,-3],[3,-1],[0,-3],[6,-2],[5,-4],[6,-7],[7,-6],[3,-1],[4,0],[1,2],[2,0],[-1,-2],[4,-1],[0,-2],[-4,0],[-6,-1],[-4,-4],[-1,-1],[-3,-3],[-1,0],[-7,-5],[-2,-4],[-1,-1],[9,-4],[3,0],[4,-4],[0,-2],[-4,-4],[-2,-3],[8,-1],[6,-2],[9,-4],[10,0],[8,3],[5,0],[9,-4],[11,1],[10,-1],[10,-3],[6,-1],[5,-2],[3,-1],[9,0],[9,-3],[13,-5],[4,0],[1,-2],[10,-5],[9,-5],[8,-5],[7,-8],[7,-2],[2,2],[9,0],[3,1],[4,-2],[5,-2],[5,-3],[7,-5],[8,-7],[6,-2],[6,-3],[9,-4],[8,-4],[3,-3],[1,-4],[10,-5],[12,-9],[5,-4],[4,-2],[0,-3],[4,-5],[2,-5],[5,-6],[1,-3],[3,-6],[2,-1],[9,-7],[3,-2],[10,-7],[2,0],[4,-2],[8,0],[4,3],[1,3],[0,7],[1,1],[-1,5],[-8,11],[-6,9],[-3,9],[-1,5],[1,8],[5,7],[2,4],[4,5],[-2,5],[0,4],[4,6],[1,3],[-2,4],[-3,0],[-1,3],[-4,3],[-4,5],[-3,6],[-2,1],[0,2],[-5,5],[-2,4],[-6,6],[-4,9],[-4,3],[-1,3],[1,3],[-1,3],[0,4],[-4,8],[-2,3],[-4,-3],[-6,0],[1,3],[-3,3],[2,2],[-2,7],[-1,-1],[-4,2],[-1,2],[-4,1],[-2,1],[0,5],[-4,0],[-1,1],[0,3],[8,6],[0,4],[-3,2],[0,3],[5,0],[2,1],[4,-1],[4,-3],[2,-3],[1,-6],[-2,-2],[3,-3],[1,-3],[3,-1],[3,-3],[5,-2],[11,-10],[4,-6],[0,-1],[3,-4],[3,2],[1,3],[0,11],[-7,4],[-7,8],[-2,4],[-4,3],[-4,6],[-4,3],[-7,5],[-3,1],[-7,6],[-3,5],[-6,7],[-1,4],[-5,4],[0,1],[-2,3],[-2,3],[-6,8],[-2,2],[-2,7],[-4,3],[-2,3],[-7,5],[-10,5],[-3,2],[0,3],[-3,7],[-3,1],[0,3],[-5,2],[-4,7],[-5,1],[-4,3],[-3,2],[-4,3],[-2,4],[-3,3],[-3,3],[2,5],[1,4],[-5,1],[-3,2],[-2,5],[-4,2],[0,2],[-2,0],[1,4],[-1,3],[-3,3],[-6,1],[-1,3],[-4,3],[-9,1],[-1,-1],[-6,-5],[0,-2],[4,-3],[0,-5],[-6,-3],[-4,-1],[-6,1],[-5,6],[-3,2],[-2,4],[-7,8],[-4,4],[-8,6],[-4,1],[-5,3],[-5,1],[-9,0],[-3,-2],[-1,-2],[-2,-1],[-6,0],[-3,-4],[-1,-3],[-2,-1],[2,-2],[0,-2],[2,-1],[2,-5],[2,-1],[2,-5],[2,0],[0,-2],[-2,0],[-3,-1],[1,-2],[-6,-1],[-3,5],[-3,1],[0,2],[-4,4],[-8,4],[2,4],[-2,3],[-7,5],[0,5],[-1,4],[-2,1],[-4,-2],[-3,3],[1,2],[-3,0],[-2,4],[-2,2],[-2,5],[-2,2],[-6,3],[-2,5],[-5,2],[-1,3],[-3,2],[-3,4],[-5,2],[-2,2],[1,4],[-7,7],[1,2],[-6,6],[-1,3],[-4,2],[-4,1],[-3,4],[-4,-1],[-9,6],[-5,1],[0,-1],[3,-3],[-4,-1],[-3,1],[-2,-3],[-1,1],[-3,-1],[-6,1],[-1,3],[-5,2],[-4,1],[-1,2],[2,4],[-4,2],[0,-2],[-4,2],[1,1],[0,3],[0,2],[3,1],[0,2],[-3,2],[-6,1],[0,1],[-6,0],[-6,-3],[1,-5],[3,-2],[2,1],[-1,-3],[-5,-1],[-6,2],[-5,-2],[-1,-1],[-3,-1],[0,-1],[-5,-1],[-2,-2],[-3,1],[-1,-1],[-3,1],[-3,0],[-2,1],[1,2],[5,1],[1,1],[0,6],[-2,1],[4,4],[5,1],[9,2],[0,-1],[4,-1],[2,4],[-3,2],[-6,2],[-2,-2],[-5,0],[-1,4],[1,3],[-3,2],[-9,5],[-1,2],[-5,0],[0,2],[-4,0],[-2,1],[3,3],[-3,2],[-5,7],[3,0],[0,2],[-2,2],[1,2],[-4,12],[-7,7],[-3,0],[-7,-4],[-1,-3],[-6,-3],[-1,0],[2,2],[-2,3],[-8,0],[-5,0],[-6,6],[-2,0],[-6,4],[0,1],[-6,3],[-1,-1],[-2,-1],[0,2],[-4,3],[-8,2],[-8,4],[-4,1],[-4,4],[-4,3],[-1,2],[-8,5],[-2,0],[-5,4],[-9,3],[-3,-1],[-6,2],[-7,0],[-2,-2],[0,3],[-6,0],[-2,-3],[-3,1],[0,2],[-7,2],[-4,-4],[-2,-3],[-8,-1],[-6,-4],[-3,3],[-2,-2],[-1,1],[-6,-3],[1,-1],[-1,-3],[1,-3],[-4,-1],[3,-2],[5,0],[1,-3],[-3,-2],[0,-2],[4,0],[0,-2],[-3,0],[2,-2],[-2,-2],[4,-1],[4,-5],[-3,0],[-2,-1],[-3,3],[-2,-1],[-1,2],[-1,-2],[-3,0],[-5,3],[0,-3],[-4,-1],[-2,-2],[-4,-2],[-2,-2],[-3,-1]],[[8429,6236],[-1,-3],[2,1],[-1,2]],[[8380,6207],[1,1],[6,-1],[2,4],[-1,1],[-15,4],[-4,0],[-2,1],[-1,3],[-3,1],[-2,4],[0,3],[-4,2],[-6,0],[2,-4],[3,-1],[-1,-2],[3,-1],[0,-2],[5,-3],[1,-7],[2,0],[3,-2],[2,1],[9,-2]],[[8682,6039],[0,-1]],[[8682,6038],[0,1]],[[8682,6039],[0,0]],[[8682,6039],[0,0]],[[8682,6039],[-1,0]],[[8681,6039],[-4,1],[-4,3],[-6,0],[0,2],[-2,0],[-1,2],[-2,0],[0,2],[-5,5],[0,1],[-4,6],[-5,1],[-2,4],[1,3],[-2,-1],[0,7],[-1,2],[-3,2],[-3,1],[-3,2],[-6,2],[0,3],[3,5],[-1,3],[-4,2],[-5,9],[0,2],[-6,6],[-4,6],[-3,3],[-8,6],[-4,0],[1,-2],[-4,-1],[-3,1],[-2,3],[5,2],[1,2],[-6,0],[-5,6],[-1,3],[0,7],[-3,0],[-1,3],[-3,1],[1,1],[-4,3],[-1,3],[-2,2],[-7,1],[-1,1],[0,4],[-3,3],[-2,2],[-5,0],[2,1],[-2,4],[-1,3],[-2,2],[0,1],[-2,4],[-4,2],[0,2],[-1,-2],[-3,1],[-2,-1],[-1,2],[-2,-2],[0,-2],[-5,-1],[-3,4],[2,1],[4,-1],[3,3],[-1,2],[1,3],[-1,2],[-6,4],[-8,0],[-6,-2],[-9,0],[-5,1],[-5,5],[0,2],[-5,2],[-2,2],[-1,4],[-2,0],[-5,-2],[1,-4],[2,-2],[-2,-2],[-6,1],[0,-2],[2,-3],[-1,-2],[-4,2],[-5,-2],[0,-3],[-1,0],[1,-3],[3,-1],[2,-7],[-2,-1],[-5,1],[1,2],[-2,4],[-5,2],[-2,-3],[1,-4],[-1,0],[-4,4],[-3,1],[-7,-2],[-6,0],[-8,-2],[-3,-3],[-4,-2],[-1,0],[0,-3],[3,-3],[2,0],[2,-3],[3,0],[3,-3],[4,-2],[1,2],[3,-1],[2,1],[3,-2],[1,-3],[0,-2],[3,-5],[-2,0],[-3,4],[-4,-1],[0,-5],[-1,-2],[-2,-4],[-5,-1],[4,-2],[-1,-3],[1,-3],[-2,0],[-1,-2],[1,-3],[4,-1],[1,-2],[0,-5],[-3,-1],[-3,-3],[2,-3],[-1,-2],[4,-1],[0,2],[4,4],[3,-1],[6,2],[0,2],[4,0],[0,-3],[-2,-3],[0,-2],[4,0],[-2,-2],[1,-2],[3,-1],[1,-2],[6,-3],[1,-2],[3,0],[4,-2],[7,-1],[6,1],[4,0],[6,1],[8,-3],[2,2],[0,-3],[8,-3],[7,-1],[2,1],[6,0],[3,1],[3,-3],[0,-3],[2,0],[0,4],[2,1],[5,1],[4,-1],[1,1],[1,-4],[4,-2],[-2,-5],[0,-1],[-1,-4],[3,-4],[5,-4],[2,-3],[0,-2],[2,-2],[3,2],[4,1],[6,2],[0,-2],[2,-3],[-1,-2],[-6,-1],[2,-3],[8,-4],[1,-2],[4,1],[0,2],[5,0],[2,-2],[-2,-1],[2,-4],[1,-3],[-2,-3],[0,-2],[3,0],[6,-1],[0,-2],[3,-3],[1,-3],[3,1],[9,-4],[3,1],[4,0],[3,-2],[2,1],[2,-2],[-2,-3],[-6,-1],[-2,-2],[1,-3],[4,-1],[4,2],[4,-1],[-4,-3],[6,0],[1,1],[7,0],[3,-1],[6,-3],[3,-2],[5,-4],[4,-8],[3,-3],[6,-5],[2,-3],[3,-3],[2,-3],[5,0],[3,2],[1,2],[3,1],[3,-3],[3,-5],[1,-1],[4,2],[3,0],[5,-1],[4,1],[2,-1],[5,1],[3,-1],[6,-1],[2,-1],[3,0],[6,-2],[3,-7],[0,-2],[2,-4],[5,0],[4,-1],[7,-5],[6,-4],[1,-2],[0,-5],[8,-4],[3,-2],[2,-6],[4,-2],[2,-8],[1,-6],[2,-3],[2,1],[1,-3],[4,-1],[3,-4],[2,-1],[4,-4],[5,-8],[7,-3],[0,-1],[4,-1],[4,-6],[1,-2],[5,-3],[4,-2],[7,-1],[8,1],[6,-1],[2,0],[1,3],[-5,3],[-2,4],[-4,7],[-3,3],[-8,4],[-6,4],[-4,4],[-3,2],[-5,4],[-6,1],[-3,4],[0,3],[-3,2],[-2,5],[-3,4],[-7,5],[-6,8],[-2,-5],[2,-1],[2,1],[1,-3],[-5,-2],[-4,3],[0,3],[-3,6],[-5,3],[-2,4],[-2,1],[0,2],[-9,9],[-2,6],[1,2],[0,3],[-4,1],[-1,4],[-1,3],[2,3],[1,5],[-6,8],[1,3],[3,2],[1,5],[-3,0],[-1,4],[-3,3],[-6,3],[-7,1],[-6,4],[-8,2],[-4,1],[0,2],[-4,1],[-7,0],[-4,-1],[-2,-2],[-4,0],[-8,2],[-5,-1],[-10,1]],[[8450,6199],[2,1],[1,3],[2,1],[4,-2],[5,2],[-1,0],[6,5],[-1,4],[1,4],[-2,2],[-3,-1],[-7,-5],[-8,-2],[-3,0],[-3,-3],[-5,0],[2,-4],[1,-2],[3,1],[6,-4]],[[8341,6207],[-3,3],[-1,-1],[4,-2]],[[9073,5895],[0,2],[-3,1],[-2,2],[-5,0],[7,-4],[3,-1]],[[9091,5884],[-4,2],[-3,2],[-3,1],[-4,4],[-1,-1],[1,-2],[8,-8],[4,0],[2,2]],[[9076,5869],[-2,-3],[6,-5],[1,-3],[2,-1],[0,-5],[2,-4],[2,-3],[-1,-1],[-3,1],[0,-2],[3,-2],[2,2],[0,-4],[-4,1],[-3,1],[0,2],[-3,3],[0,1],[-3,0],[-5,-2],[-2,-3],[2,-2],[-2,-2],[-3,0],[-3,6],[-2,3],[-4,6],[-1,-3],[2,-5],[-1,-8],[3,-2],[3,-5],[4,-6],[1,-3],[7,-6],[-2,5],[2,0],[8,0],[2,1],[1,-4],[-1,-2],[3,-4],[1,-6],[-2,-2],[5,-2],[0,-3],[4,-3],[1,-2],[-1,-2],[2,-3],[1,-3],[6,-3],[-1,-3],[3,0],[2,-3],[-1,-2],[2,-2],[7,-3],[7,-4],[0,-3],[2,-4],[6,-2],[5,-5],[1,-4],[0,-5],[3,-4],[3,-2],[5,-2],[1,-2],[5,0],[4,-2],[1,-2],[-1,-5],[-3,-4],[0,-2],[5,-4],[5,-4],[6,-4],[3,-3],[2,-3],[3,-4],[4,0],[4,-1],[0,-5],[7,-3],[0,-4],[1,-2],[0,-5],[6,-6],[3,0],[6,-2],[7,-5],[6,-6],[5,-3],[4,-5],[4,-2],[2,-2],[11,-10],[4,-6],[6,-3],[1,5],[4,2],[2,0],[-2,6],[4,6],[1,5],[-2,0],[0,2],[-3,2],[-3,-1],[-4,-4],[-3,1],[1,4],[-2,2],[5,5],[4,1],[0,8],[-1,7],[-7,3],[-5,1],[-4,-1],[-2,3],[5,0],[4,2],[0,3],[-4,7],[-2,4],[-3,9],[-1,2],[1,3],[-1,4],[-3,1],[0,2],[4,2],[-1,4],[-3,2],[-4,1],[-1,4],[2,3],[3,2],[0,1],[-5,7],[-8,10],[-6,-1],[-1,2],[3,0],[2,3],[-3,5],[-3,0],[-6,0],[-3,2],[7,1],[3,2],[-4,6],[-2,5],[-2,1],[-2,4],[-1,7],[-1,1],[-4,1],[-2,-1],[-3,0],[-3,-1],[-3,6],[-2,0],[3,2],[6,0],[3,-2],[4,2],[-1,6],[-4,9],[-5,10],[-2,1],[-7,-1],[-4,-3],[-5,1],[2,4],[2,4],[-2,2],[-5,2],[-9,5],[-3,3],[-6,1],[-1,-3],[-3,1],[1,3],[-2,1],[-5,0],[-13,1],[-3,2],[-3,1],[-4,5],[-3,2],[-4,3],[-9,12],[-1,2],[-3,4],[-6,5],[-4,0],[-6,-3],[-2,-1],[-3,-5],[-5,0],[-3,2],[-1,-2],[0,-2],[2,-3]],[[9069,5871],[1,2],[1,5],[-5,-4],[3,-3]],[[9071,5869],[2,-2],[1,2],[-3,0]],[[9056,5862],[0,-5],[3,-4],[1,1],[-2,6],[-2,2]],[[8826,5709],[-2,0],[-1,-4],[1,-2],[4,0],[0,3],[1,1],[-3,2]],[[8737,5698],[-3,-2],[1,-9],[-1,-2],[2,0],[0,3],[5,4],[0,2],[-4,4]],[[8737,5676],[-3,-1],[-3,-4],[2,0],[1,1],[4,2],[-1,2]],[[8729,5658],[-4,-1],[-2,-5],[-6,-3],[0,-7],[2,-9],[0,-2],[2,-2],[3,1],[0,3],[-2,2],[1,6],[2,4],[6,4],[4,4],[2,1],[-3,2],[-5,2]],[[9278,5603],[-2,6],[1,4],[-3,3],[-3,1],[-4,3],[-4,0],[6,-5],[6,-10],[3,-2]],[[8702,5586],[-4,-2],[3,0],[5,1],[-4,1]],[[9301,5567],[5,3],[1,2],[-8,3],[0,-4],[2,-4]],[[9306,5559],[0,2],[-1,3],[-2,1],[0,-2],[3,-4]],[[9312,5564],[-1,-3],[7,-5],[12,-10],[3,1],[0,7],[-5,4],[-5,1],[-3,2],[-2,0],[-6,3]],[[8745,5519],[-6,-4],[-4,-6],[-5,-2],[-1,1],[-5,-2],[-2,0],[-6,-4],[10,0],[5,1],[5,0],[1,2],[0,2],[4,3],[0,2],[2,4],[4,1],[-2,2]],[[8715,5501],[-4,-1],[-2,-4],[5,1],[2,1],[-1,3]],[[9024,5403],[1,2],[-1,4],[-3,1],[-1,-2],[1,-3],[3,-2]],[[9110,5392],[2,6],[-4,-4],[-3,0],[2,-3],[3,1]],[[9054,5370],[-4,2],[1,-2],[3,0]],[[9032,5343],[0,3],[-4,6],[-1,-2],[4,-8],[1,1]],[[9092,5349],[2,-4],[3,-1],[0,2],[-4,3],[-1,0]],[[9081,5311],[3,1],[0,3],[-5,3],[-3,-1],[-6,2],[4,-3],[3,-2],[4,-3]],[[9144,5286],[4,10],[-1,3],[-1,8],[0,2],[-4,1],[-9,0],[-1,-2],[-1,-6],[0,-3],[2,-7],[4,-4],[6,-3],[1,1]],[[9549,5283],[2,1],[3,2],[3,0],[-1,4],[-2,1],[-6,3],[-8,-5],[4,-2],[4,-3],[1,-1]],[[8616,5262],[8,5],[4,6],[-1,2],[-5,4],[-4,0],[-10,-3],[-3,-4],[0,-11],[5,-2],[6,3]],[[9237,5277],[0,-1],[3,-1],[-3,2]],[[9562,5258],[2,0],[-1,3],[-3,-2],[2,-1]],[[9376,5240],[1,2],[5,0],[1,3],[-6,1],[-1,2],[-2,0],[-4,-3],[1,-4],[5,-1]],[[8514,5203],[1,1],[-3,0],[1,-2],[1,1]],[[8959,6097],[8,-3],[5,-3],[0,-2],[3,-4],[6,-3],[5,-3],[3,-5],[7,-5],[2,-1],[4,-4],[1,-3],[3,-2],[3,1],[2,2],[-2,2],[1,2],[3,2],[7,1],[9,-2],[11,-7],[7,-6],[0,-1],[5,-4],[7,-6],[4,-5],[0,-2],[3,1],[2,-3],[5,0],[9,-2],[11,-1],[4,-2],[-6,2],[-1,-1],[10,-3],[8,-3],[4,-3],[7,-5],[2,-2],[4,-3],[3,3],[-1,2],[2,3],[1,3],[4,3],[-3,0],[-4,2],[-1,2],[-2,1],[4,5],[-2,2],[5,4],[4,1],[0,3],[7,1],[6,3],[5,-1],[1,1],[-4,2],[-4,1],[3,1],[0,2],[3,-3],[3,-1],[-1,-1],[3,-2],[-3,-2],[3,0],[0,-1],[5,1],[1,5],[3,-1],[-1,5],[3,1],[-2,3],[2,0],[1,-2],[4,0],[1,2],[2,0],[4,3],[2,0],[-2,-3],[7,1],[-1,-1],[-4,0],[-4,-1],[1,-2],[-4,1],[0,-1],[-5,-3],[-1,-2],[-2,-4],[0,-3],[-3,1],[-1,-2],[-4,0],[-1,-3],[-3,0],[0,-4],[-3,-1],[-5,2],[3,-3],[1,-5],[2,-2],[1,-3],[-1,-1],[3,-3],[0,-4],[-2,-1],[7,-6],[3,-2],[2,1],[1,3],[2,1],[7,1],[0,4],[-2,-2],[-3,0],[-4,1],[-6,5],[-1,4],[1,4],[3,1],[5,-2],[-2,-1],[3,-2],[5,-2],[0,-2],[5,-1],[-1,3],[9,-2],[7,1],[3,2],[3,5],[3,1],[-2,-4],[-1,-2],[2,-2],[6,2],[1,-2],[-4,0],[-3,-2],[-2,1],[-4,-2],[-2,2],[-2,-1],[-6,-1],[-4,-1],[-2,-3],[7,-1],[4,1],[2,-3],[2,-1],[3,1],[1,-2],[-4,-4],[-2,-3],[3,-2],[3,-5],[5,-3],[9,0],[5,2],[0,2],[8,6],[6,5],[0,3],[-1,3],[-3,1],[-2,-1],[2,4],[3,-1],[4,3],[1,-2],[4,1],[0,-3],[1,-2],[2,1],[2,-2],[3,-1],[1,-2],[5,-1],[3,0],[1,-3],[6,-1],[1,4],[4,-2],[4,1],[0,3],[4,0],[0,3],[1,1],[3,-1],[0,3],[3,2],[-2,3],[0,3],[5,0],[-1,-3],[2,-1],[0,-2],[2,0],[-2,-3],[-1,-2],[9,1],[-1,2],[2,0],[1,4],[3,4],[2,0],[-2,3],[-3,2],[4,0],[-2,2],[1,2],[4,2],[4,-2],[4,-1],[3,-2],[1,2],[2,-2],[3,1],[-2,1],[1,2],[2,-1],[0,3],[2,1],[-3,0],[2,3],[0,2],[1,3],[3,-1],[-3,3],[7,2],[0,1],[4,0],[-2,2],[1,2],[2,1],[0,2],[7,1],[1,-2],[2,3],[-3,2],[0,4],[-5,-1],[0,1],[4,1],[4,0],[2,3],[0,3],[-3,2],[1,3],[0,3],[2,8],[5,0],[5,-1],[2,-2],[7,0],[2,2],[4,1],[4,-1],[4,2],[6,0],[6,-5],[-2,-3],[1,-2],[6,-1],[3,-1],[0,-2],[5,-2],[3,0],[2,0],[4,1],[5,-1],[1,-1],[8,1],[1,-2],[4,2],[4,1],[3,2],[3,0],[4,2],[3,-2],[0,2],[3,-1],[3,3],[2,-1],[2,-2],[5,1],[0,3],[3,1],[4,0],[2,2],[3,-1],[2,2],[3,-1],[4,-3],[2,0],[5,-3],[-2,-1],[1,-4],[4,-7],[3,-3],[2,-9],[0,-4],[-5,-4],[-4,-7],[-6,-2],[0,-2],[3,-4],[-3,-6],[-1,-1],[-6,-8],[-2,-2],[-5,0],[-8,0],[-4,-4],[-3,-2],[0,-4]],[[9460,6005],[0,0]],[[9460,6005],[0,0]],[[9460,6005],[0,0]],[[9460,6005],[-1,0]],[[9459,6005],[0,0]],[[9459,6005],[0,1]],[[9459,6006],[-4,0],[-1,1]],[[9454,6007],[0,0]],[[9454,6007],[1,1]],[[9455,6008],[2,1],[-2,3],[-3,1],[2,3],[-8,-2],[3,2],[1,2],[-7,0],[-3,1],[-1,-4],[-6,1],[0,1],[-5,0],[-1,-2],[-9,0],[-6,-1],[-3,-2],[-4,-2],[3,0],[-1,-2],[1,-3],[2,-6],[-3,-4],[-1,3],[0,2],[-4,-3],[0,-5],[-4,0],[-2,5],[-2,2],[-1,-1],[-1,-5],[-2,0],[-4,3],[-1,2],[-3,-3],[-1,3],[-3,3],[-2,0],[0,-3],[-4,-1],[-1,1],[-5,2],[-1,2],[-3,1],[-4,3],[-9,2],[-6,3],[-4,1],[-13,3],[-1,-1],[2,-7],[4,-3],[-6,-3],[-7,1],[-3,-1],[-1,-2],[3,-1],[4,1],[2,-3],[0,-2],[-4,-1],[-3,2],[-3,-2],[1,-2],[-5,-3],[-5,0],[3,-5],[2,0],[-1,-3],[-4,4],[-1,-2],[-5,-2],[5,-2],[5,-4],[-1,-1],[3,-7],[3,-9],[0,-9],[0,-4],[1,-11],[-1,-1],[1,-13],[3,-16],[3,-7],[2,-3],[4,-8],[1,-7],[8,-5],[3,-5],[1,-6],[3,-7],[1,0],[8,-4],[7,-4],[12,-1],[6,-2],[2,-2],[2,-7],[2,-6],[1,-1],[7,-1],[2,1],[0,4],[4,4],[3,-1],[4,-2],[2,-2],[0,-4],[-3,-2],[0,-2],[3,-1],[2,-3],[-5,-2],[1,-3],[2,0],[4,2],[3,0],[-1,-4],[2,-5],[3,0],[5,-5],[-1,-3],[3,-3],[3,0],[3,-4],[3,0],[2,-2],[0,-2],[4,-3],[1,-2],[2,0],[3,-1],[3,-1],[4,-5],[4,-2],[3,2],[3,0],[1,-2],[-1,-2],[6,-1],[7,0],[1,1],[2,-1],[7,-2],[0,5],[3,-5],[2,-2],[2,2],[3,0],[0,2],[4,6],[1,-4],[-2,-2],[3,-4],[6,-1],[3,2],[2,2],[2,1],[8,-1],[13,0],[2,2],[3,-1],[-1,-2],[3,-1],[2,4],[-1,2],[3,2],[-2,2],[-1,4],[8,1],[0,-3],[4,1],[5,3],[-2,1],[1,3],[-1,3],[0,4],[-6,3],[-5,3],[0,2],[5,3],[6,1],[1,2],[6,0],[6,1],[0,2],[-4,6],[-3,7],[-8,4],[1,4],[0,5],[1,2],[-2,1],[3,3],[7,1],[5,4],[5,3],[6,2],[3,3],[5,1],[5,2],[-1,5],[3,1],[-2,3],[-2,1],[-2,3],[-1,4],[1,4],[2,2],[2,0],[7,4],[-1,4],[-2,3],[2,2],[-2,3],[-3,2],[-1,5],[-2,2],[-1,4],[2,3],[3,1],[1,2],[0,5],[2,1],[1,4],[-3,7],[5,3],[6,2],[2,3],[-1,6],[-2,3],[2,1],[0,5],[2,1],[1,4],[3,3],[0,2],[-2,3],[0,5],[1,5],[-5,9],[-1,-1],[-1,3],[1,4],[2,0],[2,6],[2,1],[-4,2],[-7,4],[0,2],[-4,2],[2,7],[2,2],[3,-1],[2,5],[-1,4],[-4,2],[-2,-2],[0,-2],[1,-2],[-4,2],[-7,-2],[-4,1],[-4,3],[-5,6],[0,3],[3,3],[5,0],[5,2],[-3,1],[-3,5],[2,3],[2,1],[4,0],[0,2],[5,-1],[3,1],[0,3],[3,5],[3,9],[-3,4],[2,0],[1,2],[3,2],[3,1],[-1,2],[-6,0],[-3,-2],[-3,1],[1,7],[2,3],[3,1],[2,2],[-1,2],[2,0],[2,6],[5,3],[4,2],[1,2],[3,-1],[7,0],[-1,-1],[2,-1],[6,1],[9,3],[5,5],[4,1],[0,3],[-9,4],[-1,3],[3,0],[4,2],[2,4],[-3,6],[2,3],[-1,2],[-4,6],[-3,3],[-4,-1],[-7,1],[-7,0],[-6,2],[-3,-1],[0,1],[-3,1],[-3,0],[-4,1],[-5,-2],[0,3],[-8,1],[-8,-2],[-1,-1],[-13,-4],[-2,-3],[-4,-2],[-2,-7],[2,-3],[-1,-5],[-2,-5],[-4,-3],[-2,-2],[-1,-3],[-1,0],[1,-4],[-3,-3],[-3,-1],[-1,-4],[-4,-2],[-6,2],[-5,0],[0,2],[-3,2],[2,4],[-3,1],[0,3],[-2,3],[0,2],[-3,3],[0,1],[-5,2],[-2,-1],[-7,2],[-5,3],[-6,-1],[-3,1],[-2,3],[-3,2],[-8,2],[-2,2],[1,2],[-7,4],[-1,3],[-4,2],[0,2],[-3,3],[-4,3],[-9,8],[-7,1],[-3,0],[-4,1],[-3,2],[-5,9],[-3,-3],[-1,-2],[-3,1],[-3,-2],[-2,2],[-6,0],[-5,3],[-2,4],[-6,4],[-4,2],[-5,1],[-3,-1]],[[9351,6014],[3,-4],[4,3],[3,-3],[7,-1],[2,1],[-1,3],[-3,1],[1,4],[-8,-1],[-1,2],[-1,4],[-2,1],[-4,0],[-4,-2],[4,-8]],[[9306,6018],[0,3],[-2,-3],[2,0]],[[9302,6014],[4,-1],[-1,1],[-3,0]],[[9282,6010],[-1,3],[-2,0],[3,-3]],[[9371,6008],[-5,-2],[0,-2],[4,2],[0,-3],[3,1],[3,-1],[-1,2],[-4,3]],[[9617,6003],[-3,-1],[-1,-2],[2,1],[-1,-2],[3,0],[0,4]],[[9237,5988],[2,2],[0,3],[-6,-4],[2,-2],[2,1]],[[9289,5973],[1,1],[5,1],[2,2],[-2,3],[0,3],[-5,0],[-5,0],[-7,4],[-8,2],[-4,-1],[-4,-2],[-2,0],[0,-2],[8,-2],[1,-2],[9,-4],[6,0],[3,-1],[2,-2]],[[9584,5798],[5,1],[0,3],[-5,1],[-2,-2],[2,-3]],[[9575,5779],[0,-2],[3,-3],[0,3],[-2,3],[4,3],[-1,3],[-4,0],[-3,-1],[-2,-5],[3,0],[2,-1]],[[9553,5759],[4,1],[5,3],[3,0],[2,3],[-3,2],[0,2],[2,3],[2,0],[2,1],[4,-1],[-2,5],[-4,1],[-4,-2],[1,-3],[-2,-3],[-3,3],[-3,0],[-2,-3],[-1,-4],[-4,-4],[1,-3],[2,-1]],[[9550,5774],[1,3],[-3,0],[2,-3]],[[8079,5055],[-1,5],[-2,3],[-3,2],[-6,2],[-10,2],[-4,1],[-4,3],[-9,1],[-2,0],[0,-3],[-4,3],[-4,3],[-19,6],[-7,2],[-5,0],[0,-4],[-1,-2],[1,-6],[-1,-4],[-2,-3],[-2,-1],[-4,-4],[1,-1],[-6,-2],[0,-2],[-2,1],[-4,-2],[-4,0],[-1,-1],[-3,1],[-3,-1],[-2,3],[-3,-4],[-4,3],[-3,1],[-2,3],[-2,2],[-4,5],[0,5],[-1,1],[1,2],[2,-2],[5,1],[4,-1],[6,2],[2,-2],[2,-3],[4,-2],[3,0],[4,-3],[-3,-2],[4,-1],[6,0],[1,1],[3,4],[-2,2],[-1,2],[-6,3],[-8,5],[-2,2],[-2,3],[1,3],[0,2],[-3,0],[-7,0],[-5,5],[-2,1],[-3,1],[-5,-4],[1,-7],[-2,2]],[[7945,5087],[-2,3],[-4,-3],[-6,1],[-6,-5],[-1,1],[2,2],[-3,2],[2,2],[1,-3],[6,4],[0,3],[2,3],[-1,1],[-5,-1],[-3,1],[0,2],[4,2],[-4,0],[-6,-1],[-1,3],[-4,1],[1,3],[-1,3],[3,1],[-1,3],[-5,-1],[-4,-3],[-1,1],[-5,3],[2,6],[0,1],[5,1],[3,0],[2,1],[-1,3],[-6,-2],[0,3],[2,-1],[2,3],[6,1],[4,-2],[2,1],[1,-4],[5,2],[3,0],[3,-2],[1,-4],[3,-6],[5,-2],[1,-3],[4,-4],[4,-1],[7,-5],[5,-2],[4,-1],[4,-1],[3,-3],[3,0],[5,-6],[0,-3],[6,0],[1,-1],[1,4],[2,3],[3,1],[-2,4],[-8,4],[-8,3],[-8,3],[-10,5],[-6,4],[-7,5],[-10,6],[-8,6],[-9,7],[-19,19],[-4,7],[-2,2],[0,4],[2,0],[1,4],[-3,5],[-5,2],[0,1],[4,-1],[5,-4],[1,-8],[1,4],[-1,4],[-4,5],[-6,4],[-7,2],[-11,1],[-1,-4],[-3,0],[2,3],[-8,1],[-15,-1],[-5,-1],[-5,-1],[-17,5],[-7,2],[-13,7],[-8,5],[-11,6],[-8,5],[-7,7],[1,4],[-3,2],[-3,-1],[-1,-2],[-7,-3],[-9,2],[-9,4],[-3,4],[1,2],[-2,8],[-3,0],[-6,-3],[-6,-1],[-11,0],[-6,2],[-8,3],[-5,3],[-9,4],[2,-3],[-2,-1],[-2,5],[-7,0],[-8,-1],[-13,1],[-10,1],[-19,1],[-7,1],[-17,5],[-8,4],[-18,8],[-13,6],[-6,4],[-1,3],[-9,6],[-5,5],[-2,5],[-13,7],[-4,3],[-1,4],[-4,-1],[-4,-1],[-2,2],[-3,0],[-7,4],[-3,1],[-2,0],[-4,3],[-9,9],[-9,2],[-1,-11],[-2,-4],[-11,-5],[-5,0],[-6,-3],[-9,-4],[-7,0],[-8,0],[-6,-1],[-2,-1],[-7,0],[-1,-2],[1,-3],[-3,-5],[2,-6],[-2,-3],[-3,-3],[-2,-1],[0,-2],[5,1],[1,-4],[0,-4],[3,-1],[2,-4],[-1,-7],[-6,-4],[2,-3],[-1,-3],[-1,-3],[0,-3],[-3,-6],[-3,-2],[-1,-4],[-8,-7],[-3,-6],[-10,-6],[-9,-7]],[[7364,5208],[29,4],[5,2],[7,10],[7,10],[4,1],[7,-1],[2,-2],[2,3],[5,4],[8,3],[5,4],[7,4],[5,1],[13,0],[12,1],[3,-1],[12,3],[10,0],[3,-1],[10,0],[7,-2],[1,-2],[10,-2],[23,-10],[18,-7],[11,-7],[16,-6],[3,1],[7,1],[7,0],[10,-4],[6,-5],[2,-2],[4,-1],[5,0],[3,1],[2,-1],[7,-2],[7,-2],[-1,-2],[1,-5],[-1,0],[2,-3],[3,-1],[2,-4],[7,-3],[0,-3],[3,-8],[-1,-5],[-2,-5],[4,2],[1,-7],[-4,-8],[-9,-7],[-1,-2],[-14,-12],[-4,-11],[1,-7],[-1,-2],[0,-7],[3,-11],[4,-6],[-1,-4],[-5,-8],[-1,-4],[-2,-5],[-1,-7],[2,-3],[9,-9],[4,-6],[-2,-5],[-5,-5],[-3,1],[-8,-11],[-2,-7],[0,-16],[1,-3],[3,-3],[23,-14],[4,-6],[2,-7],[0,-11],[-1,-7],[4,-2],[12,-3],[5,-3],[0,-3],[3,-4],[2,-5],[-2,-8],[-2,-3],[-3,-7],[-4,-3],[0,-3],[2,-7],[7,-9],[8,-6]],[[7711,4880],[14,-1],[32,5],[15,5],[10,4],[12,6],[3,3],[6,3],[4,1],[9,8],[4,2],[6,3],[2,2],[3,2],[3,3],[1,2],[3,3],[0,2],[6,5],[2,6],[3,4],[4,2],[-2,4],[2,3],[1,7],[2,3],[0,3],[2,5],[19,-11],[6,5],[9,4],[5,3],[1,6],[8,3],[-1,5],[-1,3],[1,5],[6,2],[9,1],[6,-1],[7,1],[7,-2],[4,0],[14,2],[11,-1],[5,-1],[5,1],[1,1],[4,2],[3,5],[7,-1],[4,0],[8,-2],[11,4],[15,3],[-2,6],[2,0],[1,3],[-1,3],[-3,2],[1,1],[5,3],[3,12],[5,1],[4,-2],[6,1],[3,3],[1,2],[4,2],[0,3],[5,-1],[5,-3],[4,-2],[3,1],[-2,1],[0,2],[3,2],[-2,2],[2,1]],[[7451,5335],[1,0]],[[7452,5335],[10,1],[2,4],[2,0],[-1,4],[1,0],[-2,3],[-5,0],[-2,-1],[-3,1],[0,1],[-7,7],[-1,3],[3,3]],[[7449,5361],[0,0]],[[7449,5361],[0,5],[-3,0],[-2,1],[-1,5],[1,5],[3,1],[-7,1],[-1,-2],[-8,-2],[-6,-2],[-1,-2],[3,-3],[0,-2],[5,-5],[1,0],[6,-6],[4,-4],[6,-7],[3,-8],[-1,-1]],[[7918,5124],[3,2],[2,0],[-2,3],[-5,-2],[2,-3]],[[7963,5095],[0,2],[-5,3],[-3,3],[-7,3],[-6,6],[-3,2],[-3,2],[-2,8],[0,2],[-3,0],[-7,-3],[0,-3],[2,-2],[4,1],[0,-2],[1,-3],[2,1],[3,-1],[0,-4],[4,-3],[4,-4],[7,-1],[3,-4],[9,-3]],[[7911,5116],[7,1],[-1,3],[-7,2],[-4,-3],[-2,-4],[3,-2],[3,0],[1,3]],[[7926,5111],[1,-4],[1,0],[7,2],[-1,4],[-3,0],[-6,1],[1,-3]],[[7922,5103],[5,0],[1,2],[-5,2],[1,4],[-4,0],[-2,-3],[4,-5]],[[7937,5100],[0,0]],[[7937,5100],[1,-1]],[[7938,5099],[4,3],[-2,3],[-3,2],[-3,0],[-6,-3],[3,1],[3,-1],[-1,-2],[-3,-2],[1,-2],[6,2]],[[7938,5099],[-1,1]],[[7937,5100],[0,-3],[-2,-4],[1,-1],[4,0],[1,1],[5,4],[3,1],[0,2],[-5,1],[-6,-2]],[[7364,5208],[2,-2],[9,-2],[8,-2],[9,0],[3,1],[4,-1],[6,1],[2,1],[5,0],[4,-1],[7,2],[4,1],[0,2],[9,3],[9,-3],[5,1],[3,-2],[7,-1],[6,-3],[5,0],[3,-1],[10,0],[4,-2],[6,-1],[7,0],[5,0],[5,-2],[4,-1],[5,-3],[9,-5],[2,0],[6,4],[7,0],[6,-2],[10,-5],[10,2],[7,4],[6,-1],[10,-5],[10,-8],[8,-7],[2,-4],[2,-4],[-1,-3],[-1,-1],[2,-6],[0,-4],[-4,-4],[-1,-4],[3,-6],[2,-7],[0,-5],[-2,-4],[-1,-4],[-1,-3],[0,-6],[-2,-4],[1,-6],[-1,-3],[-2,-3],[0,-8],[-3,-6],[-3,-2],[-1,-5],[1,-8],[-2,-4],[-6,-8],[0,-5],[5,-10],[1,-6],[1,-7],[-2,-5],[-2,-3],[-5,-7],[-3,-5],[-5,-3],[-5,-1],[-4,-2],[-5,1],[-2,-1],[0,-2],[4,-2],[3,-6],[1,-7],[-1,-4],[-5,-9],[-2,-6],[-2,-7],[3,-1],[-2,0],[9,-17],[3,-7],[-2,-5],[0,-5],[-2,-3],[0,-5],[-2,-7],[-3,-4],[-9,-5],[-4,-2],[-4,-3],[-4,-8],[-3,-2],[-2,-7],[3,-5],[6,-6],[12,-11],[3,-4],[-2,-6],[-2,-5],[2,-7],[3,-6],[-1,-4],[-10,-10],[-5,-4],[-2,-4],[1,-4],[-2,-2],[2,-7],[2,-13],[2,-8],[0,-5],[0,-4],[-1,-10],[-1,-4],[0,-3],[7,-12],[1,-4],[-1,-6],[-2,-2],[-1,-5],[0,-3],[3,-5],[2,-3],[2,-9],[5,-11],[-1,-3],[-9,-5],[-4,-4],[0,-5],[1,-5],[-3,-4],[-5,-4],[-7,-7],[-1,-3],[-10,-9],[-6,-5],[-9,-5],[0,-2],[-5,-5],[-6,-6],[-3,-2],[-2,-9],[-2,-7],[-6,-13],[-5,-9],[-3,-6],[-3,-7],[-6,-8],[-1,-5],[-3,-9],[-2,-3],[-3,-9],[-1,-4],[0,-3],[-2,-5],[-3,-3],[-7,-7],[-6,-11],[-4,-4],[1,-3],[2,-1],[4,-6],[0,-3],[2,-3],[4,-3],[3,2],[3,0],[4,-2],[7,-6],[5,-4],[2,-1],[1,-2],[5,-5],[5,-11],[0,-4],[4,-7],[1,-5],[1,-8],[-2,-5],[0,-8],[-2,-6],[0,-4],[-4,-10],[0,-3],[-2,-2],[1,-3],[-2,-2],[1,-3],[-1,-6],[-2,-9],[-2,-8],[-2,-4],[-3,-9],[-4,-7],[-7,-8],[-9,-8],[-7,-5],[-3,-2],[-4,-4],[-2,1],[-5,-2],[3,-2],[-1,-5],[4,-4],[-1,-5],[-3,-1],[1,-8],[-4,-2],[0,-3],[1,-2],[-2,-6],[-2,-3],[6,-1],[2,-3],[-1,-4],[2,-1],[3,-3],[5,-1],[10,-4],[5,-3],[5,-1],[10,-3],[2,0],[-1,-2],[-2,0],[0,-3],[4,0],[2,2],[-1,4],[4,1],[1,2],[3,1],[3,0],[4,2],[2,2],[4,3],[5,3],[4,1],[3,3],[3,1],[4,0],[5,2],[2,2],[2,0],[3,4],[6,4],[6,5],[0,2]],[[7546,4267],[-17,7],[-1,7],[3,14],[3,13],[0,6],[-2,9],[3,4],[1,0],[3,8],[-4,3],[2,2],[-2,2],[4,6],[1,7],[2,0],[2,6],[3,9],[-1,2],[4,8],[13,6],[-1,5],[3,2],[1,4],[9,9],[5,12],[0,4],[15,11],[3,3],[11,0],[19,11],[1,0],[18,13],[19,13],[21,4],[11,19],[8,15],[3,5],[2,4],[0,8],[1,6],[14,7],[9,6],[19,-3],[10,10],[4,-2],[5,7],[1,5],[-4,14],[20,-3],[2,6],[3,2],[-4,4],[1,2],[14,11],[5,-1],[6,-2],[1,3],[4,0],[5,2],[5,3],[-1,3],[1,3],[-2,2],[-2,2],[-2,2],[-4,3],[-1,3],[1,8],[1,4],[3,7],[1,1],[0,3],[4,13],[1,6],[-4,10],[-11,13],[-42,39],[-25,24]],[[7750,4751],[-8,7],[-3,3],[-4,2],[-4,3],[-8,8],[-11,32],[4,22],[0,4],[1,19],[5,4],[-5,6],[-1,2],[0,7],[-1,4],[-4,6]],[[6966,5529],[-2,-3],[-8,2],[-2,0],[2,-3],[3,-4],[5,0],[1,1],[2,5],[0,4],[-1,-2]],[[6940,5416],[-4,4],[-1,3],[-2,5],[1,1],[-2,2],[-1,5],[-1,1],[-3,-3],[-1,0],[0,4],[3,3],[0,-3],[1,0],[0,3],[5,-3],[-4,3],[3,5],[2,0],[2,5],[5,0],[2,-2],[2,2],[-8,1],[-1,1],[0,3],[-5,0],[-4,3],[-3,-1],[1,4],[-4,6],[-5,1],[-4,2],[-5,-2],[-5,0],[-8,-4],[-2,-2],[-4,0],[-3,3],[0,-5],[1,-5],[-4,-1],[-1,-4],[3,0],[3,2],[1,-2],[-3,-1],[-4,0],[-3,-1],[1,-4]],[[6881,5445],[-3,-1],[4,-2],[-4,1],[5,-3],[1,3],[-1,1],[3,-1],[-1,-2],[8,-1],[3,1],[-1,-8],[4,-4],[4,5],[3,2],[0,-3],[6,-1],[3,-2],[0,-2],[-1,-2],[-4,-3],[-5,0],[0,-2],[-4,0],[-2,-2],[-6,2],[0,-2],[-3,0],[8,0],[-2,-3],[2,-1],[-1,-1],[2,-1],[-1,-3],[1,-4],[-2,-2],[1,-3],[3,1],[2,-2],[0,-5],[4,-3],[-1,-2],[2,-5],[2,-4],[0,-3],[6,-6],[3,-2],[2,-2],[2,2],[4,2],[6,5]],[[6933,5377],[0,0]],[[6933,5377],[0,0]],[[6933,5377],[1,1]],[[6934,5378],[0,1],[6,1],[5,2],[1,3],[4,2],[4,4],[1,5],[3,1],[1,4],[-3,6],[-8,3],[-4,-2],[-1,0],[-3,8]],[[7111,5451],[1,3],[-2,4],[-6,1],[-3,-3],[0,-3],[-4,-3],[0,-2],[10,1],[4,2]],[[6893,5437],[2,3],[-3,-2],[1,-1]],[[6894,5432],[0,3],[-4,-1],[4,-2]],[[7087,5361],[1,1],[7,-1],[0,5],[-6,6],[-3,0],[-2,-3],[2,-4],[-1,-4],[-1,-1],[1,-3],[2,4]],[[7101,5327],[0,0]],[[7101,5327],[0,0]],[[7101,5327],[-2,3],[5,1],[-1,4],[-3,4],[-4,2],[0,2],[-5,2],[-6,4],[-3,1],[-1,-2],[-12,-2],[-1,-3],[-1,-3],[1,-2],[4,-1],[4,-4],[-1,-5],[-1,-4],[-2,-1],[-1,-6],[-2,-3],[0,-6],[2,-2],[8,-5],[3,0],[9,2],[7,0],[3,1],[6,4],[0,1],[4,2],[-2,9],[-6,4],[-2,3]],[[6984,5284],[-3,-1],[-7,1],[-1,-2],[-8,2],[-6,-1],[-2,-2],[-2,-6],[-3,-3],[-4,-4],[-3,-5],[1,-2],[6,1],[5,0],[1,1],[8,1],[1,1],[3,0],[-2,-3],[2,-1],[8,-1],[0,2],[5,1],[2,-3],[0,-3],[4,0],[3,-1],[10,0],[1,-2],[5,-1],[6,0],[3,2],[5,0],[12,-1],[4,0],[5,0],[3,0],[3,4],[5,1],[1,3],[4,3],[1,3],[-3,2],[-6,4],[-7,3],[0,1],[-6,1],[-10,-1],[-5,2],[-7,0],[-8,1],[-1,-1],[-4,1],[1,2],[-8,0],[-1,-1],[-11,2]],[[6831,5275],[0,2],[-2,2],[-6,3],[-4,-2],[5,-1],[3,-3],[4,-1]],[[6851,5279],[2,-3],[3,0],[-5,3]],[[6861,5272],[-3,2],[-2,0],[5,-2]],[[7223,5084],[0,5],[-3,3],[-4,3],[-6,0],[2,-2],[5,-5],[-1,-3],[7,-1]],[[7426,4991],[5,-1],[2,-1],[3,1],[12,7],[2,1],[-4,3],[-5,-1],[-9,1],[-2,-1],[-6,-1],[-5,-2],[-9,0],[1,-4],[3,0],[12,-2]],[[7536,4956],[-4,-1],[0,-3],[1,-1],[3,1],[2,2],[4,1],[1,1],[-4,1],[-3,-1]],[[7438,4229],[2,0],[1,4],[-3,0],[-3,-2],[3,-2]],[[8585,5049],[-5,-2],[-4,0],[-2,-2],[-6,-1],[-1,-2],[0,-2],[-4,-3],[0,-1],[-8,-1],[-11,-5],[-6,-1],[-9,-2],[-4,-3],[-14,-5],[-6,-2],[-1,-2],[-1,2],[-2,-1],[3,-1],[-4,-4],[-9,-2],[-5,0],[-4,-2],[-3,-3],[-5,-1],[-8,0],[-4,0],[-8,0],[-4,0],[-2,-3],[-5,1],[-2,-1],[-6,1],[-3,0],[-1,-2],[1,-2],[-7,0],[2,3],[-4,2],[-10,2],[-4,0],[-1,-1],[-1,-4],[3,-4],[0,-2],[-3,-4],[3,-3],[0,-4],[-3,1],[-6,-7],[-1,-3],[-7,-6],[-5,0],[-4,1],[-3,-1],[-1,2],[5,2],[-5,3],[-6,-1],[0,1],[3,2],[7,2],[1,5],[1,-1],[5,2],[3,0],[0,3],[-4,0],[-1,-1],[-4,0],[-2,-1],[-1,3],[-9,2],[8,1],[3,-1],[4,2],[-2,2],[3,-1],[-1,4],[-3,0],[-2,7],[4,1],[-1,1],[-3,0],[3,1],[8,6],[2,0],[4,2],[0,4],[3,2],[4,-2],[3,1],[5,1],[8,7],[-4,2],[-20,5],[-9,4],[-7,3],[-6,5],[-4,2],[-7,-1],[-4,-1],[-1,-1],[-3,0],[0,11],[-3,2],[-5,1],[2,3],[-1,3],[-4,2],[-5,3],[-4,4],[-7,8],[-4,3],[-4,0],[-2,1],[3,3],[3,0],[0,3],[-2,2],[-4,2],[-13,-2],[-4,0],[-8,-1],[-4,-2],[-4,3],[-28,-1],[-15,0],[-6,0],[-9,0],[-13,1],[-4,4],[0,-2],[-3,-2],[-3,-1],[-4,2],[2,-4],[7,0],[3,-2],[0,-3],[-3,1],[-1,-1],[3,-2],[-4,-3],[1,-2],[-1,-2],[2,0],[1,-2],[-2,-2],[0,-2],[-1,-1],[-2,1],[2,1],[-2,0],[-9,-3],[-7,-2],[-10,-2],[-4,2],[1,-3],[-2,-1],[2,-2],[-1,-2],[2,-3],[1,0],[0,-3],[1,-1],[0,-2],[3,-1],[-3,-2],[-3,0],[-1,1],[-8,2],[-2,1],[-2,-2],[-5,1],[1,3],[-5,3],[-1,0],[-6,1],[-1,3],[1,2],[-1,1],[-2,5],[-5,0],[3,-2],[-1,-3],[-2,0],[-1,-2],[-7,0],[2,-3],[-2,-3],[4,0],[-5,-5],[2,1],[2,-3],[4,3],[4,0],[3,-2],[-1,-4],[-2,-3],[-3,-1],[-5,-2],[1,-2],[-1,-2],[-2,1],[1,-3],[-2,-1],[-10,-4],[-10,-1],[-13,-1],[-9,3],[-6,-5],[-6,-1],[0,3],[3,1],[1,2],[2,4],[1,3],[3,3],[-1,4],[-3,7],[0,2],[-3,3],[-4,-1]],[[7750,4751],[10,7],[27,21],[47,38],[14,-5],[53,-20],[24,4],[19,-2],[13,0],[6,-1],[14,-3],[8,-2],[5,-4],[8,-1],[5,2],[3,2],[7,2],[0,3],[8,0],[2,1],[3,0],[5,2],[3,2],[2,0],[1,-1],[5,2],[0,3],[3,0],[6,0],[0,1],[2,2],[-2,5],[3,2],[3,0],[2,4],[5,2],[-4,3],[0,3],[5,-2],[-3,3],[-1,2],[2,1],[0,-2],[2,3],[3,-1],[3,1],[-1,3],[5,1],[0,1],[7,4],[2,1],[-2,2],[3,1],[3,-2],[1,1],[8,1],[0,2],[3,1],[1,-1],[9,-1],[6,2],[5,0],[12,3],[-4,-9],[-13,-13],[7,-5],[16,-7],[11,-6],[7,-1],[5,1],[7,0],[7,2],[5,1],[20,-2],[5,1],[11,5],[6,4],[5,-1],[13,3],[6,-5],[3,1],[7,0],[1,1],[10,2],[10,-11],[6,-10],[-2,-11],[5,2],[6,0],[4,2],[12,3],[11,-2],[9,1],[8,2],[7,1],[10,10],[0,4],[3,7],[9,9],[0,2],[-4,4],[-2,5],[-3,1],[-8,1],[18,16],[-1,3],[2,2],[7,3],[12,4],[1,-2],[6,2],[7,-2],[9,3],[3,2],[10,0],[6,4],[3,1],[5,-1],[-1,6],[-7,8],[-2,5],[1,1],[-1,5],[1,7],[-1,2],[4,3],[-1,2],[2,2],[10,7],[21,8],[22,7],[18,1],[9,1],[12,1],[11,7],[1,7],[1,3],[-8,7],[3,10],[2,2],[0,2],[4,2],[6,4],[0,3],[3,5],[6,6],[3,0],[2,5],[2,1],[2,5],[1,15],[3,2],[7,1],[7,14],[2,2],[4,2],[-1,4]],[[8329,5112],[2,1],[-1,3],[3,1],[2,-1],[5,3],[-4,2],[-3,-1],[-2,2],[-3,-1],[0,-4],[-1,-5],[2,0]],[[7546,4267],[1,6],[3,3],[3,0],[1,2],[5,1],[3,1],[4,1],[1,3],[3,4],[6,4],[-1,5],[3,5],[3,3],[4,1],[2,2],[5,1],[-2,2],[-1,4],[2,1],[0,4],[1,1],[2,5],[2,2],[3,1],[3,6],[3,1],[2,6],[2,3],[11,6],[10,0],[7,1],[5,1],[13,-1],[3,5],[7,3],[7,1],[1,2],[6,3],[1,3],[7,2],[3,2],[-1,3],[4,3],[12,4],[3,2],[3,1],[9,6],[7,-1],[3,1],[11,-1],[5,0],[7,-2],[4,0],[4,2],[3,3],[3,6],[2,1],[6,1],[5,3],[2,0],[13,1],[17,-2],[9,1],[7,0],[0,2],[1,-2],[6,1],[2,2],[3,4],[3,2],[8,1],[7,-1],[12,0],[4,1],[4,-1],[4,-1],[7,1],[4,0],[10,1],[11,3],[7,3],[14,3],[5,0],[11,2],[3,0],[6,1],[11,0],[11,1],[8,-2],[8,-3],[5,-2],[31,0],[4,0],[12,5],[5,1],[1,1],[5,0],[2,2],[12,-1],[6,-2],[2,0],[3,4],[5,6],[-1,2],[4,0],[1,3],[-4,1],[3,0],[2,4],[-2,1],[4,3],[1,4],[1,0],[0,5],[-2,4],[-4,1],[-4,-2],[-1,1],[1,6],[3,6],[2,2],[6,5],[5,2],[5,5],[9,3],[1,1],[9,0],[2,2],[3,-6],[2,-2],[4,0],[2,2],[1,-1],[4,3],[1,3],[2,2],[4,0],[4,-3],[4,-2],[3,3],[2,4],[-1,5],[2,1],[8,0],[8,-1],[1,-2],[7,-1],[6,-4],[3,0],[5,-3],[-2,-3],[2,0],[1,3],[10,2],[7,0],[6,2],[4,4],[2,3],[4,3],[3,3],[3,6],[4,2],[7,5],[2,4],[-2,1],[2,3],[2,1],[1,4],[-3,4],[1,1],[4,-2],[10,5],[5,4],[1,6],[-3,3],[1,2],[-1,3],[3,3],[-1,3],[1,3],[-3,0],[-2,3],[4,0],[3,1],[2,2],[0,3],[-5,2],[1,2],[-3,2],[1,4],[-2,1],[1,2],[-2,6],[-4,4],[-6,1],[-1,2],[3,0],[-1,4],[-4,0],[-2,3],[-3,0],[-2,2],[7,3],[2,3],[2,0],[2,3],[-1,2],[4,1],[-1,2],[0,5],[3,4],[1,2],[2,4],[5,2],[5,1],[5,-1],[2,1],[1,3],[4,-1],[6,2],[5,2],[4,-1],[1,1],[9,2],[3,0],[3,-4],[7,0],[1,-2],[3,-1],[-2,-1],[6,-1],[3,3],[-1,2],[-3,0],[-1,6],[3,1],[-4,1],[2,2],[1,5],[5,0],[1,3],[5,3],[4,0],[1,2],[5,1],[4,1],[12,-1],[2,-3],[-1,-4],[2,-1],[2,2],[5,0],[6,-1],[1,2],[4,2],[0,1],[3,4],[2,6],[0,8],[2,0],[-1,3],[2,1],[-1,3],[7,3],[1,0],[7,-1],[5,-2],[5,-3],[-1,-3],[-2,-1],[-3,-3],[-2,-4],[0,-6],[2,-3],[4,-2],[5,4],[4,0],[2,1],[3,5],[6,3],[1,2],[-5,1],[-3,0],[-5,6],[0,4],[2,2],[3,2],[8,0],[11,1],[4,-2],[0,-3],[6,3],[-1,2],[-3,0],[1,4],[3,1],[4,-1],[4,1],[7,4],[2,3],[4,2],[3,2],[0,4],[2,3],[1,3],[-1,2],[2,2],[1,6],[2,1],[-2,4],[2,11],[4,5],[6,2],[-2,3],[2,5],[2,3],[4,0],[3,3],[7,0],[8,-1],[3,0],[6,-2],[5,0],[5,-1],[6,-3],[0,-2],[3,-3],[-4,-3],[4,-2],[3,0],[1,-1],[5,-1],[3,2],[-2,3],[5,3],[-1,5],[-3,-1],[-1,2],[-3,1],[-5,0],[-2,-1],[0,3],[-4,1],[0,4],[3,2],[3,-3],[3,0],[5,-4],[3,0],[3,-3],[7,-2],[0,-4],[5,3],[4,0],[8,3],[1,4],[4,1],[-1,5],[2,2],[-5,9],[2,3],[-4,2],[-3,6],[0,2],[-4,3],[-9,2],[-6,2],[-4,2],[0,5],[1,1],[0,4],[0,4],[2,2],[-1,2],[3,1],[-3,9],[0,3],[5,1],[-5,5],[1,4],[2,0],[1,4],[6,3],[1,4],[0,5],[1,3],[-1,2],[0,5],[-3,2],[-4,7],[1,5],[4,4],[5,2],[3,-1],[3,-3],[4,0],[10,2],[3,2],[0,3],[-2,3],[-4,3],[-1,4],[0,2],[3,-1],[7,0],[4,1],[3,3],[2,6],[2,0],[-1,3],[3,0],[0,2],[-3,0],[-2,2],[1,2],[4,-1],[-1,2],[-4,1],[-1,3],[0,2],[3,2],[-4,1],[-3,4],[-4,3],[-3,-1],[-4,2],[0,3],[5,3],[1,2],[3,1],[2,3],[-1,1],[3,5],[4,2],[6,1],[1,2],[-2,2],[3,4],[0,1],[2,1],[2,6],[2,4],[3,-1],[1,-2],[1,2],[-2,4],[-4,1],[-3,3],[-1,4],[-5,1],[-3,-2],[-2,0],[-4,-3],[-4,1],[0,2],[3,-1],[-1,3],[0,3],[2,-1],[0,2],[-9,2],[-5,-2],[0,-1],[-5,5],[1,1],[2,-2],[6,1],[-1,3],[-6,4],[-2,2],[-2,0],[-2,2],[5,0],[-2,3],[4,6],[0,-3],[5,-1],[3,-4],[-1,-5],[2,-1],[4,1],[-3,2],[9,13],[2,4],[2,1],[1,3],[2,2],[-2,1],[1,3],[1,2],[3,1],[3,4],[4,0],[1,3],[-1,3],[2,1],[-4,3],[-6,3],[-6,7],[-2,2],[1,3],[5,3],[-3,1],[-8,-6],[-4,-4],[-3,-3],[0,-3],[-1,-3],[-9,-5],[-5,-4],[-3,-2],[-4,1],[-2,-2],[0,-2],[-2,-2],[-8,-3]],[[8829,5093],[4,5],[0,6],[3,2],[0,1],[3,4],[1,3],[-1,3],[-14,-3],[-3,-3],[0,-11],[2,-1],[2,-4],[3,-2]],[[8813,5069],[4,1],[3,3],[2,3],[2,1],[2,4],[5,0],[5,-3],[1,4],[0,7],[-4,-4],[-8,-1],[-5,3],[-8,0],[-1,1],[-8,-8],[5,-2],[4,-3],[-3,-5],[4,-1]],[[8696,5077],[5,0],[2,3],[-4,1],[1,1],[-4,2],[-3,0],[-5,-4],[0,-1],[2,-4],[3,1],[3,1]],[[8763,5072],[2,4],[-3,5],[-2,-2],[2,-6],[1,-1]],[[8839,5067],[2,2],[-3,-1],[1,-1]],[[8830,5065],[-1,3],[-2,-1],[1,-3],[2,1]],[[8713,5051],[7,6],[3,3],[-5,-1],[-1,-2],[-3,-1],[-5,-6],[2,-1],[2,2]],[[8828,5060],[-2,-2],[2,-1],[0,3]],[[8680,5044],[1,-2],[-3,-4],[4,-1],[3,4],[-1,3],[-2,1],[-2,-1]],[[8647,5010],[3,1],[1,1],[7,5],[0,3],[3,1],[-2,2],[3,2],[4,-1],[2,1],[8,0],[2,8],[3,1],[-1,1],[-3,-1],[-1,4],[-4,2],[1,4],[-4,-1],[-3,-2],[0,-4],[-2,-2],[-7,-1],[-3,0],[-2,0],[0,-4],[-2,-1],[0,-3],[-2,-2],[2,-1],[-2,-8],[-3,-1],[-4,0],[-1,-3],[7,-1]],[[8620,5016],[4,0],[-1,3],[-4,1],[-4,2],[-2,3],[3,4],[-5,1],[0,-3],[-2,-2],[4,-3],[3,-2],[4,-4]],[[8684,4992],[2,0],[4,-4],[9,0],[2,-1],[13,3],[5,1],[1,3],[-1,6],[-2,2],[2,2],[1,3],[-2,3],[2,3],[0,5],[3,3],[0,1],[-5,4],[-6,2],[3,-5],[-5,-2],[0,-2],[2,-2],[-1,-3],[-4,1],[0,3],[-4,5],[-3,0],[-6,-2],[-5,0],[-4,-1],[-2,-2],[5,-5],[1,-3],[-3,-2],[-2,-1],[-5,-5],[-2,0],[-1,-2],[2,-2],[5,-2],[1,-4]],[[8663,5015],[-4,-5],[4,1],[2,2],[-2,2]],[[8670,4999],[1,2],[7,4],[3,3],[-1,2],[-4,2],[-4,-5],[-3,-1],[-3,-2],[1,-3],[3,-2]],[[8668,5010],[3,1],[-1,1],[-3,-1],[1,-1]],[[8739,5008],[-5,-3],[6,0],[2,2],[-3,1]],[[8676,4995],[0,3],[-5,0],[0,-3],[5,0]],[[8660,4987],[-1,3],[-4,2],[-2,-2],[-3,-1],[7,-1],[2,-3],[1,2]],[[8734,4961],[2,1],[8,-1],[4,2],[4,6],[5,3],[1,2],[-1,1],[3,2],[-3,4],[1,3],[-9,2],[-5,2],[-2,0],[-6,2],[-2,2],[-5,-2],[2,-3],[-5,-3],[2,-6],[1,-1],[1,-3],[3,-3],[3,-3],[1,-4],[-4,-2],[1,-1]],[[8767,4986],[-6,-1],[3,-2],[3,1],[0,2]],[[8665,4962],[0,2],[3,3],[3,1],[2,2],[-1,2],[-5,0],[-1,-4],[-3,0],[1,-3],[-3,0],[4,-3]],[[8661,4971],[-3,0],[1,-2],[2,2]],[[8629,4950],[2,3],[-3,1],[1,-4]],[[8648,4932],[3,1],[-2,2],[-3,0],[2,-3]],[[8660,4883],[2,-1],[4,4],[-6,0],[-1,-3],[1,0]],[[8635,4847],[-1,-4],[2,-1],[-1,-4],[2,-1],[-2,-3],[5,2],[2,0],[1,4],[2,2],[3,-3],[4,-1],[4,4],[-2,1],[-1,6],[1,2],[2,0],[3,2],[2,0],[-1,3],[3,1],[4,-1],[1,5],[4,2],[7,2],[-2,3],[-5,2],[-2,2],[-4,4],[-2,-3],[-4,-2],[-3,0],[-3,2],[0,3],[3,1],[-5,3],[-6,1],[-4,-1],[-1,-2],[1,-4],[-2,0],[-1,-1],[4,-2],[0,-2],[-4,-1],[3,-3],[-1,-1],[1,-6],[-1,-2],[1,-1],[-6,-4],[-1,-4]],[[8637,4875],[1,3],[-4,-1],[3,-2]],[[8608,4809],[3,4],[2,1],[7,1],[3,7],[0,7],[1,3],[4,1],[2,3],[-1,2],[3,0],[0,5],[-4,0],[1,1],[3,3],[-3,-1],[-7,-1],[-2,1],[-1,-2],[3,-2],[0,-5],[-2,1],[-2,-2],[3,-3],[-2,-3],[-6,-1],[-3,-4],[1,-1],[-1,-7],[-2,-3],[1,-2],[-1,-3]],[[8660,4844],[-2,-1],[3,-3],[2,1],[2,4],[-3,1],[-2,-2]],[[8699,4835],[-3,-2],[-8,0],[-4,-4],[1,-2],[-2,-2],[11,-1],[4,1],[2,3],[1,7],[-2,0]],[[8646,4824],[-4,0],[-1,-2],[0,-2],[5,-1],[2,1],[0,3],[-2,1]],[[8680,4819],[-2,0],[3,-3],[1,3],[-2,0]],[[8658,4794],[1,2],[7,5],[5,2],[4,5],[-1,3],[1,2],[-5,1],[-1,-2],[-4,-1],[-1,2],[-7,2],[-3,-2],[-1,2],[-2,0],[-3,-4],[1,-2],[-7,-2],[4,-3],[1,-8],[2,-2],[4,1],[5,-1]],[[8819,4801],[1,-4],[2,2],[-3,2]],[[8642,4783],[4,3],[-2,4],[0,-2],[-2,-2],[0,-3]],[[8662,4790],[-3,-1],[0,-1],[3,-1],[3,2],[-3,1]],[[8609,4727],[4,1],[1,2],[0,4],[1,3],[5,0],[2,3],[1,8],[3,1],[0,3],[3,3],[4,3],[4,0],[0,3],[1,1],[0,2],[-6,2],[-2,-1],[-4,-5],[-2,2],[-8,0],[0,-2],[-2,-1],[-2,1],[-4,0],[-3,-1],[-4,1],[-3,-4],[-3,-3],[-1,-3],[4,-4],[3,0],[1,-2],[-2,-2],[4,-4],[-3,-6],[4,-4],[-2,-2],[5,-1],[1,2]],[[8538,4759],[-1,2],[-1,-3],[1,-1],[1,2]],[[8537,4749],[1,1],[-2,2],[-2,-2],[3,-1]],[[8642,4722],[0,1],[-4,1],[2,-2],[2,0]],[[8508,4711],[2,-3],[3,-1],[-1,4],[0,2],[-4,-1],[0,-1]],[[8503,4704],[1,2],[0,4],[-2,1],[-1,-4],[2,-3]],[[8817,4206],[0,1],[4,0],[0,3],[1,3],[6,3],[-2,2],[2,5],[4,0],[2,6],[1,9],[4,4],[-1,3],[1,3],[7,0],[2,2],[-2,2],[1,3],[7,2],[4,0],[6,4],[3,1],[2,2],[4,1],[0,3],[5,1],[4,-1],[5,2],[5,4],[4,2],[2,-1],[3,-1],[5,8],[3,1],[3,4],[-1,3],[2,2],[4,1],[2,-3],[3,0],[5,4],[-1,5],[1,2],[5,3],[1,0],[3,3],[6,0],[-1,2],[-2,1],[-3,2],[3,1],[1,2],[-4,0],[-1,2],[4,3],[1,4],[9,-1],[1,3],[0,2],[-3,4],[0,5],[2,3],[2,1],[2,3],[3,8],[0,2],[4,2],[3,2],[1,5],[-2,1],[2,3],[1,0],[3,4],[1,3],[-3,4],[5,1],[0,7],[-1,3],[3,5],[0,7],[3,1],[0,3],[3,5],[-2,3],[2,1],[1,5],[-1,3],[2,1],[1,5],[4,6],[-2,4],[1,3],[6,4],[7,2],[2,1],[-7,3],[1,4],[9,4],[2,5],[2,1],[-1,4],[2,1],[-1,6],[0,3],[4,-3],[3,0],[-1,-2],[5,-1],[3,2],[2,3],[-1,4],[-3,1],[4,3],[5,0],[1,2],[4,0],[2,2],[-1,1],[2,6],[-2,3],[4,0],[5,4],[-1,3],[-2,1],[1,2],[-3,2],[-1,3],[-1,1],[-1,3],[-5,-1],[-6,2],[1,1],[6,0],[1,3],[4,3],[4,1],[1,1],[-1,6],[0,1],[-1,5],[-2,-1],[-3,-2],[0,-2],[-6,0],[-3,-1],[-4,-2],[-5,0],[-5,1],[-2,1],[0,3],[2,4],[0,3],[-7,3],[-1,2],[3,1],[-3,3],[-3,-3],[-1,5],[1,3],[-2,3],[0,3],[3,0],[3,2],[-5,2],[-2,2],[1,1],[-4,0],[-1,2],[3,5],[0,3],[-6,3],[-2,0],[-3,2],[-4,0],[5,2],[-1,3],[2,0],[4,-2],[-1,5],[-4,2],[0,2],[-3,1],[-5,-2],[-4,2],[0,2],[-2,1],[-2,3],[-6,-1],[-2,-2],[1,-2],[-3,0],[-1,-1],[-3,0],[-6,-3],[-4,-3],[-1,2],[1,2],[-3,3],[-4,0],[-10,7],[-4,1],[-5,0],[0,1],[-4,1],[-17,6],[-1,-1],[-3,2],[-6,2],[-7,-2],[-3,-2],[1,-3],[-5,-1],[1,6],[-3,4],[-5,1],[-9,1],[-6,1],[-5,-2],[-11,-1],[1,-2],[-2,-1],[-7,-2],[-3,0],[-13,3],[-3,0],[-5,-2],[-3,0],[-1,-2],[-7,4],[3,0],[4,-3],[1,2],[-9,5],[-7,1],[-7,2],[-2,2],[-4,2],[-8,2],[-4,2],[-8,4],[0,2],[-4,3],[-4,0],[-3,1],[-11,0],[-9,1],[5,2],[4,-1],[-1,5],[-4,-1],[-5,0],[-4,-2],[-7,1],[-6,0],[-9,3],[-5,-1],[-5,3],[-6,1],[-6,-2],[-3,-5],[-5,0],[1,-2],[-4,0],[-3,-3],[-1,-1],[-3,-1],[-4,-2],[0,-3],[-7,0],[-2,-3],[-1,4],[-3,0],[-6,-3],[-2,0],[-3,-2],[-6,0],[-8,-3],[-6,-7],[-4,0],[-3,-1],[0,-2],[-2,-2],[-3,-1],[-3,-3],[-6,-3],[-2,0],[0,-2],[-5,-1],[-3,-2],[0,-2],[-7,-7],[-6,-5],[-7,-1],[-3,2],[-4,-2],[-3,3],[-4,1],[-3,1],[-3,0],[1,2],[-8,0],[-4,0],[-4,-1],[-1,-2],[-12,-3],[-3,-2],[-7,2],[-11,-1],[-5,-2],[-2,0],[-7,-4],[1,-3],[-4,-2],[-7,-1],[-6,0],[-3,-1],[-6,0],[-4,-1],[-1,-3],[2,0],[5,-3],[1,-5],[-3,-9],[-3,-2],[-5,0],[-2,-5],[3,-3],[-6,2],[3,-5],[-1,-1],[4,-8],[-1,-4],[2,-3],[-1,-5],[1,-2],[-1,-8],[1,0],[2,-1],[5,-1],[3,1],[6,-4],[1,-4],[-4,-6],[1,-2],[-1,-4],[0,-3],[-3,-2],[3,-6],[0,-6],[-1,-5],[-3,-1],[2,-3],[-2,-2],[3,-5],[-3,-4],[-2,-1],[-7,1],[-3,1],[-2,-1],[0,-3],[3,-4],[0,-5],[1,-1],[-2,-4],[4,-4],[0,-5],[-1,-5],[-1,-1],[-3,0],[0,3],[-6,1],[1,1],[-5,2],[-3,-5],[10,-3],[-2,-3],[-7,1],[7,-2],[-3,-4],[-6,-1],[0,-1],[2,-1],[-5,-4],[-2,-3],[-4,-10],[1,-4],[-2,-2],[4,1],[-3,-8],[-5,-7],[0,-2],[-2,-1],[-3,1],[2,-5],[-4,-1],[-9,-3],[-5,0],[0,-1],[3,-3],[0,-3],[-10,-5],[-3,0],[-4,-2],[0,-3],[3,-3],[-2,-4],[-2,-2],[-1,1],[-7,-2],[-2,-5],[-4,-2],[-9,-2],[-2,-1],[-6,-1],[-2,1],[-4,-1],[-5,3],[-6,1],[0,-3],[-2,0],[-2,2],[-3,0],[-8,-5],[-3,-3],[-4,-2],[-1,-2],[-12,-9],[0,-2],[4,-2],[2,0],[7,-6],[5,-6],[3,-6],[3,-7],[3,-12],[-1,-1],[1,-5],[1,-11],[1,-3],[6,-7],[14,-11],[4,-4],[6,-1],[2,-3],[-1,0],[2,-6],[1,-5],[1,-2],[-1,-3],[1,-3],[2,0],[-1,-5],[3,0],[1,-11],[-1,-1],[-4,-1],[-1,-3],[-2,-5],[1,-5],[-2,-6],[-2,-1],[-2,-4],[-4,-2],[1,-3],[-2,-5],[-3,-4],[-3,-1],[2,-8],[2,-4],[3,-3],[-4,-3],[-1,-5],[1,-10],[0,-1],[-1,-7],[-3,-7],[-2,-2],[4,1],[-4,-3],[2,-2],[0,-4],[-1,-1],[1,-2],[5,-1],[-4,-1],[0,-1],[4,-8],[1,-6],[3,-5],[6,-10],[3,-7],[3,-13],[0,-8],[0,-8],[0,-6],[2,0],[-3,-7],[1,-2],[3,-1],[3,1],[-1,-3],[-2,0],[-6,-1],[-6,-6],[0,-2],[-5,-4],[-8,-3],[-3,-3],[-4,-1],[-4,0],[-3,-2],[-3,-3],[-1,2],[-5,-1],[-3,0],[-5,-1],[-4,0],[0,3],[-9,1],[-5,2],[-3,2],[-1,3],[-3,-2],[0,-4],[-3,1],[-3,-1],[-2,-2],[1,-1],[0,-4],[-3,2],[-1,-3],[-3,0],[-4,-1],[-5,-5],[-2,0],[0,-2],[-7,0],[-3,-3],[-3,-4],[-7,-4],[-10,-7],[2,0],[-4,-1],[-1,-3],[-6,-4],[-6,-3],[-5,-3],[-5,-5],[-8,-3],[-12,-4],[-9,-3],[-7,-2],[-6,-1],[-11,-1],[-14,0],[-4,0],[-7,0],[-8,0],[-18,2],[-12,2],[-2,-1],[-13,0],[-16,2],[-2,0],[-23,2],[-6,0],[-8,1],[-9,-1],[-4,-2],[-5,-1],[-13,1],[-7,0],[-4,-3],[-2,1],[-11,-2],[-1,-2],[-1,-7],[-1,-2],[1,-1],[-2,-3],[-5,1],[-1,2],[-2,-1],[6,-5],[1,-4],[-2,-6],[-2,-1],[0,-6],[0,-4],[-3,-6],[-5,-3],[0,-5],[-1,0],[-1,-3],[-6,-4],[-8,-2],[-3,-5],[-6,-4],[-1,-6],[-3,-2],[-4,-3],[0,-3],[-1,-3],[-3,-1],[-4,-1],[-4,-3],[-4,-2],[-3,0],[-1,-3],[-4,-4],[10,0],[1,-3],[-3,-6],[3,-3],[8,1],[2,-1],[3,-3],[-2,-3],[2,-5],[3,0],[0,-2],[-4,2],[-1,1],[-2,-3],[3,-1],[-1,-3],[-1,1],[-3,-3],[-2,0],[-3,-3],[2,0],[-2,-2],[3,-1],[2,-7],[2,0],[2,-8],[-1,-5],[5,1],[1,-1],[-6,-1],[1,-8],[-2,-3],[-3,-1],[2,-2],[-2,-2],[3,-1],[-1,-3],[-2,0]],[[7900,3731],[-3,-1],[-2,1],[0,-5],[-5,-5]],[[7890,3721],[-4,-3],[2,-4],[2,0],[5,-2],[2,-2],[-1,-3],[6,-2],[1,-1],[5,2],[3,3],[2,3],[5,2],[2,1],[4,-1],[3,-3],[-1,-4],[-5,-6],[-2,-1],[-6,-4],[-2,-1],[-5,0],[-2,-1],[4,-3],[2,-3],[-1,-2],[5,-5],[5,1],[2,-1],[2,2],[6,2],[7,5],[3,0],[5,-2],[2,-5],[0,-3],[2,0],[2,6],[4,-3],[5,0],[2,-1],[2,-3],[0,-3],[-2,-1],[2,-5],[-2,-3],[-1,-4],[-5,-3],[-3,1],[-3,-1],[0,-2],[-2,-2],[1,-4],[6,2],[8,0],[4,2],[4,-1],[-2,-4],[-4,-4],[1,-3],[10,-14],[1,-1],[7,-7],[0,-4],[2,-6],[7,-1],[3,-2],[6,-2],[0,-2],[3,1],[4,0],[2,-4],[1,0],[3,-1],[2,-2],[5,-2],[2,-3],[0,-2],[-3,-2],[5,-3],[2,-2],[-2,-2],[2,-2],[1,-2],[2,-1],[5,0],[3,-4],[-2,-4],[0,-3],[2,-5],[4,-3],[5,-2],[0,-3],[2,-2],[5,-6],[5,0],[5,-5],[5,-6],[3,-1],[4,-4],[3,-2],[4,-3],[7,0]],[[8090,3525],[1,1],[0,3],[4,3],[0,3],[-3,2],[3,3],[40,31],[21,19],[11,8],[15,13],[31,20],[8,5],[8,8],[11,11],[40,37],[19,18],[13,12],[58,50],[29,25],[7,6],[19,18],[28,25],[5,5],[16,14],[13,27],[7,16],[11,29],[24,27],[17,20],[6,7],[7,8],[6,8],[7,9],[26,32],[18,16],[7,8],[3,2],[11,10],[33,30],[4,3],[5,8],[-3,23],[-23,2],[-2,4],[-2,1],[1,2],[9,2],[1,-1],[4,3],[3,1],[-1,3],[-2,1],[0,2],[3,-1],[3,1],[2,2],[-3,3],[0,8],[0,6],[-4,5],[-19,17],[-28,18],[5,7],[6,6],[1,3],[55,3],[5,-2],[6,2],[2,-1],[5,2],[6,-1],[5,1],[3,-4],[3,3],[6,-3],[2,-2],[4,-8],[-3,-3],[-2,1],[2,-2],[5,0],[22,-7],[19,-5],[13,-4],[29,-7]],[[8688,4683],[2,1],[-4,0],[-4,2],[3,-3],[3,0]],[[9019,4635],[2,3],[-5,0],[3,-3]],[[9046,4620],[0,4],[-1,3],[-5,4],[-5,0],[-3,-4],[-2,-5],[-4,3],[1,1],[0,3],[-4,-1],[-3,5],[-1,-5],[6,-2],[-2,-2],[3,0],[6,-2],[-5,-2],[2,-2],[5,3],[12,-1]],[[8880,4620],[-4,2],[-1,-2],[1,-3],[4,3]],[[9043,4617],[-1,3],[-4,0],[1,-1],[4,-2]],[[9045,4620],[-1,-2],[2,0],[-1,2]],[[8933,4616],[3,1],[-1,2],[-3,0],[-2,-2],[3,-1]],[[8879,4614],[0,2],[-2,-2],[2,0]],[[8982,4601],[2,1],[6,3],[0,2],[-3,1],[-5,1],[-5,-1],[2,-6],[3,-1]],[[9035,4561],[5,1],[-1,1],[-4,-2]],[[8902,4246],[7,6],[1,3],[6,4],[3,5],[3,-1],[5,4],[1,3],[-1,6],[-4,1],[-5,-6],[-7,-7],[-1,-2],[-3,-1],[-1,-1],[-6,-5],[-2,-3],[-2,0],[2,-6],[2,-2],[2,2]],[[7884,3831],[2,0],[0,4],[0,6],[-4,0],[0,-1],[2,-2],[-1,-5],[-2,-1],[3,-1]],[[7891,3826],[2,1],[-4,1],[2,-2]],[[7873,3803],[1,2],[-2,-1],[1,-1]],[[7943,3676],[-5,-3],[0,-3],[2,-1],[1,2],[1,1],[1,4]],[[8001,3601],[2,2],[-3,3],[-3,-2],[2,-3],[2,0]],[[8009,4253],[-1,-2],[1,-4]],[[8009,4247],[0,0]],[[8009,4247],[0,0]],[[8009,4247],[0,-2],[3,-3],[3,-1],[-2,-1],[-1,-3],[1,0],[2,-3],[-2,-1],[4,1],[2,-3],[-4,-2],[0,-2],[2,0],[0,-3],[3,1],[4,-3],[4,3],[3,-1],[1,2],[4,0],[3,-2],[5,1],[4,1],[5,5],[2,0],[0,2],[5,5],[1,1],[3,2],[2,5],[1,1],[5,6],[3,2],[1,-1],[8,4],[3,-1],[3,1],[4,-7],[-2,-3],[-5,1],[1,1],[-7,-1],[2,-2],[-1,-2],[3,-1],[0,-3],[-2,-1],[9,1],[5,0],[1,2],[4,1],[3,2],[4,0],[5,1],[5,-1],[5,-4],[0,2],[3,-1],[-1,2],[1,3],[1,-1],[1,4],[3,2],[4,0],[3,-1],[1,2],[3,2],[-1,1],[2,5],[-1,2],[1,6],[3,2],[7,1],[2,-2],[0,-1],[9,2],[-2,2],[1,8],[5,3],[1,0],[2,3],[5,3],[3,0],[1,1],[-2,8],[1,3],[2,0],[0,8],[0,3],[3,3],[6,1],[0,5],[5,2],[-2,6],[2,4],[1,0],[1,2],[3,1],[3,3],[1,1],[-2,3],[1,5],[4,1],[1,3],[-1,2],[2,0],[1,4],[3,5],[3,3],[2,4],[5,3],[-2,1],[0,5],[-4,4],[0,2],[3,1],[2,4],[-2,2],[1,2],[-2,2],[-5,2],[-1,7],[2,3],[-2,6],[2,3],[0,3],[2,3],[-1,3],[2,2],[-2,3],[-2,4],[1,3],[-4,4],[-1,3],[-6,2],[-1,2],[-6,1],[-4,2]],[[8194,4454],[-4,2],[-3,2],[-3,0],[-6,9],[-2,0],[-4,3],[-4,2],[-2,-1],[-2,3],[-5,0],[-2,1],[-2,-1],[-7,-1],[-1,-4],[2,-2],[2,1],[-4,-4],[4,-1],[3,-2]],[[8154,4461],[0,0]],[[8154,4461],[0,0]],[[8154,4461],[0,0]],[[8154,4461],[0,0]],[[8154,4461],[1,0]],[[8155,4461],[-2,1],[-5,0],[-3,-2],[-7,-1],[-5,-3],[-3,0],[-5,-2],[-2,0],[-2,-2],[-6,-2],[0,-3],[-2,-2],[0,-2],[-2,-3],[1,-3],[2,-2],[1,-3],[0,-4],[3,-1],[-7,-3],[1,-3],[-1,-2],[-3,-1],[-3,0],[0,2],[-7,-3],[-6,0],[-2,-4],[1,-2],[-2,-1],[-3,0],[-3,-1],[0,-2],[-6,-1],[-2,1],[-3,2],[-2,3],[-6,0],[-2,-3],[3,-3],[1,-8],[-2,-5],[-4,-3],[-5,-1],[-2,-3],[1,-2],[-3,0],[-11,-4],[-2,-3],[-3,0],[0,-2],[-5,-1],[0,-3],[2,-4],[-1,-2],[-1,0],[-1,-2],[-7,1],[-1,-5],[-2,0],[-2,-6],[-3,-3],[1,-4],[-1,-3],[1,-4],[1,-2],[2,0],[0,-2],[2,-3],[0,2]],[[8020,4334],[0,0]],[[8020,4334],[1,1]],[[8021,4335],[0,0]],[[8021,4335],[2,1],[1,-3],[-2,-3],[6,0],[-5,-1],[0,-2],[3,0],[-3,-2],[-1,-2],[3,-2],[3,0],[7,5],[4,1]],[[8039,4327],[0,0]],[[8039,4327],[0,0]],[[8039,4327],[0,0]],[[8039,4327],[1,-2],[4,-3],[1,0],[-1,-4],[-3,1],[-5,-2],[-3,1],[-1,-2],[2,-3],[-5,2],[-5,0],[-2,1],[-7,0],[-2,-2],[2,-2],[1,1],[1,-1],[2,2],[0,-3],[4,-6],[4,-1],[-5,-5],[-4,-1],[0,-1],[-13,1],[-2,-2],[-4,-1],[-5,1],[-1,-1],[-3,1],[-4,-1],[-5,-6],[-1,-6],[0,-5],[-1,-1],[1,-3],[3,0],[0,2],[2,2],[1,3],[1,-1],[-2,-3],[-1,-1],[5,-4],[5,1],[2,-3],[-2,-2],[-2,0],[-3,-3],[6,2],[3,-1],[4,0],[1,2],[3,1],[4,0],[0,-4],[-1,2],[-5,-1],[-1,-2],[3,0],[-1,-4],[5,1],[2,-1],[-4,-1],[-3,-2],[7,-2],[-3,-2]],[[8235,4295],[3,1],[-2,2],[1,3],[-1,0],[-7,1],[-1,-1],[5,-3],[2,-3]],[[8236,4292],[2,-1],[2,2],[0,2],[-1,1],[-3,-3],[0,-1]],[[8225,4288],[-7,4],[-2,0],[-5,-3],[0,-2],[5,-1],[8,-1],[1,1],[0,2]],[[8191,4248],[3,4],[9,3],[7,0],[6,-1],[2,-1],[2,1],[5,3],[-4,2],[-2,4],[-3,0],[-3,2],[-1,3],[-3,0],[-5,4],[-4,2],[-7,-2],[-2,-2],[-2,0],[-2,-2],[-2,-1],[0,-5],[3,-1],[2,0],[1,-2],[-3,1],[-3,-3],[-1,-4],[-3,-2],[1,-1],[6,-1],[3,-1]],[[8176,4265],[-2,-1],[3,-1],[-1,2]],[[8152,4260],[0,2],[-2,-1],[2,-1]],[[8143,4254],[3,1],[1,2],[-4,-3]],[[8009,4253],[0,1],[-3,0],[3,-1]],[[8150,4243],[2,1],[-1,2],[-4,-2],[3,-1]],[[8165,4239],[1,1],[-4,3],[-1,-2],[3,-3],[1,1]],[[8004,4231],[0,2],[1,1],[-2,2],[3,2],[-4,1],[1,-5],[1,-3]],[[8008,4232],[0,0]],[[8008,4232],[-2,0],[-1,-3],[3,0],[0,3]],[[8062,4219],[2,2],[1,-2],[3,2],[9,-1],[8,0],[2,0],[8,0],[3,2],[-1,2],[2,3],[-2,0],[-2,-2],[-9,-1],[1,1],[-4,1],[-8,-2],[-6,0],[-1,4],[-5,2],[-2,-2],[0,-4],[1,-1],[-2,-3],[2,-1]],[[8079,4228],[1,-1],[4,0],[0,3],[-3,0],[-2,-2]],[[8087,4227],[2,0],[2,2],[-5,0],[1,-2]],[[8012,4220],[1,1],[3,0],[0,3],[-3,2],[-2,-2],[1,-4]],[[8052,4222],[6,-1],[1,2],[-3,1],[-4,-2]],[[8121,4208],[3,3],[0,2],[-4,0],[-1,3],[-3,1],[-4,-3],[-7,3],[-10,-1],[-2,-1],[4,-1],[6,-3],[8,-2],[7,0],[3,-1]],[[9317,3842],[-1,-1],[-6,-1],[-1,3],[-2,0],[0,-2],[0,-3],[-2,-4],[-3,-2],[3,-1],[-1,-3],[-4,-1],[1,3],[-3,-1],[-8,-9],[-2,0],[-1,-3],[-3,-1],[-5,-4],[-5,1],[-4,-1],[3,-1],[0,-3],[2,-2],[-2,0],[-2,-2],[-4,-2],[1,-4],[-2,-1],[1,-2],[-3,1],[-3,-3],[3,-1],[-3,-3],[0,-2],[-1,0],[-2,-2],[1,-2],[-2,-3],[-3,-2],[1,-4],[-1,-5],[-2,-7],[1,-1],[0,-8],[1,-5],[0,-1],[2,-4],[0,-4],[3,-4],[7,-1],[13,1],[9,2],[4,1],[6,1],[2,2],[4,-1],[6,-1],[2,-4],[5,-5],[3,1],[0,-2],[2,-1],[-4,0],[-2,-4],[6,0],[0,-2],[8,-1],[3,1],[-4,-2],[-1,-5],[1,-5],[-3,0],[-3,-1],[-1,-1],[2,-4],[-3,-6],[-4,-4],[1,0],[-5,-4],[-2,-3],[1,-4],[5,-9],[-4,-1],[5,0],[0,-2],[2,-2],[2,-4],[3,0],[1,-1],[7,-2],[1,-1],[5,-2],[-1,-1],[5,0],[2,-1],[13,-1],[6,0],[12,-2],[8,-1],[5,-2],[7,-1],[9,-3],[4,-2],[7,-2],[5,1],[-1,-1],[5,-3],[9,-2],[4,4],[4,-3],[1,0],[2,-2],[10,1],[4,2],[-1,1],[5,0],[3,-3],[-1,-2],[3,0],[4,2],[2,-3],[4,0],[3,-1],[6,0],[1,-1],[5,0],[2,3],[2,1],[2,-4],[7,0],[3,-1],[8,-2],[4,0],[9,0],[4,-1],[9,1],[3,-1],[4,0],[5,1],[3,0],[8,0],[4,2],[14,4],[5,1],[8,-1],[7,1],[5,1],[2,2],[2,0],[3,-1],[4,2],[8,2],[9,0],[4,2],[8,0],[5,-2],[5,-1],[6,1],[2,-1],[5,-1],[2,1],[3,-1],[4,1],[1,-3],[7,-2],[6,-1],[13,0],[8,1],[5,2],[6,1],[12,1],[7,4],[4,1],[11,3],[3,1],[2,3],[3,1],[5,0],[10,1],[3,1],[10,2],[5,-1],[4,2],[7,0],[1,2],[0,4],[2,2],[5,-1],[-3,5],[1,3],[2,-2],[1,2],[7,0],[1,1],[3,1],[11,0],[6,-1],[4,4],[0,7],[1,0],[-3,3],[1,5],[2,2],[0,4],[-1,2],[0,3],[2,3],[0,2],[2,2],[0,3],[2,2],[4,3],[3,0],[12,6],[7,0],[3,-1],[8,0],[7,4],[2,2],[4,1],[2,2],[0,2],[8,5],[0,2],[6,4],[2,4],[5,1],[2,3],[4,0],[4,1],[5,-1],[1,-5],[2,-3],[2,-5],[-1,-3],[3,-5],[3,-3],[6,-4],[6,-1],[6,3],[8,0],[2,1],[9,0],[6,2],[12,0],[7,2],[2,3],[3,6],[4,4],[3,0],[1,1],[3,0],[6,5],[1,6],[-2,9],[0,4],[-1,2],[0,3],[2,1],[-1,3],[0,3],[4,1],[-1,2],[-5,2],[-1,2],[-2,0],[-5,-2],[-4,1],[-4,0],[-7,3],[-2,2],[-6,0],[0,1],[-4,2],[-1,2],[3,3],[-3,2],[-7,0],[0,3],[-1,2],[-10,1],[-5,2],[-7,-3],[-5,3],[8,0],[1,1],[-5,1],[-4,3],[-5,1],[4,1],[-1,3],[5,2],[2,-1],[5,1],[1,1],[-1,2],[3,2],[4,-1],[3,3],[4,0],[8,3],[2,-2],[4,1],[3,2],[3,5],[2,2],[4,2],[1,3],[-3,4],[2,0],[0,3],[-1,2],[0,4],[3,1],[4,1],[0,2],[-5,1],[-10,4],[-2,-1],[-5,1],[-14,0],[-2,1],[1,3],[7,3],[8,-1],[1,1],[-4,1],[1,3],[-2,3],[2,2],[-5,2],[-2,2],[0,2],[2,2],[4,-2],[2,1],[0,5],[-4,3],[-2,0],[4,1],[0,3],[-7,3],[1,3],[2,-1],[3,6],[5,3],[3,0],[1,-2],[0,-2],[-1,-3],[0,-4],[5,-1],[5,2],[2,2],[0,7],[-1,1],[1,4],[-2,5],[-6,0],[-1,7],[-1,1],[-8,1],[3,2],[-2,3],[4,2],[0,3],[-7,4],[-3,1],[2,3],[-2,3],[-4,-1],[-2,3],[-4,-1],[-3,0],[-4,1],[-2,2],[2,1],[-1,2],[-5,3],[-4,7],[-2,1],[-2,3],[-4,0],[-6,4],[-3,-3],[-1,-5],[1,-1],[-7,-2],[1,-2],[-4,0],[-9,-2],[-4,1],[-4,2],[0,2],[-2,-1],[-4,0],[-5,2],[-10,7],[-1,2],[-7,6],[-5,0],[0,-1],[-3,0],[0,2],[-3,2],[-8,0],[-3,2],[-2,6],[-2,2],[-4,0],[-3,1],[-3,0],[-3,1],[-3,0],[-3,1],[-3,0],[-1,-3],[-3,0],[-1,2],[3,4],[-1,3],[1,3],[1,4],[-1,1],[0,4],[-2,1],[-7,1],[-3,3],[-2,3],[-3,6],[-5,3],[-2,-1],[-2,-5],[-2,-1],[-1,-4],[0,-3],[-7,-4],[0,-1],[-6,-1],[-1,2],[-2,-3],[-3,0],[0,2],[-3,-1],[1,3],[3,2],[-4,5],[-3,1],[-2,2],[-4,1],[-2,3],[0,2],[-2,0],[-4,3],[-4,2],[-4,4],[-4,-1],[-8,0],[-3,1],[-4,4],[-4,2],[-8,0],[1,-1],[4,-3],[1,-3],[-5,-5],[-3,0],[1,-2],[-4,0],[-10,1],[-4,1],[-7,0],[-6,3],[-5,1],[-7,0],[-6,-2],[-5,2],[-5,-1],[-7,-1],[-3,0],[-4,0],[-3,-2],[-2,-4],[-3,-2],[-6,0],[2,3],[-4,-2],[-4,0],[-1,-2],[-6,-1],[-5,0],[-6,3],[-2,3],[-6,-1],[-6,1],[-5,-4],[0,-2],[-4,-3],[1,-2],[-3,-3],[-3,-2],[0,-3],[-3,1],[-2,-3],[0,-2],[4,-6],[0,-2],[-6,-2],[2,-2],[-3,0],[-1,-2],[-3,-3],[-6,-3],[-1,-2],[0,-4],[-6,1],[-4,-1],[-6,-5],[-2,0],[-4,-3],[-2,-4],[4,-2],[3,0],[-10,-4],[-5,1],[-2,2],[0,-3],[-2,3],[1,2],[-1,3],[-2,2],[-3,-4],[-3,3],[-2,-2],[-5,-2],[-4,0],[0,-6],[-1,-2],[0,-2],[-3,-4],[0,-8],[1,-2],[-3,-3],[-2,-4],[2,-2],[-2,-1],[-4,-5],[-1,-3],[1,-4],[-3,-1],[-1,-3],[1,-3],[-3,-1],[-1,-5],[-5,-6],[-4,-2],[-2,-4],[-4,-3],[-5,0],[-5,-2],[-16,0],[-3,1],[-3,-1],[-10,0],[-6,-2],[-6,-2],[-1,-1],[-5,-1],[-5,1],[-2,-1],[2,-3],[-3,-3],[-9,-5],[-4,1],[0,-2],[-3,-1],[-5,0],[-5,-3],[-7,0],[-5,-1],[-1,1],[-5,-1],[-8,-5],[-3,-8],[-5,0],[-2,-2],[-3,-1],[0,1],[-4,2],[1,4],[4,1],[0,4],[-4,2],[-7,-1],[-1,-2],[3,-1],[0,-3],[-4,-3],[-8,1],[-3,-6],[2,-4],[-1,-2],[6,-2],[-4,-4],[-4,-1],[-2,0],[-6,-1],[-3,0],[-2,-4],[-4,1],[1,-3]],[[9388,3565],[-3,-2],[-1,-6],[2,-2],[5,1],[4,2],[0,2],[-2,4],[-5,1]],[[9157,3580],[-3,-1],[-1,-3],[4,-1],[2,1],[0,2],[-2,2]],[[9203,3627],[0,0]],[[9203,3627],[7,-3],[3,-3],[6,-3],[1,-2],[-2,-2],[1,-1],[0,-5],[-3,-3],[-3,-1],[5,-3],[4,-2],[2,-1],[12,0],[3,2],[9,1],[5,1],[6,1],[7,-1],[3,1],[5,3],[7,7],[5,3],[5,3],[6,1],[6,6],[4,2],[13,2],[10,4],[3,2],[4,5],[0,5],[-2,5],[3,3],[0,3],[-4,-2],[-1,2],[-4,0],[-4,2],[-7,5],[-4,3],[-3,0],[-5,2],[-5,1],[-5,-5],[-2,-1],[-8,1],[-4,-2],[-1,-3],[-7,-3],[-4,0],[-14,-2],[-15,-5],[-5,-5],[-5,-3],[-5,-4],[-8,-1],[-3,-2],[3,1],[3,-1],[0,-2],[-4,0],[-5,-3],[-2,1],[-3,-1],[-8,-1],[-8,2],[-2,-3],[3,1],[8,-3],[3,1]],[[10010,3805],[-3,-1],[4,-1],[-1,2]],[[10012,3808],[-3,0],[3,-1],[0,1]],[[10003,3812],[-2,0],[0,-4],[3,-1],[2,3],[-3,2]],[[9259,3829],[-4,-4],[0,-5],[2,-3],[4,-3],[3,-1],[1,-1],[2,1],[3,0],[1,2],[4,0],[7,3],[2,2],[-5,-2],[5,4],[-5,1],[-8,4],[-12,2]],[[10017,3831],[-3,-1],[-5,-1],[-1,-6],[3,-3],[4,2],[-1,3],[3,0],[1,2],[-1,4]],[[9251,3850],[-5,-2],[-2,0],[-7,2],[-8,-2],[1,-3],[1,-8],[3,-10],[3,0],[3,2],[12,10],[5,4],[4,2],[-10,5]],[[9292,3864],[-2,-2],[-4,-1],[-4,0],[-2,1],[-3,-2],[3,-1],[8,-6],[0,-4],[5,-2],[6,0],[5,-2],[2,6],[1,-1],[9,6],[6,0],[4,1],[2,3],[-6,0],[-8,-3],[-9,1],[-7,3],[0,1],[-6,2]],[[9335,3877],[-2,0],[-1,-9],[8,3],[-2,3],[-1,0],[1,2],[-3,1]],[[9375,3890],[-2,-1],[4,-2],[1,2],[-3,1]],[[9318,3893],[1,-6],[2,-2],[5,0],[1,2],[-2,0],[0,2],[-3,2],[-3,-1],[-1,3]],[[9388,3894],[0,0]],[[9388,3894],[0,0]],[[9388,3894],[0,0]],[[9388,3894],[-5,2],[2,-3],[3,1]],[[9368,3898],[-7,0],[6,-1],[1,1]],[[10024,3897],[0,1],[-2,3],[-3,1],[-2,-2],[2,-5],[2,1],[2,-1],[1,2]],[[9453,3914],[-4,-3],[2,-2],[2,-2],[4,2],[-4,5]],[[9460,3915],[0,3],[-2,0],[-3,-1],[0,-2],[5,0]],[[9466,3922],[-2,0],[4,-1],[0,1],[-2,0]],[[9471,3923],[-1,2],[-2,-1],[3,-1]],[[9442,3958],[-1,0],[2,-6],[-2,5],[-1,-3],[3,-3],[2,-4],[0,-3],[5,-6],[5,-2],[-3,5],[-3,2],[-2,0],[0,3],[-2,6],[-3,4],[0,2]],[[9481,3960],[-2,-1],[3,-1],[-1,2]],[[9485,3980],[0,-1],[3,-1],[-3,2]],[[9519,3985],[2,4],[-3,0],[-1,-3],[2,-1]],[[9960,3997],[-1,-1],[-5,-1],[0,-3],[6,-3],[3,0],[-1,5],[-2,3]],[[9453,4011],[-5,-1],[4,-1],[1,2]],[[10090,4019],[-3,-1],[0,-2],[3,-1],[1,2],[-1,2]],[[9989,4025],[-2,-2],[0,-3],[3,-2],[4,2],[1,2],[-3,2],[-3,1]],[[10030,4034],[-5,0],[1,-3],[4,1],[0,2]],[[10062,4039],[-2,-1],[-5,0],[-1,0],[-13,-4],[0,-2],[2,1],[0,-2],[-3,-2],[-2,-2],[-3,0],[-3,-2],[-1,3],[-3,0],[-1,-5],[-4,-2],[-3,0],[-1,-2],[1,-2],[-1,-4],[4,-2],[2,-2],[-3,-1],[-3,3],[-3,1],[-1,-2],[-1,3],[-5,1],[2,2],[-1,4],[-2,3],[-7,1],[-1,-2],[0,-5],[-1,-2],[0,-2],[2,0],[0,-2],[-6,2],[0,-2],[-5,-3],[-3,1],[0,2],[-4,1],[-1,2],[-6,1],[-3,-2],[-2,-10],[4,-5],[3,0],[0,2],[5,1],[0,-2],[-2,0],[1,-3],[0,-6],[1,-2],[-4,1],[0,2],[-2,-3],[-1,-5],[2,0],[-1,-5],[3,-2],[1,-4],[3,-4],[2,0],[2,-2],[7,-1],[3,2],[4,2],[-1,4],[-5,2],[3,3],[8,0],[2,0],[-2,4],[-3,2],[-5,2],[1,3],[7,3],[2,3],[7,-2],[1,1],[6,0],[2,0],[-2,4],[5,-1],[2,0],[3,-1],[-1,-3],[6,-1],[-3,0],[0,-3],[3,-2],[5,0],[-1,1],[9,3],[0,5],[2,3],[-1,2],[-2,5],[0,5],[-4,0],[-4,-1],[-3,-2],[-2,0],[2,3],[-1,3],[3,0],[1,-1],[4,8],[1,6],[1,-1],[7,4],[3,0],[4,2],[4,4],[-4,3]],[[9895,4046],[-3,-2],[2,-1],[1,3]],[[9503,4045],[-2,2],[2,-6],[3,-2],[4,1],[-1,2],[-6,3]],[[9575,4050],[0,4],[-1,1],[-2,0],[-1,-3],[-4,-1],[1,-2],[3,-1],[4,2]],[[9645,4056],[-5,0],[-3,-2],[-4,1],[-2,-1],[-4,0],[-3,-4],[1,-2],[-1,-1],[-5,0],[-1,-1],[2,-2],[7,0],[6,-3],[1,2],[3,-3],[4,4],[1,3],[2,2],[4,0],[2,2],[1,2],[-6,3]],[[9912,4054],[1,3],[-2,2],[-1,-2],[-1,-3],[3,0]],[[9550,4059],[-5,-1],[-5,-1],[4,0],[1,1],[5,1]],[[9835,4062],[-5,-1],[-3,-3],[-8,-3],[-5,-1],[-10,1],[-1,-1],[3,-6],[8,2],[5,-1],[3,-3],[11,4],[3,3],[4,2],[5,1],[-4,4],[-6,2]],[[9756,4064],[-2,0],[-4,-4],[1,-2],[4,-1],[2,0],[2,2],[-3,5]],[[9601,4064],[-2,-1],[1,-2],[3,2],[-2,1]],[[9589,4065],[-4,-4],[-5,-1],[-1,-1],[6,0],[6,-1],[1,2],[4,0],[0,3],[-7,2]],[[9737,4069],[-10,0],[1,-3],[4,-1],[7,-1],[2,3],[-4,2]],[[10015,4068],[1,2],[0,1],[-7,-4],[-1,-2],[1,-3],[2,3],[4,3]],[[9867,4077],[-2,-2],[6,1],[-4,1]],[[9715,4078],[-8,-1],[-7,-3],[-5,1],[1,-2],[-3,-2],[-8,-3],[-4,2],[-3,-1],[2,2],[-3,2],[-1,-2],[-3,-1],[-5,1],[-7,-2],[-4,-4],[-1,-2],[6,-3],[2,1],[1,3],[5,-1],[2,2],[3,0],[2,1],[3,-1],[2,2],[2,-3],[0,-2],[-6,0],[-2,-3],[-3,2],[-5,-1],[-4,-3],[6,-1],[5,-1],[2,2],[3,0],[5,1],[4,-1],[1,2],[2,-1],[3,0],[-1,2],[1,5],[6,-1],[6,1],[0,2],[3,0],[-2,3],[10,4],[3,2],[-2,2],[-4,0]],[[9627,4081],[-3,-1],[-1,-2],[-3,-1],[-1,1],[-5,-1],[0,-2],[-3,-2],[3,-1],[-3,-3],[-3,2],[1,-4],[3,-2],[3,2],[9,0],[10,3],[1,-1],[7,1],[2,1],[-3,1],[0,1],[-2,4],[-12,2],[4,1],[-1,2],[-3,-1]],[[9808,4084],[-3,0],[-2,-3],[4,-1],[3,2],[-2,2]],[[9786,4091],[-9,-1],[-3,-1],[1,-2],[-3,-1],[1,-2],[2,0],[4,1],[3,3],[4,1],[0,2]],[[9739,4095],[-3,-2],[1,-2],[4,2],[-2,2]],[[9834,4103],[-1,-1],[0,-6],[1,0],[-1,-3],[3,-1],[2,2],[-2,4],[3,2],[-2,2],[-3,1]],[[9937,4104],[-5,0],[1,-2],[5,-1],[2,0],[1,1],[-4,2]],[[9771,4097],[2,4],[4,3],[4,1],[-2,0],[-7,-3],[-2,-4],[1,-1]],[[9754,4107],[-4,-2],[-2,0],[-1,-3],[8,5],[-1,0]],[[9791,4108],[3,1],[-3,1],[0,-2]],[[9747,4110],[-1,-1],[3,-2],[2,0],[2,1],[-6,2]],[[9897,4111],[7,-4],[6,-2],[11,-2],[0,1],[-13,2],[-11,5]],[[9496,4325],[3,3],[-5,2],[-2,-2],[-4,1],[1,3],[2,1],[-4,0],[-2,3],[1,3],[4,2],[0,3],[-1,0],[-2,-4],[-2,-1],[0,4],[1,0],[4,5],[-5,3],[-3,1],[-1,2],[4,3],[5,-2],[4,4],[1,-5],[-2,-4],[3,0],[-1,10],[-4,3],[-2,4],[1,6],[0,6],[0,2],[1,7],[-3,3],[1,6],[-3,4],[-2,6],[0,6],[-3,5],[-2,4],[1,2],[-3,8],[-2,5],[0,2],[3,6],[1,1],[-1,9],[1,3],[-2,2],[-5,7],[-4,4],[0,4],[1,6],[4,5],[5,3],[3,0],[8,4],[3,3],[-1,1],[5,8],[1,13],[-1,2],[-4,6],[2,7],[0,4],[1,1],[4,0],[3,3],[2,5],[-2,7],[2,0],[5,5],[0,4],[2,3],[-1,1],[6,0],[0,2],[-2,3],[1,2],[-1,3],[-3,4],[-1,3],[-2,1],[-1,5],[-9,1],[0,3],[-3,6],[-1,2],[-2,1],[3,3],[1,2],[-2,4],[0,3],[-2,1],[3,0],[6,5],[3,6],[-1,7],[3,3],[0,2],[-1,5],[2,3],[-1,2],[0,5],[-2,1],[-2,10],[-2,3],[1,4],[1,0],[0,5],[-2,6],[1,5],[4,6],[-2,2],[-5,-2],[-3,2],[-4,0],[-2,1],[-5,-1],[-4,0],[-6,1],[0,-2],[-3,-1],[-5,-1],[-2,-1],[-3,0],[0,2],[-3,2],[-1,4],[4,3],[0,2],[2,-1],[-1,2],[-6,1],[-2,3],[-2,0],[-4,-3],[-1,4],[3,3],[4,-1],[2,3],[0,5],[2,3],[2,-1],[4,3],[0,4],[5,3],[-1,2],[4,3],[0,3],[4,1],[1,2],[6,-1],[1,-1],[1,4],[1,2],[2,5],[1,0],[1,5],[6,2],[2,2],[1,12],[-1,4],[0,3],[1,1],[2,8],[-1,6],[0,4],[-1,2],[3,4],[3,2],[-1,2],[4,6],[0,1],[3,5],[3,1],[10,7],[3,5],[4,4],[-1,2],[-5,0],[-3,1],[-3,3],[1,5],[4,3],[-1,4],[3,4],[-7,-1],[-2,-1],[-12,-2],[-7,-1],[-8,1],[-3,0],[-3,-6],[-3,-1],[-6,1],[-10,1],[-3,0],[-3,-5],[2,-11],[-2,-8],[-4,-5],[0,-1],[-4,-5],[-9,-5],[-9,-4],[-2,-2],[-8,-4],[-7,-7],[-4,-2],[-3,-3],[1,-5],[-2,-7],[0,-5],[-1,-2],[1,-3],[5,-8],[1,-2],[1,-4],[2,0],[3,-4],[3,-1],[1,-3],[4,0],[0,-2],[-2,-2],[1,-2],[-3,0],[-4,-4],[4,-1],[0,-2],[-2,0],[-2,-4],[3,-2],[1,-3],[-2,-1],[0,-2],[5,-2],[5,-5],[-2,-1],[-7,5],[-7,0],[-5,3],[-7,8],[-2,4],[-2,0],[-2,-2],[-1,-9],[2,-5],[2,-7],[0,-3],[-2,-5],[-2,-2],[-2,-1],[-6,-4],[-5,-4],[-4,-1],[-4,-4],[-3,-3],[-5,-3],[-1,-4],[3,-4],[4,-4],[7,-7],[6,-5],[2,1],[3,4],[1,0],[1,-3],[2,-5],[-1,-2],[4,-1],[-4,-3],[-1,-2],[-1,-1],[-1,-2],[3,-4],[-4,-3],[0,-2],[-5,-3],[-2,-2],[1,-5],[2,-5],[-6,-2],[-1,0],[-2,-4],[1,-3],[-3,0],[0,-3],[-1,0],[-3,3],[-4,-3],[-1,-2],[2,-1],[-3,-2],[-1,-3],[-1,-4],[-2,-1],[-1,-4],[-2,-1],[-1,-4],[-1,-3],[-1,-6],[-3,-2],[0,-2],[-2,-3],[0,-1],[-4,-5],[1,-5],[-5,-4],[0,-3],[-2,-4],[-3,-5],[-2,-5],[-1,-2],[5,1],[1,-1],[-1,-3],[-5,2],[-1,-5],[1,-5],[-5,-8],[-9,-6],[-6,-6],[1,0],[-8,-12],[-2,0],[0,-6],[-1,-3],[-6,-5],[0,-5],[3,-4],[-3,-7],[-7,-3],[-7,-1],[-5,-1],[-9,-2],[-2,-1],[-1,-6],[-5,-3],[-2,-2],[2,-5],[-3,-6],[-7,-5],[-2,-4],[-8,-8],[-4,-1],[0,-2],[-4,-1],[-6,-8],[-1,-1],[-3,-2],[1,-2],[-4,-3],[-3,0],[-7,-5],[-1,-3],[4,-4],[2,-5],[0,-2],[-6,-10],[-6,-6],[-3,-8],[-1,-1],[0,-3],[-4,-3],[-3,0],[-9,-2],[-2,-1],[0,-3],[0,-3],[1,-3],[-1,-3],[-7,-5],[-1,-2],[2,-5],[-1,-7],[-2,-3],[2,-3],[0,-3],[3,-4],[3,1],[1,-4],[3,-2],[-2,-2],[-5,-2],[-2,-4],[-4,-3],[-2,0],[-3,-3],[-1,1],[-6,0],[-2,-1],[0,-4],[3,0],[0,-4],[-1,0],[1,-4],[-7,-3],[-7,-3],[-1,-4],[2,-4],[0,-3],[-4,-4],[-4,-2],[-1,-8],[-2,-2],[1,-4],[-4,-2],[-10,-1],[-2,-3],[-7,-2],[0,-3],[-5,-5],[-1,-4],[3,-1],[-2,-4],[-11,-5],[-3,-1],[-1,-3],[-8,-1],[0,-5],[-6,-3],[-9,-3],[-6,-1],[-1,-2],[-6,-6],[0,-1],[-4,-5],[-2,-6],[2,-1],[0,-5],[3,-3],[0,-5],[-1,0],[-4,-3],[-1,-2],[3,-6],[1,-5],[-1,-3],[2,-2],[0,-3],[-1,-4],[-5,-1],[1,-2],[-4,-5],[1,-3],[-1,-2],[-5,2],[-4,-4],[-6,-2],[-1,-2],[-6,-4],[-3,-3],[2,-2],[-4,-2],[-2,-4],[-3,-3],[-2,-3],[-3,-2],[-1,-2],[-2,-1],[-5,-5],[-3,-5],[-3,-3],[0,-3],[-6,-10],[0,-7],[1,-1],[-2,-5],[-6,-5],[-9,-6],[-3,-3],[-5,-1],[2,-3],[-1,-4],[-3,-1],[-6,2],[-1,-2],[-3,-2],[-1,-4],[-5,-1],[0,-2],[-4,-6],[-10,-5],[-3,-2],[-2,-1],[-4,-2],[-3,-4],[-2,-1],[3,-1],[-1,-6],[-3,0],[0,-2],[-3,-2],[-7,0],[-6,0],[-4,0],[-4,-4],[-3,-1],[-1,-4],[-3,-6],[-1,-4],[-3,-4],[0,-2],[-1,-2],[4,-5],[-1,-2],[0,-4],[1,-3],[-4,-3],[0,-2],[-2,-1],[-2,-4],[1,-2],[-4,-4],[4,-1],[1,-2],[-1,-3],[-5,0],[-2,1],[-4,-2],[0,-4],[-3,-1],[1,11],[-2,3],[-4,4],[1,1],[-2,5],[-5,0],[-6,-3],[-3,-7],[2,-2],[2,-4],[0,-3],[-3,-5],[0,-4],[-3,-4],[0,-5],[5,-4],[3,-4],[3,-1],[7,3],[4,0],[5,-2],[2,-2],[4,-11],[0,-6],[3,-3],[-3,-4],[-1,-10],[-1,-7],[-2,-1],[-5,-2],[-4,-5],[-2,2],[-13,1],[-2,-6],[-1,-3],[1,-7],[5,-3],[-2,-5],[1,-3],[-2,-2],[1,-6],[-1,-3],[-2,-3],[-2,0],[-1,-4],[-4,-2],[-3,-3],[-8,-4],[-1,-1],[-3,-2],[-2,-3],[0,-5],[2,-9],[-2,-3],[-1,-6],[-1,-2],[1,-4],[-3,-2],[0,-5],[-1,-3],[1,-5],[-2,-4],[1,-5],[-2,-2],[-1,-5],[-5,-9],[-1,-1],[-3,-7],[-2,-10],[0,-10],[-2,-3],[3,-6],[0,-3],[-1,-2],[-2,-9],[-3,-2],[1,-5],[-3,-9],[-2,-10],[1,-4],[-1,-2],[-4,-2],[-2,-13],[-2,-3],[-2,-7],[-1,-6],[1,-2],[-1,-3],[-1,-3],[-2,-4],[0,-5],[-1,-6],[-2,-2],[1,-3],[-2,-7],[-1,-4],[2,-9],[4,-7],[1,-6],[0,-5],[-2,-6],[-1,-12],[1,-1],[7,0],[14,-3],[7,0],[11,2],[13,7],[2,2],[6,5],[3,3],[5,5],[3,4],[2,2],[3,6],[2,2],[3,5],[6,6],[6,9],[14,8],[4,1],[12,8],[4,2],[5,1],[1,5],[1,2],[3,1],[1,4],[3,4],[6,3],[1,6],[5,5],[3,2],[3,2],[5,8],[1,4],[3,9],[5,3],[-4,1],[-2,3],[3,6],[2,3],[1,2],[2,2],[-1,5],[4,1],[4,10],[3,4],[4,8],[6,2],[1,3],[0,4],[0,3],[2,5],[2,0],[4,9],[0,5],[0,7],[-1,5],[1,3],[-1,3],[2,3],[0,2],[3,4],[3,2],[4,4],[5,2],[9,2],[1,1],[-1,6],[-2,1],[-3,6],[1,4],[5,4],[0,3],[-3,4],[0,2],[3,5],[5,0],[1,2],[3,2],[6,0],[5,2],[2,3],[2,8],[-1,2],[5,5],[1,2],[-1,4],[3,3],[5,5],[3,1],[3,3],[1,-1],[2,3],[4,1],[4,3],[8,1],[4,1],[4,0],[0,4],[1,0],[1,5],[-3,4],[-2,4],[2,0],[3,8],[-1,2],[3,1],[2,4],[0,2],[6,5],[0,6],[2,1],[2,9],[-3,-1],[0,3],[1,2],[-2,0],[-1,5],[1,1],[1,5],[4,3],[-1,3],[-5,4],[-2,3],[-3,3],[0,2],[1,3],[4,1],[1,6],[1,6],[-1,4],[1,4],[-1,1],[4,3],[2,9],[-1,1],[4,3],[-1,4],[2,-1],[4,1],[1,4],[3,3],[1,5],[1,2],[-1,1],[0,4],[2,1],[7,0],[0,2],[3,2],[2,-2],[0,2],[3,0],[0,-1],[3,1],[2,-3],[-2,-1],[-2,-3],[3,2],[8,0],[6,-1],[5,2],[2,10],[-1,2],[1,2],[0,7],[2,1],[1,4],[1,2],[1,3],[2,5],[4,5],[2,0],[0,3],[6,5],[3,2],[3,-1],[2,4],[0,2],[7,4],[2,0],[1,3],[3,2],[4,2],[8,2],[0,2],[4,1],[3,1],[5,4],[0,2],[7,1],[2,5],[2,-1],[1,4],[-2,2],[4,7],[-1,1],[2,2],[3,3],[4,0],[9,2],[3,0],[7,3],[0,-1],[3,3],[5,1],[7,0],[4,-1],[11,1],[6,-1],[6,-2],[7,2],[2,2],[4,0],[4,4],[3,1],[8,1],[4,5],[5,4],[1,-1],[8,7],[0,3],[-2,1],[2,4],[6,4],[-3,3],[2,1],[2,-2],[2,1],[6,-1],[2,2],[8,0],[4,6],[9,6],[7,3],[13,8],[4,-2],[4,0],[4,1],[1,1],[2,-1],[2,2],[1,0],[6,3],[-1,1],[2,2],[1,-2],[2,1],[-1,2],[2,3],[5,2],[0,2],[-2,0],[0,2],[-6,0],[-2,1],[3,1],[-2,2],[-5,3],[1,1],[-1,2],[7,1],[1,-1],[2,2],[0,3],[3,0],[-1,-2],[-5,-9],[1,-1],[7,0],[1,0],[6,0],[0,3],[4,0],[1,1],[10,3],[1,-4],[0,4],[5,5],[4,6],[3,2],[5,2],[3,2],[-2,3],[-7,0],[-9,6],[-1,4],[-3,5],[0,5],[3,3],[3,1],[2,3],[2,4],[2,2],[-1,4],[0,6],[3,3],[2,6],[3,4],[2,3],[1,6],[1,3],[6,6],[4,6],[1,4],[-6,6],[1,4],[4,9],[-3,3],[1,4],[4,6],[-1,0]],[[9554,5033],[0,-1],[-3,-2],[1,-2],[-1,-1],[2,0],[3,-3],[1,0],[3,-4],[3,1],[2,2],[0,6],[-2,0],[-3,2],[-6,2]],[[9350,4880],[0,-8],[4,-4],[3,1],[4,2],[4,3],[0,2],[-1,2],[1,3],[-1,4],[1,3],[3,3],[0,6],[-1,2],[0,6],[-3,5],[-6,-3],[-4,-6],[-2,-5],[-1,-3],[2,-4],[-1,-7],[-2,-2]],[[9573,4890],[6,1],[2,1],[1,2],[-4,2],[0,2],[1,6],[-2,1],[-6,-1],[-4,1],[4,-2],[2,-2],[1,-5],[0,-4],[-1,-2]],[[9194,4766],[-2,-3],[-4,-2],[4,-3],[-1,-5],[2,0],[10,0],[0,1],[10,4],[-1,2],[2,1],[1,-1],[7,1],[1,2],[7,0],[5,0],[9,-1],[0,-2],[9,0],[8,1],[3,2],[7,0],[6,1],[1,1],[-4,7],[1,2],[-3,4],[-3,3],[-8,2],[-10,7],[-7,6],[-1,2],[2,2],[-5,4],[-3,3],[-1,10],[-2,4],[-3,5],[-1,4],[-1,4],[-1,5],[-3,5],[2,4],[-5,5],[-3,9],[-8,6],[-11,4],[-2,-3],[-3,0],[1,-2],[-6,-8],[-4,-12],[-6,-10],[-4,-1],[2,-3],[-2,-1],[-3,3],[-7,-12],[0,-2],[-3,2],[-1,-1],[-2,-5],[1,-1],[1,-4],[3,-1],[5,-2],[5,-13],[2,0],[3,-6],[4,-5],[1,-4],[1,-1],[2,-7],[3,-2],[1,3],[7,-3],[-1,-4],[-4,-1]],[[9260,4813],[-3,-1],[3,-3],[5,0],[0,2],[-5,2]],[[9288,4810],[-4,-1],[-3,-2],[-1,-5],[2,-4],[-2,-4],[4,-2],[5,0],[2,0],[6,11],[-2,5],[-7,2]],[[9388,4795],[-6,-1],[-1,-3],[3,-4],[-1,-2],[3,-6],[4,0],[1,6],[-1,4],[1,3],[0,3],[-3,0]],[[9119,4757],[3,0],[-5,3],[-1,2],[-4,-1],[7,-4]],[[9175,4761],[0,0]],[[9175,4761],[0,-3],[3,1],[0,3],[-3,-1]],[[9171,4756],[1,3],[-2,-2],[1,-1]],[[9191,4752],[-4,-1],[-1,-1],[5,2]],[[9171,4751],[-5,0],[3,-2],[-7,0],[2,-3],[6,0],[2,3],[-1,2]],[[9173,4747],[-3,-2],[3,-2],[-1,-4],[5,0],[3,1],[0,5],[-7,2]],[[9135,4721],[1,0],[8,2],[1,3],[-1,1],[1,3],[-2,0],[-4,-1],[-5,-6],[1,-2]],[[9110,4702],[4,3],[8,2],[4,3],[0,3],[2,2],[1,3],[2,2],[-1,1],[-5,-2],[-3,0],[-2,2],[-2,-3],[1,-2],[-3,0],[-7,0],[3,-3],[0,-2],[-6,-2],[-1,-2],[3,-4],[2,-1]],[[9097,4687],[7,3],[2,1],[2,5],[-5,1],[-4,-1],[-4,-5],[0,-3],[2,-1]],[[9076,4679],[4,-1],[2,1],[-5,2],[-1,-2]],[[9975,4465],[5,1],[4,3],[4,4],[1,2],[6,4],[4,6],[6,4],[-3,4],[1,7],[5,4],[4,0],[4,5],[-4,-1],[5,3],[0,6],[-5,1],[-3,0]],[[10009,4518],[0,0]],[[10009,4518],[0,0]],[[10009,4518],[0,0]],[[10009,4518],[0,0]],[[10009,4518],[-6,-2]],[[10003,4516],[-1,-1]],[[10002,4515],[-1,0]],[[10001,4515],[0,0]],[[10001,4515],[0,0]],[[10001,4515],[0,0]],[[10001,4515],[-1,0]],[[10000,4515],[0,0]],[[10000,4515],[-7,-3],[-4,0],[-8,-5],[-6,-4],[-1,0],[-4,-8],[-3,-1],[-2,-2],[-8,-7],[-5,-5],[-4,-2],[-2,-4],[-1,-5],[-1,0],[3,-7],[3,-3],[1,-2],[7,3],[8,0],[3,2],[2,1],[4,2]],[[9780,4446],[1,1],[-3,2],[-3,5],[-5,1],[0,-4],[4,-1],[4,-2],[2,-2]],[[9750,4353],[5,1],[5,2],[4,-1],[0,-1],[3,0],[3,3],[9,7],[4,1],[4,2],[3,3],[3,0],[3,-1],[4,1],[6,5],[6,2],[4,-3],[2,0],[9,5],[7,1],[1,2],[-1,5],[3,5],[-2,3],[2,1],[4,-2],[5,-1],[0,-2],[2,-3],[4,-1],[2,-3],[4,1],[5,-2],[0,1],[5,0],[3,-1],[10,0],[9,1],[3,-1],[6,2],[8,-1],[9,5],[4,0],[3,0],[14,2],[5,2],[7,2],[2,0],[4,2],[1,3],[5,2],[4,3],[1,2],[0,5],[-3,4],[0,2],[-4,3],[-5,2],[-7,2],[-4,3],[-6,7],[-6,1],[-4,2],[-9,2],[-7,3],[-6,3],[-7,2],[-9,1],[-6,0],[-4,-2],[-6,-3],[-1,0],[-5,-2],[-4,-3],[-1,-4],[-4,-5],[-5,-4],[-4,-10],[-1,-6],[-4,-5],[3,-1],[-4,-1],[0,-3],[-2,-1],[-7,0],[-1,4],[0,5],[-3,5],[1,5],[0,5],[-2,5],[-5,1],[-9,4],[-5,3],[-7,4],[-4,2],[-9,-1],[-7,1],[-6,1],[-5,0],[-2,-1],[1,-4],[-4,-5],[-2,-3],[1,-3],[-1,-8],[1,-4],[-1,-1],[1,-3],[-1,-3],[-5,-7],[0,-5],[-2,0],[-5,-6],[1,-2],[-3,-3],[-2,0],[0,-2],[-5,-1],[-2,-4],[-2,-1],[-7,-7],[-2,-7],[-2,-3],[3,-4],[5,-2],[7,-1],[6,0]],[[9496,4339],[1,1],[-2,2],[1,-3]],[[9421,4104],[-4,4],[2,2],[3,1],[2,2],[3,1],[2,-1],[3,4],[2,-1],[-1,-3],[4,0],[2,1],[1,-2],[4,3],[3,1],[3,3],[3,3],[3,3],[1,3],[-5,-2],[1,3],[1,1],[5,0],[4,3],[-2,0],[1,2],[6,1],[2,1],[8,6],[2,3],[5,5],[3,4],[4,2],[4,1],[2,1],[4,5],[5,3],[1,3],[-3,0],[-2,-2],[-7,-3],[-1,-1],[-4,-3],[-3,-2],[-8,-4],[-3,0],[-3,2],[-2,-3],[-5,2],[1,1],[-3,0],[-6,3],[-3,3],[-2,7],[-4,0],[-9,-3],[-4,-2],[-5,-1],[0,-1],[-7,-4],[-6,-1],[-5,-2],[-8,-4],[-4,-2],[2,-2],[-3,1],[-1,-5],[-1,-4],[-4,-4],[-4,-1],[0,-2],[-1,-2],[0,-3],[-2,-2],[0,-2],[4,-1],[-2,-2],[2,-1],[5,0],[2,1],[1,2],[2,-2],[2,0],[-5,-7],[0,-2],[-2,-2],[11,-6],[4,0],[2,3],[4,0],[3,-3]],[[9506,4103],[3,2],[-1,5],[-1,2],[-3,2],[3,0],[4,0],[3,-2],[-2,0],[1,-3],[0,-3],[-2,2],[-1,-3],[2,-1],[1,-3],[1,-2],[2,1],[4,4],[3,7],[4,7],[-3,-1],[1,3],[3,0],[4,5],[3,7],[0,5],[-5,0],[-6,0],[-2,-2],[-4,-1],[0,-2],[-5,0],[1,-3],[-3,0],[6,-3],[1,-2],[-5,-1],[-1,1],[1,3],[-1,1],[-3,-2],[2,-2],[-1,-2],[-7,-4],[0,1],[-5,-3],[1,-1],[-7,1],[0,-3],[-5,-3],[-1,-2],[-1,-1],[-2,-4],[4,4],[8,5],[-1,-3],[-4,-3],[1,-2],[1,1],[4,-2],[0,2],[2,-2],[5,2],[1,-2],[2,0]],[[9633,4136],[-2,-1],[4,0],[1,1],[-3,0]],[[9372,4129],[1,2],[-3,0],[2,-2]],[[9626,4130],[4,-1],[-1,1],[-2,1],[-1,-1]],[[9381,4107],[3,1],[-2,3],[0,3],[-2,1],[1,-4],[-1,-4],[1,0]],[[9512,4100],[0,0]],[[9512,4100],[0,3],[-2,2],[-3,-3],[-3,-5],[5,0],[2,-2],[4,3],[-3,2]],[[9489,4098],[2,2],[-4,1],[2,-3]],[[9495,4098],[2,1],[-5,1],[0,-2],[3,0]],[[9502,4094],[1,3],[-4,-2],[3,-1]],[[9505,4092],[4,0],[-3,1],[-1,-1]],[[9505,4088],[0,0]],[[9505,4088],[-1,0]],[[9504,4088],[0,0]],[[9504,4088],[-3,3],[-2,-1],[-2,-5],[7,1],[1,2]],[[9507,4088],[0,2],[-4,1],[1,-2],[3,-1]],[[9455,4075],[0,2],[-3,3],[-2,-2],[4,-1],[1,-2]],[[9482,4074],[2,1],[-3,1],[1,-2]],[[8861,3837],[3,8],[0,3],[-2,2],[-2,0],[-5,-3],[-2,-4],[0,-4],[8,-2]],[[8866,3518],[3,-4],[2,-1],[-1,5],[-4,0]],[[8090,3525],[6,-6],[1,-1],[5,-2],[4,-4],[4,-2],[1,-2],[2,-1],[6,2],[4,0],[4,-2],[7,-5],[7,-7],[6,0],[3,-2],[9,-6],[3,0],[6,-4],[5,-5],[5,0],[3,2],[7,-1],[2,-1],[5,-1],[1,-1],[5,0],[3,-1],[5,3],[5,-1],[4,-2],[2,1],[2,-2],[5,0],[7,-1],[2,0],[5,-1],[9,-3],[11,-1],[11,1],[7,-1],[6,-2],[2,-1],[4,-1],[11,-1],[6,-2],[12,-6],[5,-4],[8,-7],[2,1],[2,-2],[10,-1],[5,1],[7,-2],[2,-3],[4,-2],[4,-6],[0,-3],[-2,-4],[2,-2],[-3,1],[1,-6],[3,-5],[1,-13],[-3,-7],[-4,-2],[1,-4],[7,-14],[1,-3],[-1,-2],[1,-3],[2,0],[3,-2],[4,-7],[1,-3],[-1,-3],[1,-5],[3,-3],[6,-15],[-1,-1],[6,-4],[3,-7],[2,-6],[-2,-3],[2,-4],[3,1],[3,-3],[3,-5],[2,-1],[-1,-1],[3,-2],[5,-7],[7,-15],[0,-3],[4,-5],[2,-2],[7,0],[3,-2],[5,-1],[9,-2],[7,-3],[3,-1],[4,-5],[7,-3],[8,-2],[9,-5],[1,0],[8,-3],[6,1],[2,3],[2,0],[4,3],[6,0],[-2,1],[3,0],[15,0],[8,2],[2,2],[7,6],[5,3],[10,-1],[12,-2],[3,-2],[3,1],[3,-1],[3,-4],[3,-1],[7,3],[1,-1],[4,1],[-1,1],[4,2],[2,1],[2,-1],[-5,-5],[-8,-2],[4,-4],[6,0],[2,1],[7,8],[5,3],[1,4],[1,1],[5,2],[2,2],[2,-1],[-2,-3],[5,1],[4,1],[2,4],[5,2],[1,3],[5,1],[5,5],[4,1],[4,0],[7,1],[7,-2],[2,5],[3,4],[3,4],[0,2],[1,5],[4,1],[5,6],[7,4],[1,3],[9,5],[3,3],[1,2],[2,2],[2,7],[7,7],[9,7],[3,1],[4,0],[2,5],[5,4],[6,6],[3,4],[0,5],[2,3],[5,9],[2,5],[1,1],[1,5],[1,2],[0,4],[1,2],[0,7],[3,3],[1,5],[2,1],[1,5],[4,6],[1,1],[-3,7],[4,3],[-1,4],[-3,8],[-1,7],[-4,2],[-6,8],[-6,3],[-9,2],[-5,2],[-1,2],[-7,1],[-3,2],[-1,4],[-4,3],[-1,3],[-5,9],[-5,3],[-3,4],[-5,8],[0,2],[-6,4],[0,3],[0,2],[0,4],[2,2],[1,4],[-2,3],[-6,7],[0,2],[-3,2],[-12,1],[-20,4],[-4,1],[-7,5],[-1,3],[0,4],[-3,9],[-3,6],[-1,1],[-4,4],[0,2],[-3,4],[-5,4],[0,4],[-2,0],[-5,3],[-1,4],[-2,0],[-3,-2],[-4,-1],[-5,1],[-12,3],[-2,1],[-3,0],[-3,-3],[3,6],[6,10],[-1,2],[2,2],[2,5],[5,-1],[0,4],[6,1],[5,-2],[5,-4],[0,-4],[-2,-3],[3,0],[-4,-2],[0,-3],[4,1],[4,-1],[0,3],[2,5],[4,3],[-4,2],[-1,1],[-5,3],[0,3],[-1,3],[4,1],[0,1],[-4,0],[-4,1],[-2,-2],[-4,0],[-2,-1],[1,2],[-4,2],[-1,5],[-5,-1],[-2,3],[-3,1],[-2,-2],[1,-7],[-4,3],[1,3],[-3,3],[-4,5],[1,3],[-5,2],[-4,0],[1,3],[-3,2],[3,0],[2,1],[3,6],[4,2],[-4,1],[0,4],[1,2],[3,-1],[2,3],[6,1],[3,-2],[5,0],[2,-1],[5,0],[3,-1],[1,1],[5,-5],[4,-5],[0,-4],[1,3],[-3,3],[0,3],[-2,3],[-1,3],[0,4],[1,1],[-1,3],[2,4],[1,1],[-1,2],[0,4],[1,6],[6,5],[1,3],[1,5],[-4,10],[1,1],[-4,4],[-1,2],[1,2],[-1,5],[0,5],[2,1],[0,2],[-4,8],[-5,5],[1,3],[4,1],[2,4],[-1,3],[-4,4],[1,4],[-5,3],[-1,-2],[-1,3],[-4,-1],[-2,3],[7,0],[1,2],[0,5],[1,5],[-6,6],[-2,0],[-3,2],[2,4],[-3,1],[1,2],[7,-2],[0,2],[-2,1],[0,4],[4,0],[1,3],[4,3],[4,-1],[0,4],[-3,6],[0,3],[3,7],[-4,6],[0,2],[1,4],[1,1],[3,5],[3,0],[3,3],[-1,4],[5,0],[1,1],[6,1],[1,1],[7,2],[1,3],[0,5],[-2,5],[3,1],[3,5],[-1,3],[1,2],[3,0],[4,3],[-1,3],[2,2],[5,1],[2,3],[1,3],[4,3],[0,2],[5,3],[1,3],[5,5],[9,3],[4,1],[0,4],[-2,4],[2,3],[5,3],[3,2],[-3,1],[2,1],[3,7],[1,6],[4,2],[0,2],[4,2],[2,7],[3,1],[0,6],[6,4],[0,3],[3,1],[0,3],[4,2],[-1,5],[1,2],[3,1],[-1,3],[2,1],[-1,3],[3,4],[2,0],[3,3],[0,4],[4,1],[1,8],[-2,0],[1,4],[-1,2],[1,6],[-1,4],[2,3],[0,4],[2,3],[1,2],[-1,3],[2,3],[9,3],[1,4],[1,-1],[4,6],[0,3],[3,5],[-1,6],[6,3],[3,1],[7,9],[1,4],[1,0],[3,7],[1,6],[-1,2],[3,2],[-2,3],[5,3],[-2,5],[1,3],[-2,3],[2,1],[-1,3],[-3,3],[4,1],[1,5],[-2,2],[-1,7],[1,2],[0,4],[-4,6],[0,2],[4,6],[0,5],[2,0],[-3,4],[2,1],[1,5],[1,3],[2,2],[1,3]],[[8632,3649],[2,1],[-1,3],[-4,-3],[3,-1]],[[8757,3260],[-2,4],[-4,-1],[1,-8],[6,3],[-1,2]],[[9086,3421],[-9,0],[-3,-3],[-3,-5],[-1,-3],[1,-5],[-1,0],[2,-7],[-1,-4],[-3,-2],[0,-1],[-2,-3],[0,-4],[-2,0],[-2,-2],[-5,-1],[-7,0],[-1,-3],[-2,-1],[-3,0],[-1,-4],[-5,-5],[-7,-3],[-8,0],[-10,0],[-13,1],[-6,-2],[-2,-4],[-5,-2],[-6,0],[-7,-1],[-5,1],[-3,1],[-3,2],[-2,0],[-1,2],[-2,-1],[1,-2],[-2,1],[0,1],[-5,2],[-5,1],[-4,-2],[-1,-3],[1,-2],[-6,-3],[0,-3],[3,-2],[-2,-4],[-3,0],[0,-2],[-4,-2],[0,-2],[2,-2],[-2,0],[3,-3],[8,-5],[7,-1],[8,-4],[6,-3],[4,-4],[5,-3],[6,-4],[6,-4],[7,-5],[4,0],[0,-1],[7,-1],[5,-4],[9,-7],[2,-3],[3,0],[4,0],[4,-2],[4,-4],[0,-3],[2,-1],[12,0],[6,-3],[3,1],[5,-2],[10,0],[0,1],[4,1],[6,-1],[4,2],[5,1],[5,0],[2,1],[2,3],[0,5],[5,4],[4,3],[7,2],[5,-1],[4,-2],[2,-2],[4,-3],[8,0],[4,2],[2,2],[4,2],[5,-2],[7,4],[5,3],[2,2],[1,5],[5,3],[0,3],[-3,7],[-3,2],[-3,-1],[-5,0],[-3,1],[-6,-1],[-4,1],[-3,3],[-3,3],[-4,2],[-3,4],[0,3],[-4,4],[0,4],[4,7],[4,3],[4,4],[6,1],[5,-1],[6,1],[1,2],[-1,4],[-3,1],[-2,2],[-7,2],[-7,2],[-5,3],[-5,7],[-1,3],[-1,7],[-3,4],[-2,8],[-1,1],[-3,4],[-12,10],[-4,1],[-6,3],[-5,-1],[-5,1]],[[10751,5584],[-1,3],[-3,0],[-1,-3],[-3,-1],[-7,1],[-6,-3],[-4,-1],[0,-4],[-20,-3],[-6,1],[4,4],[0,12],[-8,9],[-14,17],[-7,2],[-21,15],[-12,-1],[-10,-14],[-21,-20],[-3,-1],[-7,-12]],[[10601,5585],[-13,-56],[-27,-20],[-1,-36],[-1,-39],[10,-33],[6,-15],[49,-4],[32,-48],[8,-14],[7,-16],[12,-17],[15,-33],[2,-51],[8,-31],[4,-28],[-28,-13],[-8,-5],[-15,-8],[-12,-9],[-37,8],[-2,-25],[-6,-15],[-5,-8],[-6,-6],[49,-10],[2,-5],[3,-11],[6,-9],[0,-22],[-9,-10],[2,-7],[6,-12],[21,-9],[42,-8],[23,-19],[-28,-25],[-17,-18],[-17,-18],[0,-28],[0,-4],[1,-6],[0,-35],[0,-6],[-2,-21],[2,-11],[-6,-5],[5,-16],[1,-3],[-1,-1],[1,-2]],[[10677,4742],[3,-1],[2,-2],[6,1],[2,5],[0,2],[3,4],[9,3],[1,0],[1,-3],[3,2],[3,1],[7,0],[4,2],[5,1],[-1,-3],[2,1],[3,-2],[1,-3],[2,0],[3,-2],[3,-4],[6,1],[2,2],[1,-2],[-2,-2],[-1,-4],[7,-1],[5,1],[0,-2],[3,0],[3,4],[-2,1],[5,1],[6,-2],[7,0],[1,-1],[8,0],[1,-3],[3,0],[-2,-3],[5,-1],[-2,0],[2,-2],[2,-3],[3,-2],[5,0],[1,5],[4,1],[10,-2],[5,-2],[2,-2],[2,1],[4,-1],[-3,-2],[-3,-3],[2,-4],[4,-4],[8,5],[12,1],[5,1],[2,3],[0,6],[2,1],[-3,4],[3,-1],[3,2],[0,-3],[5,-6],[4,-1],[1,2],[4,-2],[2,3],[-2,3],[-4,1],[2,1],[-1,3],[-3,3],[5,3],[3,-2],[3,0],[1,5],[2,-2],[4,0],[-1,-1],[1,-3],[4,0],[0,-2],[6,-1],[3,1],[-4,-5],[2,0],[2,-2],[9,4],[-1,-3],[-3,-3],[-4,0],[1,-4],[1,-2],[4,5],[2,0],[7,-2],[1,-2],[4,-2],[-1,-4],[3,-2],[4,-1],[3,-1],[2,1],[-1,3],[4,0],[1,2],[-3,3],[-1,5],[2,1],[0,3],[1,-2],[3,2],[0,4],[-2,2],[1,3],[-2,4],[2,0],[-1,5],[2,1],[1,5],[3,2],[-1,-2],[1,-3],[0,-2],[2,-1],[-3,-2],[1,-1],[3,5],[5,0],[1,2],[-2,3],[-1,5],[0,1],[2,0],[4,1],[4,0],[1,2],[2,-1],[8,-2],[2,-4],[2,-1],[-1,5],[5,1],[4,1],[5,-2],[2,1],[2,-3],[-3,-1],[-3,-4],[2,1],[0,-4],[-2,-1],[1,-2],[-3,1],[-2,-2],[0,-1],[-3,-2],[2,-1],[4,0],[4,2],[0,-1],[-2,-2],[2,1],[3,-3],[-1,-2],[3,1],[0,-7],[4,-2],[4,3],[8,3],[8,1],[5,2],[0,1],[3,-1],[4,3],[5,-1],[-1,3],[3,2],[6,1],[4,2],[2,0],[6,3],[7,2],[3,-1],[2,1],[7,2],[4,0],[2,-2],[2,0],[1,-2],[-5,-4],[2,-2],[-2,-4],[-3,-1],[7,0],[-1,-2],[1,-2],[4,0],[12,-3],[7,-1],[3,-2],[7,0],[-3,-3],[0,-1],[-7,-7],[-4,1],[-5,-2],[-6,-2],[-1,-3],[4,-2],[2,-3],[5,1],[4,-3],[0,-3],[3,-2],[4,1],[4,-1],[1,1],[4,-4],[-1,-2],[2,-4],[3,0],[0,-2],[2,-2],[2,0],[2,-4],[-2,-1],[2,-4],[4,-2],[3,-4],[7,-3],[6,-5],[3,0],[1,-2],[2,1],[3,-1],[2,1],[6,-3],[-7,0],[5,-1],[5,-1],[-1,4],[5,2],[1,4],[1,7]],[[11178,4678],[0,0]],[[11178,4678],[0,0]],[[11178,4678],[-2,4],[1,4],[-4,5],[-6,6],[0,4],[-3,3],[-9,8],[-6,7],[-8,7],[-5,6],[-7,4],[-5,4],[-4,2],[-2,4],[-4,3],[-7,9],[-3,14],[0,3],[-4,4],[-2,0],[-5,9],[-6,7],[-3,3],[-3,1],[-6,3],[-6,2],[-1,-1],[-10,4],[-3,0],[-5,2],[-3,1],[-3,4],[-2,0],[-11,6],[-5,0],[-5,2],[-4,0],[-4,-2],[-4,0],[0,-3],[4,-1],[0,-2],[5,-2],[10,-5],[7,-3],[6,-4],[-1,-1],[2,-2],[-1,-2],[-3,2],[-4,-3],[2,0],[-1,-2],[-3,1],[-1,-1],[-6,3],[-3,-2],[-2,-3],[-4,-1],[-5,1],[-2,-1],[3,-3],[4,-2],[-8,1],[-5,-1],[0,1],[-7,2],[-2,-1],[-2,0],[-3,-1],[1,2],[-2,2],[-7,1],[1,-3],[-3,-2],[-3,3],[-1,-1],[-2,3],[-2,1],[-2,3],[-4,-3],[-3,0],[1,5],[-2,-2],[-4,0],[-1,5],[3,1],[1,3],[-2,0],[0,2],[3,0],[0,5],[-4,-1],[-1,2],[1,2],[3,3],[-2,4],[4,4],[4,1],[-1,2],[-3,1],[1,4],[3,2],[1,5],[3,1],[0,3],[9,3],[-1,2],[4,1],[1,0],[4,0],[2,2],[1,4],[1,0],[2,5],[2,2],[9,1],[3,2],[9,1],[6,3],[5,4],[4,0],[1,1],[-2,2],[3,7],[5,3],[0,1],[4,2],[4,0],[1,2],[-4,1],[-1,4],[4,1],[0,1],[7,0],[0,9],[-3,4],[2,0],[0,2],[-4,4],[-7,4],[-6,1],[-10,-2],[-1,3],[-3,0],[-3,2],[1,2],[3,1],[-3,3],[-5,2],[-1,2],[-2,1],[-2,-2],[-3,1],[1,2],[2,2],[-4,4],[-3,0],[-5,0],[-4,-4],[-7,1],[-1,-1],[-1,3],[0,2],[5,4],[-5,1],[-6,-2],[-3,1],[-3,3],[-2,4],[0,2],[3,1],[-9,4],[-1,6],[2,1],[1,2],[-4,-1],[-5,0],[-6,3],[1,5],[-3,3],[-3,-1],[0,3],[-4,-1],[-8,0],[-3,-1],[-4,0],[-8,-3],[-2,1],[2,3],[2,1],[-1,2],[4,0],[5,3],[2,1],[1,4],[3,1],[7,2],[0,1],[7,0],[1,1],[-3,2],[-4,-1],[-6,2],[-1,6],[3,2],[-1,2],[-7,7],[-2,2],[-3,-2],[-3,1],[-2,2],[0,5],[-2,2],[-3,0],[-1,3],[-7,3],[-1,3],[-3,0],[-3,4],[-5,8],[-2,0],[0,2],[4,2],[-2,1],[-3,7],[-1,5],[1,8],[1,4],[5,5],[-3,1],[-9,0],[-6,-1],[-2,-3],[-4,1],[-5,2],[-3,3],[0,4],[2,2],[3,1],[-7,2],[-2,5],[2,4],[3,2],[4,1],[3,1],[-1,3],[4,-2],[4,1],[-1,2],[3,2],[-4,1],[3,1],[-2,2],[6,2],[1,2],[-6,2],[0,2],[-6,-1],[0,1],[4,1],[0,2],[-3,1],[-3,-2],[-3,1],[2,6],[7,-2],[1,2],[-2,2],[-3,0],[1,2],[4,0],[0,1],[3,-1],[2,0],[-1,2],[2,2],[3,0],[4,-2],[5,-3],[4,-2],[3,1],[0,2],[10,1],[0,1],[-3,4],[-3,0],[1,2],[-3,1],[-3,-1],[-5,1],[-2,-2],[0,2],[-3,3],[5,0],[1,2],[5,2],[-1,6],[-7,0],[0,2],[-3,2],[1,1],[0,4],[2,2],[1,-2],[4,1],[-1,1],[-2,1],[-1,1],[-5,5],[1,1],[-2,4],[-7,2],[6,0],[2,1],[-2,5],[-2,0],[-2,3],[-1,4],[0,3],[-1,3],[-7,-1],[-3,-5],[-6,-2],[-2,-2],[-1,-4],[-3,-1],[-2,4],[-5,1],[-2,2],[-4,-2],[0,1],[2,3],[4,2],[1,3],[-4,-1],[0,-1],[-7,-1],[-4,-2],[-4,4],[1,4],[5,3],[4,0],[4,-1],[-4,4],[4,1],[0,3],[4,-2],[3,-4],[5,4],[-2,3],[1,2],[6,0],[-1,-2],[1,-3],[4,-2],[6,2],[3,-2],[4,1],[4,5],[1,-1],[4,4],[2,4],[0,6],[-4,2],[-5,5],[1,4],[-1,3],[-4,2],[-4,0],[-4,-4],[-2,2],[-10,4],[-3,1],[-2,3],[2,7],[2,4],[-4,4],[2,4],[-2,3],[1,2],[6,4],[2,2],[-3,1],[-6,-1],[-4,3],[-3,3],[1,1],[-3,4],[-1,3],[-3,3],[-1,4],[2,4],[-2,1],[5,0],[3,0],[0,2],[-5,2],[-1,2],[3,1],[-2,2],[1,3],[5,0],[-3,3],[-4,1],[0,3],[3,1],[4,1],[4,2],[0,1],[-5,2],[1,4],[3,0],[-1,3],[-2,2],[-3,1],[0,2],[5,2],[4,-1],[3,4],[0,3],[5,-2],[1,1],[-1,3],[4,0],[-1,3],[3,7],[6,7],[-3,0],[-1,-2],[-7,1],[2,1],[6,1],[7,3],[2,2],[7,8],[5,5],[6,4],[5,1],[1,4],[-2,0],[-5,-2],[0,4],[7,0],[2,-1],[3,0],[-1,4],[1,2],[4,4],[2,0],[3,3],[7,2],[6,3],[0,2],[-2,1],[-3,-1],[-1,2],[-3,0],[-3,-2],[-1,-2],[-4,2],[-3,2],[-2,-2],[-4,2],[5,0],[2,3],[2,1],[-5,4],[-3,1],[-2,3],[-2,0],[0,-3],[-1,-1],[-1,2],[-4,0],[3,3],[-1,4],[-4,2],[-6,-1],[-3,1],[3,2],[0,2],[3,0],[3,-1],[3,2],[4,-3],[5,2],[-3,2],[0,2],[-2,1],[-10,4],[-4,-2],[-1,-3],[-6,-1],[-1,-1],[-5,-1],[-6,2],[-5,1],[-4,4],[-2,3],[-2,4],[0,7],[3,5],[3,2],[0,1],[5,0],[0,-1],[5,4],[4,0],[2,-1],[4,0],[2,-2],[2,3],[-3,3],[5,-2],[4,2],[0,4],[-2,1],[-2,-1],[0,3],[-3,0],[-1,-2],[-3,0],[-2,2],[-4,-1],[-2,5],[2,4],[10,-1],[1,1],[3,-1],[5,1],[4,2],[-2,3],[2,2],[3,0],[1,-2],[4,-2],[4,0],[3,-1],[2,1],[-1,2],[3,4],[-3,0],[-2,2],[4,1],[4,0],[5,-3],[0,-3],[-1,-1],[2,-2],[3,1],[1,2],[0,3],[2,0],[2,3],[-2,3],[0,4],[-3,1],[-5,5],[0,4],[-5,0],[-3,1],[-1,-1],[2,4],[-3,-2],[-1,2],[-2,2],[1,2],[-3,0],[-3,0],[1,-2],[3,-2],[-3,-2],[3,-3],[2,1],[2,-3],[-5,0],[-5,4],[1,3],[-2,0],[-3,-1],[-3,1],[3,1],[1,5],[2,2],[-2,1],[-5,5],[-11,3],[-3,0],[-6,-5],[-1,-1],[-2,2],[1,2],[3,1],[2,2],[0,3],[2,0],[1,1],[-1,2],[-4,3],[-2,3],[-2,0],[0,4],[-5,2],[-6,2],[-2,2],[-1,3],[-1,1],[-3,1],[-2,-1],[0,-3],[-4,4],[-5,3],[-4,1],[-2,-2],[-1,3],[-2,0],[-1,2],[-3,1],[2,-3],[-3,-5],[-2,-2],[-1,2],[-2,-4],[-1,6],[-6,3],[-2,0],[-8,0],[-1,-5],[1,-2],[-2,-1],[0,-3],[-5,1],[-2,-2],[-3,0],[-3,2],[0,3],[2,0],[0,3],[-7,-3],[-2,1],[2,3],[-2,1],[-3,-1],[-5,1],[1,1],[7,3],[3,5],[7,1],[5,-2],[1,3],[3,4],[-2,3],[-8,-1],[-7,2],[-3,-1],[-7,2],[-1,-3],[-2,-1],[1,-3],[4,-2],[-1,-4],[-8,-1],[0,-4],[-4,-4],[-2,-1],[-4,-3],[-5,0],[-3,1],[-2,3],[-3,0],[-1,-2],[-7,-1],[0,2],[3,2],[2,4]],[[10979,5459],[3,-3],[3,-5],[4,0],[1,1],[-2,5],[-2,1],[-1,2],[-3,0],[-6,4],[-1,2],[-7,1],[2,-2],[4,-2],[5,-4]],[[10984,5447],[2,-1],[1,1],[-3,0]],[[10989,5430],[0,-3],[2,-3],[3,-1],[-1,5],[-4,2]],[[10985,5429],[-3,-1],[3,-6],[-1,-4],[1,-4],[-1,-2],[-4,-4],[-1,-3],[2,0],[3,1],[2,5],[2,0],[1,5],[1,0],[-1,6],[-4,7]],[[10980,5399],[-2,-1],[1,-2],[3,0],[0,3],[-2,0]],[[10979,5391],[4,1],[-1,1],[-4,2],[1,-4]],[[10979,5391],[-2,-3],[2,-3],[3,2],[-3,4]],[[10891,5290],[4,0],[-3,3],[-3,-2],[2,-1]],[[10882,5284],[-5,-3],[6,-1],[-1,2],[2,1],[-2,1]],[[10892,5279],[-5,-2],[-1,-2],[-4,0],[-4,2],[-2,0],[-1,-3],[3,-3],[7,1],[4,2],[5,-1],[6,-3],[3,4],[-1,3],[-3,1],[-5,1],[-2,0]],[[10904,5123],[-3,-1],[4,-5],[2,-1],[2,-3],[4,-2],[0,3],[-3,4],[0,3],[2,2],[-3,-1],[-5,1]],[[10921,5090],[-1,-3],[2,-2],[2,-1],[4,0],[0,3],[-2,3],[-5,0]],[[10974,4973],[-4,-7],[3,1],[6,0],[4,-1],[-3,3],[-5,4],[-1,0]],[[10958,4753],[4,0],[-2,1],[-2,-1]],[[10957,4750],[0,3],[-2,-2],[2,-1]],[[10893,4735],[1,3],[-2,-1],[1,-2]],[[11088,4720],[7,3],[1,5],[1,-1],[6,-1],[-1,3],[0,3],[-5,3],[-2,0],[-2,-3],[-3,2],[-6,1],[-2,-1],[2,-5],[3,0],[-3,-1],[-1,-3],[3,1],[2,-6]],[[11072,4731],[1,-2],[3,0],[4,3],[1,2],[-3,0],[-2,-2],[-3,0],[-1,-1]],[[11003,4729],[0,0]],[[11003,4729],[-1,0]],[[11002,4729],[0,0]],[[11002,4729],[0,0]],[[11002,4729],[-1,0]],[[11001,4729],[0,0]],[[11001,4729],[-3,3],[-2,-1],[0,-2],[-6,-1],[0,-1],[4,-4],[5,-2],[6,3],[0,4],[-2,1]],[[11109,4725],[-5,-2],[2,-1],[3,2],[0,1]],[[11114,4697],[3,-1],[-2,3],[-3,-1],[2,-1]],[[11110,4677],[4,1],[7,5],[6,1],[3,3],[-4,2],[-3,0],[-7,4],[-5,0],[-4,2],[-3,-1],[-3,3],[-3,0],[-3,-4],[3,-4],[3,-1],[5,-10],[4,-1]],[[11178,4678],[0,-2],[2,1],[-2,1]],[[11178,4678],[0,0]],[[11185,4677],[-5,-1],[-1,-10],[2,-3],[4,-2],[5,-5],[3,0],[3,-2],[5,-2],[4,-4],[1,2],[4,-5],[6,-4],[5,-8],[3,-1],[4,-3],[2,-4],[4,-4],[2,-6],[4,-6],[6,1],[4,-1],[3,1],[-5,10],[-2,3],[0,3],[-5,5],[-10,4],[-7,5],[-6,7],[0,3],[-4,4],[0,1],[-3,3],[-4,1],[-1,3],[-2,0],[-1,3],[-3,3],[-4,4],[-2,0],[-5,5],[-4,0]],[[11111,4670],[2,1],[2,3],[-3,1],[-5,-1],[0,-2],[4,-2]],[[11164,4664],[2,0],[-3,2],[1,-2]],[[11041,4657],[-2,-1],[-2,-2],[0,-2],[2,0],[-2,-4],[1,-3],[4,-1],[1,-3],[5,-2],[3,0],[6,-4],[4,0],[7,4],[4,1],[1,3],[2,1],[1,7],[-2,1],[0,3],[-3,2],[-3,-1],[-2,1],[-5,0],[-1,-1],[-6,0],[-5,2],[-8,-1]],[[11248,4609],[-2,1],[-6,-2],[1,-2],[8,-1],[0,4],[-1,0]],[[11249,4604],[-4,-2],[7,-6],[0,-5],[2,1],[0,5],[-2,6],[-3,1]],[[11110,4525],[-3,-1],[-3,-3],[-8,-4],[-5,-6],[-11,-9],[-2,-4],[0,-4],[1,-3],[3,0],[-2,-4],[-1,-3],[0,-4],[4,-3],[1,-3],[5,-5],[0,-1],[5,-1],[5,0],[3,-3],[3,-1],[11,-1],[5,0],[-1,-1],[-6,-3],[0,-2],[2,-2],[3,-1],[4,0],[9,-2],[3,-2],[4,1],[4,-2],[2,-2],[4,-4],[5,-3],[2,-3],[5,-4],[6,-3],[5,-1],[7,-1],[3,1],[11,3],[5,0],[8,-1],[3,0],[3,-1],[6,1],[8,3],[0,5],[6,7],[3,3],[-1,2],[-7,8],[-12,4],[-17,2],[-14,0],[-4,-1],[-4,0],[-8,2],[-4,-1],[-12,1],[-9,3],[-4,0],[-3,1],[0,2],[1,3],[-2,1],[-6,5],[3,5],[-1,7],[3,2],[6,4],[2,2],[0,4],[2,2],[-2,6],[-8,5],[-7,3],[-7,4],[-9,2],[-1,-1]],[[11066,4492],[2,4],[3,2],[-4,-1],[-4,-4],[3,-1]],[[11369,4491],[-5,-2],[-12,-1],[-2,-3],[4,1],[6,-3],[1,-5],[2,-1],[7,-2],[5,-4],[3,-1],[2,3],[0,2],[-5,8],[0,2],[-6,6]],[[10606,4364],[-5,2],[-1,3],[-5,1],[-6,5],[-2,2],[-7,3],[1,1],[-2,4],[0,4],[-2,2],[-2,0],[-3,3],[-4,0],[-4,1],[-1,3],[-2,2],[-5,0],[-3,3],[-7,4],[2,1],[-3,2],[-2,4],[-4,2],[6,9],[0,2],[3,3],[1,2],[-7,1],[-8,5],[-4,1],[-5,0],[0,3],[-2,2],[-3,1],[-3,0],[-7,2],[-4,1],[-4,-1],[-6,-3],[-2,0],[-8,3],[-3,0],[-6,1],[-1,1],[-1,8],[-5,0],[-4,-2],[-2,1],[-4,4]],[[10460,4460],[0,0]],[[10460,4460],[0,0]],[[10460,4460],[1,1]],[[10461,4461],[-1,0],[0,4],[-6,1],[-3,4],[-4,8],[-2,7],[-1,5],[-1,3],[-1,11],[-1,1],[0,5],[-1,0],[0,7],[0,15],[1,10],[2,11],[2,9],[7,14],[4,8],[5,9],[3,4],[6,6],[0,4],[2,11],[2,10],[-1,3],[3,14],[0,5],[-1,1],[1,13],[-1,4],[0,7],[-2,11],[0,4],[2,8],[0,5],[-2,4],[-2,0],[-4,5],[-4,6],[-5,3],[-1,4],[2,5],[-1,6],[4,8],[-1,7],[-2,3],[-7,6],[0,1],[-7,4],[-1,3],[2,6],[6,9],[3,5],[7,8],[-1,4],[3,4],[-1,2],[1,9],[3,10],[0,2],[-6,-2],[-3,1],[2,-3],[-1,-2],[-3,-3],[2,-2],[-3,-3],[4,-4],[2,-3],[-5,-2],[-4,3],[-8,4],[-3,3],[0,5],[1,5],[1,4],[3,1],[1,3],[-2,4],[-3,1],[-4,-1],[-2,-4],[-4,2],[-4,3],[-3,6],[-2,0],[2,-4],[-3,-1],[-3,-2],[-6,3],[0,4],[-1,0],[-5,4],[0,2],[-3,0],[-2,3],[-1,3],[-1,2],[3,5],[1,4],[-1,4],[1,2],[-2,2],[0,5],[-1,1],[-1,3],[1,4],[2,2],[0,5],[2,3],[3,1],[-3,2],[1,0],[0,3],[-2,2],[1,4],[1,3],[0,2],[2,5],[-2,2],[10,0],[1,3],[-6,2],[1,1],[-1,2],[-3,0],[0,3],[6,0],[0,2],[2,2],[0,5],[2,0],[-2,3],[-4,-4],[-6,-2],[-5,0],[-2,1],[-5,1],[-1,2],[-3,2],[0,2],[3,2],[0,5],[-1,2],[-4,1],[-1,5],[-2,2],[-6,1],[-2,-2],[-5,-1],[0,-1],[-2,1],[-4,-2],[2,-3],[-2,-2],[-4,-1],[-5,-2],[-4,-1],[0,5],[-2,1],[-2,3],[-2,1],[-5,0],[2,-2],[-3,-2],[0,-2],[-3,-1],[0,-2],[4,2],[3,-1],[-4,0],[0,-3],[-3,0],[-3,-3],[2,-1],[0,-3],[4,0],[-3,-1],[-3,2],[-2,1],[1,7],[2,3],[-2,2],[-2,-1],[-1,2],[-2,2],[1,5],[-1,2],[0,3],[-7,2],[-2,4],[-2,-2],[-4,-4],[1,-7],[2,0],[-3,-2],[1,-4],[5,-3],[-3,-2],[-1,1],[-4,1],[-2,2],[-6,-2],[1,-2],[-3,0],[1,2],[-3,1],[-5,0],[3,3],[6,-3],[3,2],[0,4],[-3,3],[-6,1],[-6,-1],[0,-1],[2,-3],[-2,-1],[-4,3],[1,2],[-2,2],[-6,3],[2,-4],[3,-1],[-2,-2],[-5,1],[-6,0],[-1,1],[-4,-1],[-5,0],[0,2],[-3,0],[-3,1],[-3,-3],[1,-2],[4,-3],[-1,-1],[-7,-2],[2,-5],[-6,-5],[0,-1],[3,-5],[-2,-3],[1,-2],[-8,-5],[-4,0],[-1,-3],[-5,1],[-5,-5],[0,-2],[-3,-3],[-3,-1],[-4,-2],[-2,-4],[-3,1],[-3,-1],[1,-2],[-1,-4],[-1,1],[-8,-5],[-7,-4],[-8,-2],[-3,0],[-3,1],[2,2],[-3,1],[-1,-4],[0,3],[-2,0],[0,-2],[-4,-4],[-4,0],[1,-3],[-7,-4],[-4,0],[0,-3],[-4,2],[0,-2],[-2,-3],[-6,-3],[-5,-1],[-8,1],[-8,-1],[-8,1],[-2,-3],[-5,-2],[-5,-1],[-2,0],[-7,-1],[-11,1],[-3,1],[-1,3],[-10,2],[-4,2],[-4,0],[-3,3],[-4,1],[-7,-4],[-4,-2],[-6,1],[-1,1],[-3,-1],[-2,1],[-5,5],[-8,5],[-2,-1],[-3,6],[-8,6],[-3,1],[-3,4],[1,3],[-2,1],[2,2],[-3,2],[2,2],[-2,6],[1,4],[-3,1],[2,2],[-6,10],[-2,0],[-2,3],[-1,6],[-3,2],[3,3],[-1,3],[1,4],[-1,6],[-4,1],[-1,2],[-4,2],[-5,4],[-12,1],[-11,2],[-2,3],[-2,1],[-6,-1],[-8,6],[0,2],[3,-1],[-1,4],[-2,-4],[-3,-1],[1,-3],[-1,0],[-5,2],[2,-3],[-4,-2],[-4,1],[-2,-1],[1,-1],[1,-3],[-2,-2],[3,-3],[-2,-2],[2,-1],[-1,-2],[2,-2],[9,-3],[2,-4],[0,-3],[2,-1],[0,-2],[-2,-1],[-1,-2],[4,-2],[-2,-4],[1,-4],[2,-1],[-5,-2],[-1,-5],[-2,0],[-1,2],[-2,2],[-1,4],[-4,5],[-2,0],[-4,2],[-2,4],[-2,7],[0,1],[-4,2],[-2,4],[-4,1],[-2,2],[-2,2],[-5,4],[0,6],[-5,1],[-3,4],[-2,0],[-2,3],[-5,4],[-2,2],[-3,2],[-4,5],[0,3],[-5,2],[-4,4],[-1,1],[-4,0],[-7,6],[-2,1],[-3,4],[-4,3],[-5,2],[-5,5],[-2,2],[0,2],[-3,-1],[-4,2],[1,3],[-3,1],[-1,2],[-2,2],[-3,-2],[-4,2],[-2,3],[-5,2],[-2,3],[-4,4],[-2,-1],[-3,3],[-2,3],[-5,2],[-3,3],[-5,1],[-1,-2],[-2,-4],[-13,-12],[-4,0],[-1,1],[-3,-3],[-2,-5],[1,-8],[2,-1],[1,-11],[-1,-7],[3,-2],[5,0],[-3,-3],[2,-5],[1,-8],[4,-7],[3,-1],[4,0],[1,-3],[-4,0],[-2,-2],[4,-2],[2,1],[4,-2],[-1,-1],[-4,0],[-2,-3],[1,0],[5,-11],[5,-1],[1,-2],[-2,-2],[1,-3],[3,-1],[5,-3],[4,1],[3,1],[2,-3],[5,0],[1,1],[4,0],[3,-2],[-4,-4],[0,-1],[-4,-3],[-3,1],[-4,-2],[-3,2],[-4,0],[-2,-3],[5,-3],[0,-6],[7,-4],[7,1],[2,-1],[1,3],[5,-2],[1,-2],[3,1],[3,-2],[0,-4],[1,0],[0,-4],[-5,-1],[-10,3],[-3,0],[-2,-10],[-3,-2],[0,-3],[2,-1],[1,-4],[4,1],[0,-3],[-3,-2],[-1,-3],[1,-1],[0,-5],[3,-3],[2,0],[6,-4],[3,-3],[4,-2],[3,1],[1,3],[4,1],[5,-3],[-2,-4],[-5,-3],[-2,-1],[3,-3],[6,0],[2,5],[5,0],[1,3],[7,0],[3,-2],[1,-2],[-2,-3],[-2,0],[0,-2],[-5,-1],[2,-5],[-8,-2],[3,-7],[1,-5],[1,-2],[1,3],[2,1],[4,-1],[0,-4],[-5,0],[3,-4],[-1,-1],[2,-3],[0,-1],[5,3],[4,-4],[6,-1],[-3,-3],[-2,0],[-3,-3],[2,-4],[-4,-1],[-1,2],[-6,-1],[-1,-2],[2,-4],[0,-2],[3,0],[1,-1],[-3,-5],[-4,-2],[2,-8],[-1,-1],[0,-6],[2,-6],[5,-7],[0,-4],[1,-1],[3,-6],[-1,-1],[0,-4],[2,-4],[1,-5],[3,-3],[1,-5],[-1,-2],[0,-5],[-1,-5],[-3,-1],[-8,0],[0,-1],[-4,-6],[0,-6],[2,-3],[-5,-5],[-7,-5],[-5,-1],[0,-3],[2,-1],[3,1],[4,0],[3,-2],[1,-3],[-1,-3],[1,-3],[5,-1],[1,-2],[2,0],[3,-1],[3,-6],[4,-1],[1,2],[3,0],[-1,3],[2,-3],[0,-1],[-3,-2],[-4,-1],[4,-1],[1,-3],[-3,-1],[3,-2],[-3,-2],[1,-1],[1,-7],[-3,-2],[1,-1],[2,-3],[0,-3],[3,-3],[4,-1],[0,-5],[-7,-1],[-3,-3],[-1,-3],[-3,-2],[0,-1],[-2,-1],[1,-2],[-2,-1],[-3,0],[1,-2],[1,-3],[-4,-1],[1,-1],[-1,-2],[-2,-1],[0,-3],[-3,-2],[-2,-4],[-1,-3],[-4,0],[1,-4],[-2,-1],[10,-3],[1,-3],[2,-1],[8,3],[6,0],[4,1],[7,-4],[0,-1],[3,2],[-1,6],[1,3],[-2,8],[0,7],[-2,1],[3,1],[0,-2],[4,0],[3,-4],[-2,-3],[4,1],[2,-1],[-2,-6],[-3,-1],[2,-2],[3,1],[4,-1],[4,-2],[3,-4],[0,-2],[-4,-5],[0,-5],[-1,0],[-5,-6],[5,-3],[9,-1],[3,1],[3,7],[3,-1],[-1,-3],[1,-2],[3,-1],[5,-1],[8,-4],[4,-4],[2,-4],[-1,-2],[5,-2],[7,-1],[4,1],[5,-2],[6,3],[4,0],[4,2],[5,-1],[3,0],[4,6],[2,2],[4,5],[1,3],[3,0],[1,2],[2,4],[0,3],[2,0],[-1,2],[5,3],[3,1],[-1,4],[2,4],[5,4],[0,5],[-3,3],[-2,3],[4,4],[1,5],[-1,7],[-3,2],[-6,1],[-3,4],[2,3],[2,1],[4,3],[4,-1],[2,2],[4,1],[-1,1],[9,6],[4,2],[1,-1],[3,3],[1,2],[-2,2],[0,2],[4,0],[4,1],[9,2],[6,0],[3,-1],[0,-2],[5,-3],[0,-1],[6,-1],[4,-1],[7,-7],[1,-8],[2,-1],[6,-2],[5,-3],[1,-1],[5,-3],[2,-5],[6,-2],[4,-4],[9,-4],[8,-1],[8,-2],[5,-3],[2,-4],[5,-4],[0,-4],[2,-5],[6,-5],[3,-3],[0,-2],[2,-4],[4,-4],[0,-2],[-1,-5],[2,-3],[4,-2],[7,-6],[-1,-2],[9,-6],[5,-2],[4,-4],[7,-5],[8,-9],[6,-4],[2,-3],[4,-6],[2,-5],[2,-5],[2,-1],[5,-6],[5,-7],[1,-4],[2,-4],[1,-5],[-2,-5],[1,-4],[6,-7],[2,-4],[0,-9],[3,-7],[-1,-6],[-2,0],[0,-9],[3,0],[-2,-2],[0,-3],[3,-4],[3,-2],[2,-4],[0,-6],[-3,-5],[-4,-3],[-2,0],[-1,-3],[2,-2],[-1,-2],[-3,0],[-5,-1],[-2,2],[-7,1],[-1,-2],[3,-4],[1,-3],[-8,-5],[-4,-11],[-1,-5],[0,-8],[-1,-7],[-2,-3],[0,-6],[2,-9],[-1,-8],[3,-2],[-5,-6],[-2,-2],[-1,-5],[-2,-1],[-4,1],[0,-2],[1,-4],[-2,-4],[-2,-1],[-5,-1],[-5,-2],[-3,-3],[-4,-1],[0,1],[-3,0],[-7,-8],[-1,0],[1,-6],[2,-2],[4,-1],[2,-1],[-3,-1],[0,-3],[3,-8],[0,-4],[-1,-6],[-2,-5],[-2,-2],[0,-6],[-2,-11],[0,-4],[2,-5],[5,-7],[3,-9],[5,-2],[17,-7],[9,-4],[4,-5],[3,-1],[-1,-1],[4,-4],[3,-3],[8,-6],[3,-4],[1,-5],[1,-12],[-3,-5],[-3,-9],[-4,-4],[0,-4],[-3,-2],[-3,-5],[-2,-2],[-6,-13],[4,-2],[-1,-5],[-1,-1],[-1,-3],[-2,-5],[1,-5],[1,-2],[-3,-3],[1,-2],[-3,-2],[-3,-6],[-3,0],[-3,-4]],[[10197,4063],[6,0],[2,2],[4,-3],[2,1],[0,2],[4,-2],[4,0],[4,3],[4,0],[0,2],[4,2],[5,0],[3,-1],[6,1],[2,3],[3,1],[5,0],[7,3],[5,5],[-1,1],[5,2],[2,1],[2,0],[-2,3],[-2,0],[1,4],[3,2],[1,-1],[7,3],[1,-1],[3,3],[4,-2],[5,1],[-1,2],[3,5],[4,4],[-4,0],[3,4],[2,-1],[4,4],[2,-4],[4,1],[-2,2],[6,2],[7,-1],[10,3],[3,3],[2,-1],[3,2],[6,7],[0,3],[1,6],[0,3],[1,0],[-3,5],[-4,2],[2,2],[0,5],[-2,1],[-2,2],[2,2],[-3,17],[-1,3],[-2,3],[-1,2],[2,2],[-2,1],[2,1],[-1,3],[-4,0],[-1,6],[-4,4],[-3,2],[-1,3],[-7,6],[0,11],[4,5],[5,12],[3,30],[2,4],[14,17],[20,0],[31,2],[11,0],[9,1],[9,1],[26,8],[37,2],[14,2],[10,0],[5,6],[-5,5],[-3,0],[-2,1],[13,10],[25,10],[32,16],[6,0],[5,-2],[6,2],[2,1],[5,3],[1,1],[4,2]],[[10332,4966],[1,2],[-1,3],[-1,2],[-5,1],[3,-7],[3,-1]],[[10294,4973],[-3,-1],[-2,-2],[6,-1],[-1,4]],[[10349,4965],[4,0],[-3,1],[-3,4],[0,-4],[2,-1]],[[10415,4945],[1,0],[-3,6],[-1,-2],[-3,-1],[-3,2],[6,1],[0,2],[-3,2],[-4,-1],[-3,1],[-4,5],[-2,0],[-5,-2],[-1,-1],[4,-2],[0,-6],[-3,-3],[1,-3],[2,0],[2,-3],[5,-1],[6,0],[5,2],[3,3],[0,1]],[[10412,4959],[-6,0],[0,-2],[5,0],[1,2]],[[10461,4461],[-1,-1]],[[10460,4460],[0,0]],[[10460,4460],[4,-4],[3,0],[-3,2],[-1,4],[-2,-1]],[[10108,4323],[-3,1],[3,-2],[0,1]],[[10087,4316],[2,1],[-1,1],[-5,2],[-2,-2],[6,-2]],[[10118,4302],[1,1],[-2,4],[-3,-2],[4,-3]],[[10115,4280],[4,1],[1,1],[5,2],[-2,1],[-4,0],[-6,-2],[2,-3]],[[10062,4121],[2,-2],[3,0],[-3,2],[-2,0]],[[10751,5584],[1,1],[5,0],[5,-6],[2,-1],[3,6],[2,1],[1,2],[0,3],[-4,5],[-3,-1],[-6,2],[4,6],[6,1],[-1,4],[1,1],[-4,2],[-3,0],[-2,-5],[-4,0],[-1,-4],[-3,-3],[-4,-2],[-8,0],[-7,-2],[-7,-4],[-3,1],[1,4],[-5,-1],[0,3],[1,4],[-2,0],[2,1],[5,0],[0,-2],[3,0],[2,3],[5,4],[-2,3],[1,1],[4,1],[12,5],[-3,4],[-1,-2],[-3,-2],[-3,0],[0,2],[-2,2],[-2,0],[-6,-4],[-4,1],[-5,1],[-4,5],[1,2],[6,3],[-2,3],[-3,-1],[-2,2],[1,2],[-2,1],[1,2],[8,3],[2,-1],[7,1],[2,3],[-1,1],[-3,-1],[-4,3],[2,6],[6,4],[-3,0],[-4,1],[5,0],[2,2],[8,-1],[1,3],[-5,0],[-2,-1],[-3,1],[-1,2],[-4,2],[1,3],[1,0],[2,2],[3,0],[2,-3],[0,1],[2,-1],[7,0],[3,2],[3,0],[2,-1],[6,-2],[0,3],[1,2],[5,2],[-3,2],[-4,0],[-2,2],[-7,1],[-2,1],[-5,-2],[-3,0],[-5,3],[-7,6],[-4,4],[-3,7],[-2,2],[-1,2],[1,6],[3,3],[-1,6],[-4,4],[-2,-1],[-5,4],[-6,1],[0,1],[-6,0],[-6,-4],[-3,1],[-3,4],[3,2],[4,1],[1,3],[4,1],[-6,0],[-8,4],[0,3],[-5,2],[-1,3],[-4,0],[-2,1],[0,4],[-2,1],[-5,0],[-1,3],[-2,0],[-3,2],[-4,1],[0,3],[-4,2],[0,-4],[-5,0],[-2,2],[-1,4],[-2,2],[-5,0],[-5,2],[-3,4],[-4,1],[-1,2],[-5,2],[-2,4],[-4,1],[-2,2],[-1,0],[-6,2],[-5,3],[-4,1],[-4,4],[-3,2],[-3,-1],[-2,3],[-3,5],[-4,-1],[-1,-4],[1,-3],[-3,0],[-2,-2],[-3,1],[-6,-2],[-2,-1],[-6,-1],[-3,-2],[-6,-1],[-2,4],[-4,0],[-2,1],[-3,4],[1,5],[-4,0],[-4,-1],[-2,1],[-4,0],[-1,-2],[-4,-2],[-6,1],[-2,0],[2,-4],[3,-1],[-5,-1],[3,-2],[2,-4],[3,-4],[-1,-2],[3,-1],[-3,-5],[1,-3],[-6,-4],[-4,0],[-3,2],[-2,0],[-4,0],[-1,2],[-3,-1],[-4,2],[8,1],[3,2],[-3,0],[-12,-3],[-3,-3],[-5,-2],[1,-3],[-7,2],[-3,-2],[-4,-1],[-2,2],[-2,4],[-2,8],[-3,2],[-5,9],[-4,-1],[-2,2],[-4,-5],[-8,-3],[-7,-2],[-4,-1],[-6,0],[-1,-1],[-7,3],[-7,5],[3,2],[-1,4],[-4,5],[1,3],[2,2],[-6,1],[-3,-4],[-7,-2],[-3,-3],[-9,-3],[-8,0],[-12,0],[-12,0],[-10,3],[-1,3],[-3,2],[-10,-1],[-2,2],[-10,2],[-5,2],[-1,-2],[5,-3],[12,-2],[4,-3],[4,-4],[-1,-4],[-3,-6],[-4,-5],[-4,-3],[-9,-4],[-1,-2],[3,1],[-5,-2],[-1,1],[-18,-2],[-10,-1],[-17,2],[-7,2],[-2,2],[-1,3],[-1,-2],[-1,3],[-4,-3],[-3,0],[-2,-2],[-9,-2],[-5,-4],[-7,1],[-4,-1],[-2,-2],[-6,-1],[-1,-2],[-4,-1],[0,-1],[-11,-1],[-5,-1],[-15,0],[-8,2],[-3,-1],[1,-2],[-3,-1],[-5,1],[-4,1],[-2,-1],[-4,0],[-13,-4],[-5,1],[-7,3],[-2,3],[-2,0],[-3,-2],[-1,1],[-1,-4],[-4,0],[-3,-2],[-3,0],[-9,0],[-12,2],[-5,1],[-8,2],[-8,2],[-5,1],[-16,4],[-11,3],[-7,4],[-2,-1],[3,-3],[-3,-2],[-1,1],[-4,-2],[-6,0],[-5,1],[-5,1],[-3,-1],[0,-2],[-4,-1],[-8,1],[-3,-1],[-8,-2],[-8,5],[-3,0],[0,1],[-5,5],[-8,0],[-3,-2],[1,-1],[-3,-2],[-3,3],[-1,4],[-4,0],[0,-2],[-2,-5],[-5,-4],[-3,-1],[-3,3],[-1,4],[3,1],[4,2],[1,3],[-1,4],[1,1],[-2,1],[-1,-3],[-4,-2],[-2,1],[-3,-5],[-5,-1],[-4,1],[-1,-2],[-2,2],[-6,1],[-3,-3],[-4,-1],[-6,3],[1,1],[-3,5],[0,2],[-4,0],[-2,3],[-2,0],[-5,-2],[-4,1],[-1,1],[-2,0],[2,4],[5,2],[-2,3],[-2,0],[-4,-2],[-1,3],[-3,0],[-3,2],[-4,-2],[0,-3],[4,-7],[-2,0],[-2,-4],[-3,2],[-3,-1],[-3,3],[-2,-3],[-5,3],[1,2],[-1,2],[5,-1],[4,0],[-3,1],[-5,1],[-6,-2],[-11,2],[3,-3],[-2,-2],[1,-7],[0,-1],[-4,-1],[-3,1],[-4,3],[0,2],[-7,0],[-1,-2],[2,-2],[-4,-2],[-2,1],[-4,-2],[-3,2],[-2,4],[2,3],[-1,5],[-3,-1],[0,-1],[-5,-1],[-1,3],[3,0],[-2,3],[-2,-1],[-1,2],[-4,1],[-1,1],[-4,0],[-1,-2],[-5,2],[-1,3],[0,6],[-8,5],[-6,1],[-3,-1],[-2,-3],[-4,-3],[-4,-2],[3,-3],[-1,-2],[-3,-1],[-4,0],[1,-3],[-3,-6],[-2,-1],[2,-3],[5,-3],[3,-5],[-1,-2],[4,-5],[3,-1],[4,-3],[3,-12],[-3,-1],[0,-4],[2,-3],[4,-2],[-1,-3],[-4,-4],[2,-2],[1,-5],[-1,-2],[5,-1],[1,-3],[4,-2],[7,-2],[2,-4],[4,-1],[1,-4],[4,1],[2,1],[1,-1],[-2,-2],[-3,0],[-1,-2],[2,-3],[4,-3],[3,0],[2,-3],[2,-3],[-1,-3],[1,-5],[1,-4],[-2,-2],[3,-4],[0,-1],[3,-5],[-2,-3],[2,-1],[0,-2],[4,-5],[3,2],[0,4],[4,-2],[1,-3],[-1,-3],[-1,0],[-3,-3],[-1,-3],[2,-2],[-1,-7],[-2,-2],[2,-7],[3,-8],[2,-2],[2,-1],[0,-4],[-3,-1],[0,-2],[1,-4],[4,-3],[3,-5],[-2,-4],[1,-1],[5,0],[3,-1],[1,-4],[1,-1]],[[9811,5584],[3,-1],[4,1],[2,-1],[2,2],[56,0],[50,42],[12,-7],[22,-4],[4,-8],[14,-8],[34,-20],[28,-18],[-2,4],[1,2],[6,1],[2,2],[15,-8],[-9,-8],[18,-10],[22,5],[0,6],[8,-1],[7,7],[8,2],[5,-7],[11,9],[20,15],[42,-11],[38,-16],[13,-4],[30,-11],[8,-2],[-6,-15],[-6,-16],[19,-21],[6,-6],[4,9],[7,11],[10,16],[7,11],[4,6],[10,17],[6,13],[4,-4],[10,-5],[8,-3],[10,-1],[9,-2],[10,-2],[15,0],[18,2],[30,8],[12,2],[16,6],[62,22],[6,1],[28,0],[17,-1]],[[9821,5885],[4,-2],[1,-2],[3,-1],[-1,-1],[3,1],[-1,2],[-3,-1],[-3,4],[-3,0]],[[9835,5873],[-6,2],[-8,7],[-1,1],[-4,0],[-5,2],[-3,-1],[2,-3],[2,-5],[4,-2],[-1,-3],[3,-15],[2,-2],[5,-1],[3,-1],[5,-4],[4,-4],[4,1],[-3,1],[7,0],[-1,-2],[3,0],[1,1],[-1,5],[2,2],[-1,1],[0,3],[-3,1],[1,3],[-4,0],[-1,2],[5,2],[-1,4],[-4,3],[-6,2]],[[9834,5879],[-4,-3],[6,-3],[4,3],[-2,2],[-4,1]],[[10497,5877],[-3,0],[-7,-2],[-4,-2],[-2,2],[-8,-1],[-1,-2],[-5,-4],[-2,-3],[3,-3],[5,0],[-4,-4],[-5,0],[1,-7],[8,0],[2,-1],[6,-1],[2,-1],[-1,-1],[11,-3],[2,-3],[-2,0],[0,-3],[-2,-1],[0,-3],[-5,0],[3,-2],[-3,-2],[-10,3],[-3,0],[-4,-3],[6,-5],[3,0],[1,-1],[4,-1],[2,1],[2,-3],[4,1],[-2,-3],[2,-1],[6,0],[0,1],[5,0],[2,1],[1,-2],[4,0],[9,-2],[5,0],[1,3],[-3,3],[2,1],[1,5],[-1,1],[-3,-3],[-3,1],[-2,3],[-3,1],[-3,-1],[2,2],[-1,2],[-2,0],[2,4],[-1,4],[1,3],[-3,4],[-2,1],[4,5],[0,6],[-8,9],[-1,6],[-3,1]],[[9872,5854],[0,0]],[[9872,5854],[0,0]],[[9872,5854],[5,-2],[2,1],[0,4],[-3,4],[0,3],[-6,2],[-1,-4],[2,-2],[-5,2],[-2,3],[-2,4],[-4,1],[-6,1],[-3,0],[-1,-2],[6,-4],[0,-2],[2,-2],[4,1],[2,-4],[3,-1],[1,-4],[5,-1],[1,2]],[[10436,5861],[-3,-1],[-2,-3],[-4,0],[-2,-1],[3,-3],[-1,-3],[10,-5],[6,1],[5,-2],[0,2],[-1,6],[-3,4],[0,3],[-1,2],[-7,0]],[[9818,5846],[2,1],[1,1],[-4,6],[-1,4],[-4,2],[-2,-4],[2,-1],[1,-3],[0,-4],[5,-2]],[[9832,5837],[2,2],[-2,1],[1,1],[0,3],[-3,4],[-2,1],[-6,2],[2,-4],[2,-4],[2,-4],[2,-2],[2,0]],[[9879,5837],[0,0]],[[9879,5837],[3,-2],[2,0],[0,5],[-3,1],[1,2],[-1,4],[-3,1],[-2,-3],[2,-3],[-7,-3],[-3,1],[-2,-2],[3,-2]],[[9869,5836],[0,0]],[[9869,5836],[0,0]],[[9869,5836],[0,0]],[[9869,5836],[1,-1],[3,0],[3,0],[3,2]],[[10495,5804],[-2,1],[-2,-1],[-2,2],[-3,1],[-2,-1],[-4,-1],[-1,-2],[-9,1],[-5,4],[-2,-1],[-5,5],[-6,-1],[1,3],[-5,3],[0,2],[2,1],[-1,2],[3,2],[-5,9],[-3,1],[-4,4],[-2,5],[-7,3],[-5,-1],[0,-3],[1,-2],[0,-2],[1,-3],[3,-2],[0,-3],[-3,-2],[1,-5],[3,-2],[5,-2],[1,-5],[-1,-3],[2,-1],[-2,-3],[0,-1],[4,-1],[2,-2],[-1,-4],[-2,-2],[1,-3],[5,0],[1,-2],[5,-2],[1,1],[5,1],[0,-2],[-2,-2],[6,-4],[4,-1],[-1,-2],[7,0],[3,1],[5,1],[4,-3],[5,1],[2,2],[3,1],[1,5],[3,2],[6,1],[1,3],[-2,2],[-5,1],[0,3],[-3,3]],[[9848,5843],[-4,-1],[4,0],[0,1]],[[9890,5843],[-3,-1],[0,-1],[4,1],[-1,1]],[[9844,5840],[-2,-2],[3,1],[-1,1]],[[10518,5837],[-2,-1],[1,-5],[6,0],[1,2],[-2,2],[-4,2]],[[9821,5807],[5,-2],[1,1],[1,4],[3,0],[0,2],[3,0],[3,-5],[4,-1],[-1,-3],[5,0],[-2,-2],[2,-1],[5,4],[2,2],[0,3],[-3,1],[-2,5],[-2,3],[-7,4],[-6,4],[-7,2],[-6,5],[-2,0],[-5,2],[0,-2],[-3,0],[-1,-2],[1,-4],[1,-2],[1,-9],[0,-3],[1,-2],[6,-1],[2,0],[1,-3]],[[9892,5834],[-1,-2],[3,1],[-2,1]],[[9890,5832],[-1,0],[-8,-4],[0,-2],[3,0],[4,-3],[5,-1],[2,3],[3,2],[0,1],[-3,1],[-5,3]],[[10576,5816],[-5,0],[-2,-2],[0,-4],[4,-5],[4,-1],[5,3],[-1,5],[-5,4]],[[9808,5804],[3,-7],[4,-3],[1,-3],[0,-3],[2,-1],[5,0],[4,3],[2,-1],[1,2],[6,1],[3,4],[-1,1],[2,3],[-5,1],[0,-1],[-9,2],[0,2],[-7,3],[-2,-1],[-1,1],[-8,-1],[0,-2]],[[9936,5805],[-5,-2],[1,-2],[-3,1],[-4,-1],[-1,-2],[7,-1],[9,-5],[-1,-2],[2,-3],[-1,-2],[3,2],[0,-3],[2,-1],[-1,-3],[1,-3],[3,-4],[2,0],[0,-2],[5,1],[0,2],[2,-1],[5,0],[0,-1],[5,0],[4,1],[0,2],[-4,2],[-2,5],[-3,-1],[-3,3],[2,1],[-3,4],[-4,0],[0,3],[-3,1],[2,1],[-1,2],[-7,3],[-1,2],[-8,3]],[[9838,5802],[0,2],[-5,-1],[5,-1]],[[9905,5774],[1,4],[2,2],[-1,3],[-3,0],[1,2],[-5,-1],[0,2],[-6,0],[1,-2],[-3,-1],[-2,4],[-3,-1],[0,2],[-3,0],[0,3],[2,-2],[2,1],[0,2],[-2,0],[-3,3],[0,3],[-2,2],[-5,1],[-2,-1],[1,-3],[-4,-7],[0,-2],[-4,-1],[-2,-3],[4,-3],[3,0],[2,-3],[2,0],[3,-3],[7,-4],[1,-1],[12,-2],[1,2],[5,2],[0,2]],[[9777,5787],[1,3],[-2,3],[-1,1],[-2,-2],[2,-2],[-1,-2],[3,-1]],[[10492,5780],[-1,-3],[7,1],[1,5],[4,5],[-5,-1],[0,-4],[-3,-2],[-3,-1]],[[10455,5786],[0,-4],[3,-2],[1,-5],[4,-9],[2,0],[5,3],[5,0],[2,0],[4,4],[3,2],[0,1],[-5,0],[-5,0],[-9,2],[-1,3],[1,2],[-3,0],[-3,2],[-4,1]],[[9947,5772],[-1,2],[-2,2],[-2,3],[-1,-1],[-3,3],[-2,-2],[3,-4],[5,-4],[3,1]],[[10486,5779],[-1,-2],[1,-1],[2,2],[0,2],[-2,-1]],[[10484,5779],[-4,-2],[4,0],[0,2]],[[10128,5779],[-1,-1],[5,-4],[2,0],[-2,4],[-4,1]],[[9909,5776],[-3,2],[0,-4],[3,2]],[[9887,5769],[-4,3],[-7,2],[-1,-2],[2,-3],[0,-2],[3,-1],[7,3]],[[9932,5772],[3,0],[-3,2],[0,-2]],[[9927,5771],[-2,1],[-1,-1],[3,-2],[0,2]],[[10147,5768],[-5,-2],[4,-1],[2,0],[0,2],[-1,1]],[[9952,5766],[1,-2],[3,1],[2,-2],[2,2],[-8,1]],[[9610,5677],[6,-4],[0,-1],[10,-7],[5,-3],[4,-4],[2,1],[4,-3],[5,3],[3,3],[2,8],[0,8],[-2,4],[-4,2],[-6,4],[-5,7],[-3,5],[-3,4],[-2,4],[-2,3],[-9,6],[-6,-1],[0,2],[2,4],[-3,3],[-7,3],[0,2],[-2,-2],[-1,-3],[-1,-2],[1,-3],[-3,-3],[-2,-3],[1,-3],[-1,-2],[2,-1],[1,-3],[2,-1],[1,-3],[-1,-7],[1,-1],[3,-3],[0,-2],[4,-4],[4,-7]],[[9703,5713],[-4,-1],[-2,-4],[1,-10],[4,-9],[1,-5],[2,-2],[0,-4],[4,-11],[2,-4],[2,-3],[4,-8],[7,-6],[2,-3],[2,-1],[5,1],[4,4],[3,6],[1,5],[0,6],[-3,2],[-2,6],[-1,6],[1,2],[-7,7],[1,1],[-4,4],[-1,3],[-4,2],[-2,4],[-4,3],[-1,3],[-4,4],[-4,1],[-3,1]],[[9468,5654],[5,2],[5,4],[1,1],[2,4],[7,3],[6,8],[-1,1],[-6,-2],[-6,-4],[-5,-5],[-7,0],[-1,-2],[-2,-4],[2,-6]],[[9526,5651],[1,-1],[3,-5],[3,-3],[1,-3],[4,2],[2,-1],[3,2],[-2,0],[-2,2],[2,1],[-1,4],[-3,0],[-2,2],[1,1],[-3,1],[0,2],[-4,1],[1,1],[-3,0],[-1,2],[-7,0],[-1,-2],[3,-3],[5,-3]],[[9499,5653],[6,1],[4,1],[-1,2],[-5,-1],[-2,1],[-4,-3],[2,-1]],[[9478,5639],[1,2],[0,6],[-3,4],[-2,1],[-2,-3],[3,-7],[3,-3]],[[9493,5630],[5,2],[1,3],[4,0],[3,2],[-2,2],[-5,0],[-5,2],[-1,0],[3,-3],[0,-3],[-3,0],[-4,-4],[0,-1],[4,0]],[[9501,5624],[6,3],[4,0],[4,-2],[8,4],[-1,3],[3,2],[-3,2],[-3,4],[-2,0],[-9,-6],[0,-4],[-3,-1],[-5,-3],[1,-2]],[[9571,5584],[-3,3],[-3,0],[-5,3],[-4,-1],[-5,-1],[-5,-4],[1,-2],[1,0],[8,-1],[3,-2],[1,-4],[-1,-3],[1,-2],[-1,-5],[4,1],[1,1],[7,3],[0,5],[3,4],[0,1],[-3,4]],[[9811,5584],[1,-4],[2,-7],[2,-1],[1,-5],[3,-2],[0,-3],[2,-1],[2,-5],[3,-3],[1,-5],[3,-2],[0,-3],[1,-2],[4,-2],[2,-8],[3,-3],[0,-3],[2,-4],[4,-2],[3,0],[5,-2],[0,-2],[2,-1],[4,-1],[2,-1],[2,0],[5,-3],[-1,-2],[3,-1],[-1,-5],[4,-1],[-1,2],[4,1],[3,-2],[1,-1],[5,-3],[4,1],[5,-3],[6,-5],[1,-4],[3,-2],[-1,-3],[-3,-2],[2,-1],[1,1],[4,1],[4,-1],[2,-3],[3,-2],[-1,-1],[6,-5],[-1,-3],[3,-3],[-2,-1],[7,-3],[3,-2],[0,-4],[1,2],[3,0],[4,-3],[4,0],[4,-3],[1,0],[4,-2],[-1,-3],[-3,-3],[4,0],[3,-1],[3,0],[3,-1],[-1,-3],[1,-1],[4,1],[5,-1],[3,-7],[2,-2],[4,-1],[4,2],[1,0],[-1,-4],[5,-1],[10,2],[11,4],[15,0],[7,0],[7,-2],[3,2],[8,-2],[13,-5],[8,-1],[3,-1],[5,-1],[2,0],[4,-2],[10,-4],[7,-6],[5,-3],[2,-3],[10,-4],[1,-4],[5,-1],[4,-4],[3,-1],[4,2],[2,-3],[-4,-2],[0,-7],[1,-4],[4,-5],[5,0],[-3,-1],[-4,1],[-6,-3],[0,-2],[3,-7],[4,-4],[6,-1],[0,-1],[-5,1],[2,-3],[4,-1],[0,-2],[3,-3],[5,-2],[4,-1],[0,3],[6,-1],[4,1],[2,-1],[-2,-2],[-1,-2],[4,-4],[5,-3],[4,0],[8,1],[0,-3],[-2,0],[4,-4],[3,-4],[-3,-3],[-3,0],[3,-3],[0,-3],[-1,-2],[-7,0],[-1,-3],[5,0],[1,-1],[8,3],[-3,2],[3,2],[4,-1],[-1,-2],[5,0],[3,-2],[5,1],[-2,1],[-2,2],[1,2],[4,-1],[3,-3],[2,1],[2,-1],[1,1],[-4,1],[-2,1],[0,3],[3,-2],[3,1],[1,2],[3,1],[1,-2],[2,1],[1,2],[3,-2],[2,2],[3,0],[1,-1],[3,-1],[2,1],[3,-1],[-1,-2],[8,-1],[0,-1],[3,-3],[-5,1],[2,-5],[5,-3],[4,-1],[3,1],[1,-1],[0,-4],[-2,3],[-4,-1],[-1,-3],[-1,2],[1,2],[-4,0],[-4,1],[-3,0],[0,2],[-2,1],[1,2],[-2,2],[1,2],[-3,-1],[-3,3],[-3,-1],[-4,1],[-2,-3],[4,-1],[-1,-3],[4,-1],[-2,-3],[5,0],[1,-2],[-4,-1],[-5,1],[-4,-1],[-4,2],[0,-4],[-4,-1],[0,-2],[6,0],[2,-2],[3,1],[2,-1],[-2,-1],[7,0],[1,-2],[-5,0],[0,-2],[-4,2],[-3,-1],[4,-1],[-2,-4],[-3,1],[-1,-1],[-5,-1],[8,0],[7,-2],[5,0],[2,-2],[0,-2],[5,-3],[-5,-2],[-4,1],[9,-3],[4,1],[3,-2],[3,-1],[-2,3],[5,0],[4,-1],[-1,-1],[3,-3],[0,-2],[4,-2],[2,0],[6,-3],[-1,-5],[3,-2],[-2,-3],[-7,-2],[-5,2],[-2,0],[-2,-4],[4,1],[2,-1],[-1,-6],[2,2],[3,-3],[-2,-3],[6,-1],[1,3],[4,3],[-1,3],[-3,1],[1,3],[2,3],[4,0],[7,-3],[2,1],[4,0],[3,-2],[-2,-3],[-3,-1],[7,-1],[4,-6],[-1,-4],[-7,1],[3,-3],[3,0],[5,-4],[4,2],[5,-2],[2,-4],[-1,-2],[3,-1],[0,-3],[3,-4],[-1,-3],[2,-4],[1,1],[5,-3],[2,2],[3,-1],[1,3],[4,-1],[0,-3],[5,-5],[1,-2],[10,2],[0,3],[3,-1],[4,2],[8,1],[1,3],[3,0],[5,2],[3,2],[3,0],[3,1],[4,-1],[0,3],[3,3],[4,-2],[2,2],[4,-1],[2,1],[1,3],[6,0],[3,2],[2,0],[9,2],[3,1],[3,-3],[3,2],[5,0],[1,0],[3,1],[7,-6],[2,-4],[6,1],[4,-1],[11,-10],[-2,0],[3,-2],[-3,-2],[1,-1],[-4,-1],[2,-3],[0,-5],[0,-5],[-1,0],[-1,4],[-2,4],[-5,1],[-3,-2],[-5,-5],[-5,-7],[2,-4],[-3,0],[-3,-2],[-4,-5],[-3,-1],[-2,-2],[1,-4],[-4,1],[-6,-3],[-1,-3],[-5,-2],[-2,-1],[-2,0],[-5,-2],[-4,-4],[-2,-4],[0,-4],[4,-2],[-2,0],[-1,-5],[3,0],[7,-8],[1,-3],[3,0],[0,-4],[1,-4],[4,-4],[0,-5],[-4,-2],[-2,4],[-3,0],[-10,-5],[-1,-3],[-3,1],[0,-2],[-3,-3],[-10,-3],[-1,-3],[2,0],[0,-6],[3,0],[2,-2],[-3,0],[-8,-6],[-7,-1],[-8,1],[-3,-1],[0,-2],[-5,-1],[-2,-1],[-6,2],[-9,5],[-6,2],[-1,-3],[-5,-1],[-3,0],[-7,4],[0,-1],[-2,-3],[-4,3],[-3,-2],[1,-4],[-3,-2],[0,-7],[2,2],[2,0],[2,-4],[3,-3],[1,4],[7,-1],[-2,-1],[4,-4],[-1,-4],[-2,-2],[-7,-5],[-6,2],[-4,-1],[-4,0],[-3,3],[-1,3],[-3,2],[-4,1],[-4,-2],[-6,1],[3,-3],[-5,0],[-4,-3],[-5,1],[2,-5],[-6,0],[1,-3],[-3,-1],[-2,0],[1,-3],[3,0],[1,-2],[-3,-1],[0,-5],[-6,2],[-1,-1],[-3,0],[-3,3],[1,-3],[1,-1],[3,-4],[7,-4],[-1,-2],[-5,1],[-3,-1],[0,-4],[3,2],[4,-2],[1,-4],[3,-2],[-2,-3],[0,-3],[4,2],[2,-2],[2,-7],[6,1],[2,-2],[4,0],[5,1],[2,-1],[3,1],[2,2],[4,1],[7,3],[4,0],[4,-5],[4,-3],[2,1],[-4,6],[3,1],[1,2],[-3,0],[-3,2],[0,4],[9,8],[-2,4],[0,3],[-3,0],[0,2],[5,-2],[2,3],[0,-2],[4,-3],[4,-1],[3,-3],[-4,-2],[-4,1],[1,-4],[1,-1],[0,-4],[2,0],[-1,-6],[1,-3],[5,-1],[2,1],[4,-2],[3,-3],[-1,0],[3,-3],[3,-1],[5,-1],[2,-1],[7,-1],[4,-4],[6,2],[1,3],[5,-2],[9,2],[2,-4],[1,-3],[-2,-3],[2,-2],[-2,-5],[5,0],[4,-2],[6,1],[5,-4],[5,0],[5,0],[1,2],[1,-2],[-1,-1],[-3,0],[-7,-1],[-1,-1],[2,-3],[2,0],[-2,-3],[1,-6],[-2,-10],[4,0],[0,-2],[4,1],[-4,-2],[-3,-4],[1,-2],[7,-6],[-2,-5],[2,-7],[3,0],[-6,-3],[-2,-4],[-4,-2],[-1,-2],[-2,-5],[-6,-4],[-2,-2],[0,-1],[0,-6],[0,-3],[4,-6],[2,-1],[0,-2],[-1,-2],[2,-2],[-3,0],[-1,-2],[1,-3],[2,-1],[2,2],[7,0],[9,-6],[1,-4],[3,-3],[6,0],[-1,3],[2,2],[4,2],[6,0],[4,-2],[6,0],[2,2],[3,1],[9,2],[9,-1],[1,-1],[11,-1],[4,2],[2,1],[-2,3],[16,-4],[8,0],[10,0],[6,1],[7,2],[6,0],[14,-2],[7,-3],[5,-2],[0,-2],[2,-2],[5,-3],[2,-3],[7,-4],[0,-5],[4,-2],[0,-2],[3,-4],[0,-2],[2,0],[-2,-4],[3,-5],[-4,-1],[1,-2],[2,-2],[4,1],[1,-2],[-1,-3],[1,-2],[-2,-4],[-1,-2],[3,-1],[0,-2],[5,-1],[2,-1],[1,-3],[4,-4],[1,-5],[-2,-3],[2,-7],[3,-1],[0,-5],[2,-3],[0,-2],[3,-2],[0,-3],[-2,-2],[1,-2],[3,-2],[0,-1],[3,-1],[0,-2],[-2,-1],[-5,0],[8,-3],[2,-3],[-5,1],[-2,-1],[2,-2],[3,1],[2,-4],[-5,-2],[3,-4],[-1,-2],[4,-1],[1,1],[6,-3],[1,-2],[4,-1],[7,-3],[3,0],[4,4],[3,1],[1,2],[1,6],[1,3],[0,8],[1,2]],[[9656,5444],[2,1],[1,4],[-6,-1],[0,-2],[3,-2]],[[9634,5402],[3,3],[0,4],[2,1],[0,4],[5,-2],[4,3],[2,-1],[5,-1],[5,2],[0,3],[4,2],[4,-1],[0,2],[2,4],[3,3],[2,-2],[-1,-2],[4,-1],[0,-2],[4,4],[2,0],[1,-3],[2,1],[3,0],[2,-2],[3,0],[-2,2],[1,3],[3,0],[-1,2],[-3,1],[0,3],[3,1],[-2,1],[0,5],[-4,-3],[-3,1],[-7,3],[-6,-1],[0,-3],[-6,-2],[-2,4],[-3,0],[0,-1],[-6,-1],[-4,-2],[-3,3],[-2,-1],[-2,0],[-1,2],[-9,-1],[0,-2],[-6,-2],[-3,2],[0,-1],[-4,-2],[1,-2],[-2,-1],[-5,-2],[1,-1],[-1,-1],[-4,-1],[-3,1],[1,-2],[3,-2],[4,-5],[-2,-1],[-5,3],[-3,1],[-1,-5],[-2,-1],[3,-3],[11,1],[4,-2],[1,-1],[2,-4],[5,0],[3,-2]],[[9861,5351],[3,-2],[6,1],[3,1],[2,-1],[3,-2],[2,0],[1,3],[2,3],[3,1],[2,4],[-1,1],[1,2],[-3,4],[-2,1],[-1,4],[-3,-1],[-3,1],[-2,2],[-2,-1],[-5,1],[-6,-4],[-1,0],[-5,-1],[3,-1],[4,-2],[0,-1],[-3,-5],[0,-1],[-3,-3],[5,-3],[0,-1]],[[10113,5367],[1,-1],[5,0],[1,1],[-4,2],[-3,-2]],[[9751,5303],[3,2],[2,0],[9,4],[1,-1],[1,2],[2,2],[-1,2],[3,4],[2,1],[-2,3],[1,2],[4,-1],[3,1],[0,5],[2,0],[2,2],[2,1],[4,3],[4,0],[-2,4],[3,3],[-2,0],[-2,-1],[-2,1],[1,1],[-2,1],[0,6],[-3,0],[-2,-3],[-3,-1],[-2,3],[-3,-2],[-1,-3],[-3,2],[-5,-1],[-2,1],[-1,-2],[1,-3],[-5,-2],[-3,-4],[1,-3],[-4,-1],[-2,-2],[-2,0],[-3,-2],[1,-1],[-3,-1],[-5,3],[-1,-4],[-2,-2],[0,-3],[-2,-3],[-3,0],[3,-2],[-1,-1],[10,1],[0,-4],[-4,-1],[-3,-4],[10,0],[3,1],[2,0],[1,-3]],[[9819,5345],[2,-4],[-2,-2],[-3,1],[-1,-4],[2,0],[0,-2],[7,0],[2,3],[0,2],[3,3],[-2,3],[-5,0],[-1,2],[-2,-1],[0,-1]],[[9897,5294],[3,-2],[3,0],[6,5],[6,1],[3,2],[-1,2],[-3,0],[-3,4],[3,3],[-1,3],[1,3],[-2,4],[-4,3],[-3,5],[0,2],[-3,0],[2,-3],[-1,-1],[-4,2],[-4,4],[-4,-2],[-2,-3],[-6,-2],[-2,-2],[-3,0],[-4,0],[1,-4],[-3,-3],[0,-3],[-4,-5],[-4,-3],[4,1],[-1,-3],[2,-2],[5,1],[3,-1],[0,-2],[8,-2],[9,0],[3,-2]],[[10066,5326],[-4,-1],[1,-3],[4,1],[3,2],[-4,1]],[[10087,5322],[-3,-1],[-2,1],[-3,-4],[3,-1],[-1,-4],[3,-1],[0,-4],[5,-3],[5,1],[4,-3],[-1,-2],[5,0],[1,-2],[2,4],[-1,2],[1,3],[3,0],[0,2],[2,3],[-3,2],[-2,2],[-2,-4],[-9,-1],[-3,1],[-4,4],[1,5],[-1,0]],[[10075,5311],[2,3],[1,2],[-3,1],[-3,0],[1,-4],[2,-2]],[[10159,5313],[-4,-3],[2,0],[2,-4],[2,3],[0,4],[-2,0]],[[10167,5306],[-4,-2],[3,-3],[1,5]],[[10221,5300],[1,-2],[1,3],[-2,-1]],[[9735,5298],[1,2],[-4,-1],[3,-1]],[[10163,5264],[-2,2],[-1,0],[3,-2]],[[10137,5256],[1,-5],[-4,-1],[2,-2],[4,0],[4,4],[2,0],[-1,3],[1,1],[4,-2],[-2,-1],[4,-1],[0,7],[-6,1],[-1,-2],[-4,3],[-3,-1],[-5,1],[4,-5]],[[10123,5247],[4,1],[2,-1],[1,-3],[-1,-2],[1,-4],[2,-3],[5,-1],[5,-3],[1,4],[-3,-2],[-1,6],[-1,0],[0,2],[-4,-1],[0,2],[-3,1],[2,4],[-6,4],[5,1],[3,2],[-3,0],[-3,2],[-3,-3],[-5,-2],[0,-1],[2,-3]],[[10172,5255],[-2,-1],[-1,-3],[1,-2],[4,4],[-2,2]],[[10181,5249],[1,-3],[-1,-3],[3,-2],[2,2],[-4,6],[-1,0]],[[10148,5241],[-5,0],[0,-2],[3,0],[-2,-1],[0,-3],[5,-1],[2,-4],[1,5],[-4,1],[0,5]],[[10248,5233],[-4,-2],[2,0],[2,2]],[[10312,5196],[0,2],[-3,1],[3,-3]],[[10336,5195],[1,-3],[0,5],[-1,-2]],[[10315,5190],[2,-2],[1,1],[-1,6],[-3,0],[-1,-3],[2,-2]],[[10209,5160],[-1,2],[5,2],[4,0],[0,3],[2,2],[-4,0],[-1,2],[1,2],[0,3],[5,2],[2,2],[-3,4],[-2,-2],[-5,-1],[-1,2],[-3,0],[-2,-2],[-5,-1],[-1,3],[3,1],[0,3],[-5,1],[-1,2],[-7,0],[-1,-3],[6,-3],[3,0],[1,-3],[-6,0],[0,-3],[2,0],[-2,-3],[2,-2],[1,-3],[-3,0],[-2,3],[0,-3],[2,-1],[-1,-2],[6,-5],[1,3],[5,-4],[5,-1]],[[10162,5186],[-4,2],[1,-2],[4,-1],[-1,1]],[[10259,5042],[0,0]],[[10259,5042],[0,0]],[[10259,5042],[2,-1],[-2,-2],[4,0],[1,1],[1,-2],[6,3],[6,7],[2,1],[1,3],[-1,3],[-3,0],[1,3],[-3,1],[3,2],[-1,2],[3,1],[-4,3],[1,1],[4,0],[0,3],[-1,-1],[-4,2],[-2,-1],[-1,4],[4,0],[2,4],[-2,0],[4,6],[1,-1],[4,3],[5,1],[-1,2],[-4,0],[-2,3],[-6,-2],[-3,0],[-1,-2],[-2,-2],[-4,3],[1,3],[-3,1],[-2,0],[-2,-3],[-6,0],[-3,2],[-1,3],[-9,0],[2,-5],[1,0],[0,-2],[-8,0],[1,6],[-4,0],[-1,1],[5,3],[-3,0],[-5,0],[0,5],[5,1],[1,-1],[2,2],[-2,0],[-2,5],[7,6],[3,4],[5,0],[-1,2],[-6,0],[0,2],[-5,1],[0,2],[-3,2],[0,-2],[-3,1],[-1,1],[-4,0],[3,5],[-3,2],[-2,0],[-3,3],[-2,0],[-7,-3],[-2,3],[2,3],[2,1],[-1,2],[5,-1],[3,2],[1,2],[3,1],[1,4],[-1,1],[-6,0],[-3,0],[-1,-2],[-3,-2],[-3,2],[-4,-1],[3,-2],[-3,-1],[1,-2],[-3,-2],[-2,0],[-3,-1],[-1,2],[4,3],[0,1],[-7,-1],[1,1],[5,6],[0,2],[-4,4],[-2,-1],[1,-4],[-4,1],[1,1],[0,3],[-8,1],[1,2],[-3,0],[-1,3],[-3,1],[3,0],[2,-1],[4,0],[-4,6],[-2,-2],[-2,1],[-4,2],[2,2],[-3,2],[3,3],[-3,0],[-3,3],[-1,-4],[-2,-1],[-4,3],[-4,-2],[1,-2],[4,-1],[0,-3],[5,-1],[1,3],[2,-3],[0,-4],[-1,-1],[-3,0],[-3,-1],[0,-3],[-2,0],[-4,4],[-2,-1],[-7,4],[1,-5],[-2,-3],[3,1],[1,-3],[-1,-2],[3,0],[3,6],[3,-1],[1,-3],[1,0],[3,-3],[2,0],[-2,-6],[-1,-2],[2,-3],[-1,-1],[0,-4],[-6,0],[3,-1],[0,-4],[4,-3],[2,4],[2,3],[1,2],[2,1],[1,-3],[0,-8],[3,1],[1,-2],[2,-3],[-2,-2],[1,-3],[-1,-1],[1,-6],[4,3],[0,4],[3,1],[4,0],[1,-6],[7,-2],[1,-4],[3,-4],[7,-1],[1,-2],[-3,-1],[-1,2],[-3,-1],[3,-2],[5,1],[1,-2],[2,0],[4,-2],[1,-2],[4,-4],[5,-1],[2,-3],[2,-2],[-2,-2],[-6,1],[1,-3],[-3,-1],[-3,3],[-8,4],[-4,1],[-5,3],[1,-4],[0,-3],[-4,0],[2,-4],[5,-2],[-2,0],[1,-3],[3,-3],[-3,-1],[2,-6],[5,-1],[1,2],[5,-1],[0,-3],[3,-1],[6,-1],[5,2],[6,-1],[1,-1],[5,0],[3,-1],[-2,-4],[-3,-2],[-4,0],[-7,2],[-1,-1],[1,-3],[4,0],[-4,-4],[5,-1],[-1,-3],[4,-1],[3,-2],[3,3],[2,-2],[3,0],[-2,-1],[3,-3],[2,0],[4,2],[-1,-3],[1,1]],[[10310,5173],[0,-3],[5,-5],[4,0],[6,-4],[3,-3],[-2,3],[-6,6],[-4,2],[-1,2],[-5,2]],[[10302,5103],[11,2],[2,0],[-2,2],[0,2],[2,-2],[3,0],[2,0],[0,3],[-3,3],[2,5],[-5,3],[-2,0],[-1,3],[6,7],[2,0],[1,-1],[4,1],[-1,2],[1,1],[4,1],[0,-3],[2,1],[-2,1],[2,3],[5,0],[-2,1],[1,3],[-4,-1],[0,4],[1,2],[-2,2],[-5,2],[-5,-4],[-7,-1],[0,-2],[-3,0],[-4,1],[-6,1],[3,2],[2,1],[0,2],[1,2],[-2,2],[-3,2],[-4,0],[-1,-3],[-3,-2],[-5,0],[-3,3],[-4,2],[-4,0],[-3,1],[0,2],[-3,1],[-1,3],[3,2],[-5,3],[-4,0],[1,-4],[2,-1],[2,-2],[-1,-2],[1,-4],[-6,-4],[1,-2],[6,1],[1,-2],[-3,-2],[3,-3],[3,1],[7,-4],[1,-5],[-7,2],[-2,-5],[4,-4],[4,-7],[3,-2],[-1,-2],[-6,-3],[0,-1],[5,-3],[4,2],[-1,3],[2,0],[6,-5],[4,0],[4,-5],[2,0],[-2,-2],[2,0]],[[10344,5156],[0,0]],[[10344,5156],[3,5],[-5,-5],[-2,1],[-1,-2],[2,-3],[3,4]],[[10225,5140],[-1,3],[-2,-1],[3,-2]],[[10327,5123],[-2,0],[-3,-4],[2,1],[4,-1],[-2,2],[1,2]],[[10327,5074],[0,3],[4,4],[5,-1],[9,0],[-3,2],[-1,-1],[-4,1],[-3,2],[-2,-1],[1,3],[-1,2],[1,1],[4,1],[1,1],[-5,-1],[2,2],[-1,2],[-3,1],[-3,0],[-4,-2],[1,-1],[0,-3],[-3,-1],[-1,-3],[-1,-1],[-4,-1],[4,-2],[0,-1],[2,-2],[2,1],[3,-1],[0,-4]],[[10202,5093],[1,1],[-3,3],[0,-2],[2,-2]],[[10345,5089],[-2,0],[4,-5],[1,0],[8,0],[2,3],[-4,0],[-9,2]],[[10294,5062],[0,3],[-1,-1],[1,-2]],[[10293,5060],[0,2],[-2,-2],[2,0]],[[10301,5051],[1,2],[-3,4],[0,-6],[2,0]],[[10226,5052],[3,1],[-3,0],[0,-1]],[[10249,5030],[0,2],[2,1],[5,1],[2,1],[-4,1],[-3,0],[-7,-4],[5,-2]],[[10240,5034],[2,1],[-5,1],[3,-2]],[[10336,5012],[2,1],[6,1],[-4,1],[0,1],[-5,0],[0,-4],[1,0]],[[10423,4934],[1,2],[-3,0],[2,-2]],[[10425,4921],[0,-3],[3,-1],[0,3],[-1,1],[-2,0]],[[10427,4913],[1,3],[-2,1],[-2,-1],[3,-3]],[[10518,4838],[3,1],[-3,5],[-5,3],[-3,2],[-2,0],[-2,-3],[1,-2],[7,-5],[4,-1]],[[10197,4063],[1,-2],[-1,-9],[2,2],[1,-1],[1,-7],[-1,-2],[1,-3],[3,-1],[5,-3],[4,-4],[3,-1],[-1,-3],[3,-1],[2,-3],[5,1],[2,2],[4,-1],[4,0],[1,-1],[7,-2],[4,-2],[5,0],[3,1],[8,-1],[5,1],[7,2],[0,-2],[9,0],[-1,1],[5,0],[10,-2],[10,-2],[3,0],[7,-1],[8,-2],[6,-3],[2,-5],[5,-3],[1,-4],[-2,-3],[2,-2],[4,-4],[3,-1],[6,-1],[4,2],[7,-2],[12,-4],[4,-6],[3,-2],[0,-1],[4,-3],[4,-1],[4,-3],[0,-2],[2,-1],[6,-5],[0,-1],[6,-3],[4,-2],[5,-2],[3,-2],[4,1],[10,-1],[13,-4],[2,-4],[-2,-1],[1,-2],[4,-4],[1,-3],[7,-3],[3,-1],[1,2],[-2,4],[-3,3],[-1,3],[-3,4],[-1,4],[7,8],[0,4],[-2,4],[-1,6],[1,15],[0,5],[-3,2],[0,3],[-4,3],[-2,1],[-3,1],[-3,8],[0,3],[-1,10],[-7,9],[0,4],[3,2],[1,3],[-4,6],[-4,2],[-4,7],[-5,2],[-3,5],[-1,7],[-3,4],[0,5],[-3,3],[5,6],[-3,4],[-1,4],[3,5],[3,3],[3,4],[0,4],[-3,1],[-1,2],[1,4],[0,6],[-2,5],[-1,9],[2,7],[-2,5],[-4,1],[-1,3],[1,4],[-4,5],[0,4],[2,6],[1,1],[-2,3],[1,2],[-1,1],[0,3],[-4,3],[1,2],[0,3],[-2,7],[2,2],[9,3],[2,1],[3,-2],[1,2],[3,-3],[5,0],[9,2],[5,-1],[3,-1],[6,-5],[4,-1],[3,-1],[-1,-3],[2,-3],[0,-2],[2,-4],[3,-2],[0,-2],[4,-4],[1,-2],[2,-5],[-2,-3],[2,-7],[2,-2],[0,-4],[6,-7],[2,-1],[4,-5],[5,-2],[2,-2],[1,-4],[-2,-3],[4,-3],[2,0],[2,-5],[-2,-2],[0,-2],[3,-1],[1,-4],[4,-3],[0,-3],[1,-2],[3,-10],[2,-1],[4,-7],[4,-4],[5,-6],[4,-1],[2,-3],[3,-2],[1,-2],[5,0],[3,-2],[-1,-1],[3,-4],[4,-2],[0,-2],[5,0],[-4,-5],[3,-1],[2,0],[2,-1],[1,1],[0,-4],[-1,-1],[8,1],[4,5],[1,2],[-3,5],[0,2],[-2,2],[0,4],[0,3],[0,4],[-3,3],[-2,6],[1,5],[-2,5],[0,3],[-1,5],[0,6],[-2,4],[1,7],[6,10],[-1,1],[5,1],[5,-1],[8,-3],[5,-3],[1,0],[8,-3],[6,0],[4,-3],[5,-1],[5,-1],[9,-3],[5,-3],[8,-2],[8,0],[10,1],[5,3],[6,0],[5,1],[7,1],[5,3],[5,8],[1,6],[3,4],[1,5],[2,3],[2,4],[-3,5],[1,5],[-2,7],[1,3],[-3,10],[-2,3],[-5,4],[-1,3],[2,2],[4,3],[0,2],[-2,5],[-6,4],[-1,2],[-5,4],[-4,2],[-2,4],[-6,0],[-4,-3],[-4,-1],[-3,-5],[-5,1],[-5,3],[-4,4],[-7,5],[-4,4],[-3,6],[-5,4],[-7,5],[-2,3],[1,5],[3,2],[2,0],[2,2],[-2,1],[0,3],[1,4],[0,3],[1,2],[0,3],[3,3],[1,4],[-3,6],[-2,1],[1,2],[-1,2],[-5,4],[-2,3],[1,2],[-4,2],[1,2],[-2,2],[-5,1],[0,3],[-3,2],[-2,8],[0,4],[4,3],[2,4],[3,1],[2,4],[2,0],[-2,4],[3,0],[3,2],[7,1],[-1,4],[-2,1],[1,3],[-2,2],[5,1],[1,2],[-2,3],[-4,2],[2,4],[-3,2],[-7,4],[-3,1]],[[10663,4251],[1,1],[-3,2],[-2,6],[-4,3],[3,3],[1,3],[0,3],[-3,0],[-3,-1],[-1,-7],[1,-3],[3,-4],[3,-4],[4,-2]],[[10655,4236],[2,1],[2,3],[-2,2],[-5,1],[-5,-1],[4,-5],[4,-1]],[[10635,3931],[6,-14],[11,-8],[0,-3],[2,-3],[0,-2],[7,2],[7,-2],[5,-4],[1,-2],[4,-5],[0,-3],[0,-5],[1,-5],[6,-11],[6,-3],[4,-1],[8,2],[8,-1],[5,1],[3,1],[4,6],[5,3],[-1,4],[-1,3],[-7,9],[-4,3],[-7,5],[-5,5],[-2,4],[5,5],[-1,3],[5,8],[-1,2],[-5,3],[-3,1],[-5,4],[-5,7],[-6,4],[-2,5],[-3,6],[-5,3],[-1,2],[1,3],[-3,3],[-1,3],[-1,6],[-3,4],[-3,2],[1,5],[-5,5],[-3,2],[-3,3],[-1,5],[-4,4],[0,4],[-1,4],[-3,1],[-2,7],[-9,-1],[-5,2],[-5,0],[-5,1],[-5,3],[-8,-1],[-6,-1],[-4,1],[-4,3],[-6,3],[-6,5],[-11,6],[-3,3],[-4,1],[-5,-3],[0,-1],[-4,-1],[-1,2],[-2,-1],[1,-3],[-1,-6],[1,-2],[3,-3],[-3,-4],[-1,-14],[1,-1],[2,-9],[5,-4],[0,-3],[-2,-2],[2,-3],[6,-6],[5,-6],[-1,-3],[3,0],[4,-3],[7,1],[8,-3],[10,-4],[2,0],[10,-4],[6,-5],[4,-6],[0,-4],[2,-2],[8,-6],[0,-2],[3,-4]],[[10508,3852],[5,3],[-1,2],[0,6],[2,6],[1,8],[-1,5],[-3,1],[0,2],[-4,5],[-1,3],[-3,6],[-5,3],[-3,0],[1,-8],[5,-7],[2,-5],[3,-6],[2,-2],[0,-3],[-2,-8],[-3,-1],[-1,-4],[4,-5],[2,-1]],[[9844,5089],[2,0],[2,-3],[0,-5],[-2,-2],[-3,-4],[1,-5],[-1,-3],[2,-2],[-1,-5],[5,-2],[3,-6],[4,-6],[1,0],[2,-4],[4,2],[4,0],[3,-2],[0,-1],[4,-5],[1,-8],[4,-2],[2,-3],[0,-2],[3,-2],[11,-4],[1,-2],[-4,-2],[1,-2],[5,-3],[-1,-1],[5,-2],[1,-2],[7,-2],[4,0],[-1,-6],[2,-1],[14,-1],[2,-2],[5,2],[1,-1],[3,1],[0,3],[8,1],[4,1],[0,3],[0,3],[6,0],[0,-3],[1,-4],[3,0],[2,3],[7,1],[6,1],[4,-2],[5,-1],[4,2],[6,1],[-1,-3],[3,0],[3,3],[3,0],[6,-3],[3,1],[8,-2],[6,1],[7,2],[3,2],[6,6],[5,2],[1,1],[2,-2],[2,0],[0,4],[4,5],[6,7],[0,5],[1,6],[0,3],[2,3],[-2,3],[0,4],[-5,4],[-5,2],[-4,3],[-5,2],[-4,1],[-6,3],[-2,1],[-3,2],[0,6],[-2,5],[-3,3],[0,3],[-1,2],[-5,1],[-3,2],[-4,3],[-1,3],[1,3],[2,3],[0,4],[-3,4],[-7,10],[-4,3],[0,2],[-3,2],[-5,3],[-7,10],[2,4],[-3,2],[-6,3],[-9,1],[-2,0],[-6,0],[-2,2],[-4,1],[-2,2],[-7,3],[-2,-1],[-3,1],[-8,2],[-5,1],[-5,4],[-6,3],[-5,0],[-13,-2],[-6,0],[-4,-1],[-5,1],[-5,3],[-11,-1],[-3,-1],[-8,-4],[-6,0],[-5,-2],[-7,-1],[-1,1],[-4,-3],[-8,0],[-2,-1],[-3,-2],[-2,-2],[-4,-3],[-9,1],[-5,-5],[-2,4],[-3,-1],[-2,1],[0,-3],[-2,-1],[-3,0],[1,-4],[1,-1],[6,0],[4,-3],[8,0],[4,-4],[2,-3],[0,-4],[-5,-3],[1,-2],[3,-2],[2,-3],[2,1],[7,-3],[2,-2],[3,-2],[2,-3],[0,-5],[1,-7],[6,-2],[2,-2],[3,-1]],[[9779,5205],[5,3],[3,0],[5,1],[6,4],[4,2],[2,4],[0,18],[-2,3],[-3,2],[-7,1],[-6,3],[-4,0],[-5,-2],[-5,3],[-1,-2],[-7,-3],[-2,-3],[-7,0],[-2,-5],[-3,0],[-1,-3],[-1,-6],[2,-4],[2,0],[5,-4],[1,-4],[3,0],[5,-3],[1,-2],[12,-3]],[[9815,5154],[2,1],[-2,2],[-2,0],[-1,-2],[3,-1]],[[9786,5141],[1,0],[-6,4],[0,-4],[5,0]],[[9797,5112],[-1,-2],[3,-1],[-2,3]],[[9816,5103],[-1,-1],[5,0],[-4,1]],[[9717,5061],[3,-5],[2,0],[5,4],[5,3],[-3,3],[-1,4],[-2,3],[-4,3],[-9,0],[-2,-2],[4,-6],[-1,-1],[2,-3],[1,-3]],[[9029,2924],[1,3],[-4,1],[0,2],[-3,-1],[-3,2],[-5,-5],[-3,-1],[-2,3],[3,4],[-2,3],[-4,-3],[-4,1],[-5,-3],[-3,2],[0,2],[-3,-1],[1,-4],[-1,-2],[-4,1],[-3,2],[0,2],[-3,-1],[-3,1],[-2,4],[-3,0],[-2,3],[-7,3],[-1,4],[1,5],[-3,2],[4,4],[4,0],[0,5],[2,1],[1,2],[4,1],[0,2],[4,1],[3,3],[0,3],[-4,3],[2,2],[-4,4],[0,1],[-4,1],[-4,-2],[-1,-2],[-6,-4],[-2,-3],[-5,1],[-3,-3],[-1,-2],[-2,2],[-4,2],[-9,2],[-3,1],[-1,-2],[-3,-3],[1,6],[-1,4],[-5,4],[-6,3],[-1,3],[-3,2],[-8,3],[-10,1],[-2,1],[-8,1],[-6,2],[-2,0],[-9,2],[-10,-1],[0,-14],[-1,-2],[2,0],[2,-2],[3,1],[3,-2],[1,-2],[-1,-3],[2,2],[2,-3],[-1,-1],[2,-2],[0,-2],[2,2],[-1,3],[1,3],[2,2],[-1,1],[5,1],[0,-4],[3,-1],[1,-5],[-8,-2],[0,-6],[-1,-1],[4,0],[0,-2],[5,0],[3,1],[2,-1],[-6,-4],[4,0],[3,-1],[0,1],[6,-1],[2,-3],[-1,-1],[-1,-4],[-4,-7],[-4,-4],[3,-3],[-7,0],[-3,-2],[-7,-3],[-3,-1],[-2,-2],[-4,3],[-5,6],[-3,0],[-2,2],[-9,2],[1,-1],[-6,-2],[-6,0],[-1,-2],[-4,-1],[-2,-1],[-1,-5],[-8,-19],[-3,-5],[-1,-2],[5,2],[-4,-4],[-2,-9],[-7,-13],[-7,-9],[-9,-8],[-8,-8],[-4,-3],[-4,-1],[-4,-1],[-9,-2],[-8,-1],[-7,0],[-9,2],[-5,3],[-4,1],[-8,0],[-8,1],[-8,2],[-13,3],[-11,3],[-8,0],[-7,0],[-5,-1],[-10,-2],[-19,-2],[-4,-1],[-10,-1],[-13,-1],[-10,0],[-4,-1],[-7,0],[-12,-2],[-9,0],[-4,-1],[-5,0],[-7,-1],[-5,-3],[-3,-4],[-3,-3],[-4,-2],[-2,-4],[0,2],[-2,-3],[-5,-2],[-5,1],[-4,-4],[0,-2],[-4,-7],[0,-2],[2,-2],[-3,-3],[-2,-3],[0,-8],[-2,-2],[-4,-3],[-2,-2],[0,-2],[-2,-4],[-4,-3],[-4,0],[-3,-2],[-4,0],[-2,-3],[-3,1],[-4,-1],[-2,-2],[-2,-1],[-2,-4],[1,-3],[-1,-2],[1,-5],[1,-3],[1,-6],[-2,-2],[2,-2],[2,-5],[4,-5],[-1,-5],[3,-5],[-3,-8],[-3,-4],[0,-2],[-3,-4],[-3,-3],[-5,-1],[-4,0],[-8,-3],[-3,-1],[-2,1],[-6,1],[-2,0],[-3,-1],[0,-1],[-3,-4],[-3,-2],[4,-3],[5,-7],[-1,-3],[2,-4],[0,-2],[4,1],[3,-2],[3,-5],[3,0],[5,-4],[1,-3],[1,0],[8,-3],[11,-4],[4,1],[4,-3],[0,-6],[0,-3],[-2,-4],[4,-2],[-3,-1],[1,-4],[0,-5],[-3,-3],[-3,-6],[-6,-3],[-6,1],[-3,-1],[-2,-2],[-12,-8],[-6,0],[0,-1],[-6,-7],[-4,-3],[-4,-1],[-3,-3],[-8,-4],[-7,-4],[-3,-1],[-7,-4],[-4,-1],[-7,0],[-2,0],[-10,1],[-5,-1],[-9,-2],[-6,0],[-4,4],[-4,0],[-3,-5],[-4,-3],[-12,-5],[-10,-3],[-1,1],[-5,-1],[-5,-2],[-10,-2],[-1,1],[-9,0],[-4,-2],[-8,-1],[-2,1],[-3,-1],[-5,-1],[-5,0],[-3,2],[-1,-2],[-3,-1],[-16,-1],[-10,0],[-14,0],[-6,0],[-15,3],[-13,4],[-3,4],[-7,5],[1,2],[-3,3],[1,5],[0,7],[-11,3],[-2,-1],[-4,-5],[0,-2],[-4,-4],[-5,-3],[-4,-2],[-2,-1],[-4,-2],[-1,-3],[0,-2],[-4,-2],[-2,-3],[0,-5],[-4,-2],[-10,-5],[-8,-2],[-6,-1],[-1,1],[-5,-1],[-4,-2],[0,-3],[1,-2],[-2,-3],[-6,-2],[-8,-2],[-5,0],[-4,-2],[-5,0],[-6,1],[-11,-3],[-7,-1],[-5,1],[-1,1],[-7,0],[-3,-4],[-3,-2],[-5,-2],[-4,0],[-6,0],[-6,1],[-16,4],[-8,1],[-6,0],[-7,-2],[-7,-3],[-13,-4],[-9,-3],[-9,-2],[-4,0],[-7,-2],[-6,-3],[-5,0],[-2,1],[-5,0],[-1,-2],[-15,-2],[-7,0],[-4,-1],[-2,1],[-3,-2],[0,-1],[-4,0],[-3,-2],[-4,2],[0,-3],[-3,-1],[-10,-5],[-4,0],[-2,-3],[-3,-1],[-5,-2],[-8,-2],[-5,1],[-10,-3],[0,-2],[-5,-4],[-4,-1],[-2,-2],[-3,1],[-2,-2],[-7,-1],[-6,-5],[-9,-4],[-3,0],[0,-3],[-4,-5],[-3,-3],[-3,0],[-5,-2],[-2,-3],[-3,-2],[-4,0],[-2,-2],[1,-1],[-4,-2],[3,-6],[4,-2],[3,-3],[0,-3],[1,-1],[0,-4],[-1,-6],[-5,-8],[-3,-3],[-3,-1],[-2,-4],[-2,-2],[-4,-2],[-7,-6],[-4,0],[-2,-2],[-5,-2],[-4,-3],[-4,-1],[-3,0],[-4,-2],[-7,-1],[-3,-3],[-3,-1],[-6,-5],[0,-6],[-8,-6],[3,-2],[-1,-3],[-3,-2],[-4,-1],[0,-3],[-3,-4],[-2,2],[-2,-2],[4,-2],[1,-2],[0,-3],[-5,-4],[-4,0],[-2,-2],[-4,-2],[-4,1],[0,2],[-2,-1],[1,-3],[2,-6],[-3,-4],[-3,-1],[2,-1],[-1,-3],[-4,-1],[-3,0],[-3,1],[0,5],[-3,2],[-1,2],[-1,-6],[-2,0],[0,-2],[6,-3],[4,-5],[2,0],[1,-3],[3,-1],[4,1],[2,-2],[0,-3],[-3,1],[0,-3],[-4,-1],[-1,3],[-2,-2],[-1,-3],[-3,1],[1,4],[-2,4],[-6,1],[-3,-2],[2,-2],[-4,-3],[1,-2],[-3,-1],[-3,-2],[0,-1],[-2,1],[-2,-2],[-1,-4],[3,0],[3,-1],[0,-5],[3,-2],[3,-1],[4,1],[3,3],[5,-3],[-1,-1],[2,-2],[1,1],[3,-2],[2,-4],[3,-12],[3,-7],[4,-4],[3,-5],[2,-5],[1,-11],[0,-7],[-2,-5],[-5,-3],[0,1],[-4,-6],[2,-1],[-5,-4],[1,-3],[-2,-2],[1,-2],[-5,-3],[-2,1],[-2,-2],[-3,0],[0,-3],[-4,-4],[6,-2],[1,0],[11,-8],[2,1],[0,4],[6,2],[0,-1],[4,0],[0,-2],[5,-5],[2,-5],[-1,-2],[-2,-1],[0,-4],[-5,-3],[-2,1],[-6,-1],[1,-3],[-3,-2],[-4,1],[-7,-2],[-1,-3],[1,-3],[-4,-2],[-2,1],[-5,-5],[3,-1],[-1,-4],[-4,-3],[-7,-2],[-6,3],[0,2],[-4,-2],[1,-2],[-2,-1],[-4,3],[-1,0],[-3,-2],[-2,-6],[7,-7],[9,-2],[-1,4],[2,0],[0,-3],[2,-2],[0,-3],[-2,-2],[-2,0],[-9,-3],[-2,0],[-2,-2],[-4,-8],[2,-2],[-2,-5],[-6,-7],[-2,0],[1,-4],[-4,0],[1,-2],[-4,0],[-1,-4],[5,-2],[1,-3],[-1,-5],[0,-3],[-1,-1],[1,-9],[-1,-2],[0,-5],[-3,-3],[-4,-5],[-1,1],[-2,-3],[-3,0],[0,-6],[2,0],[2,-3],[-1,-4],[-5,-1],[-1,-2],[-4,0],[-3,-3],[0,-1],[-3,-1],[2,-7],[3,-2],[-1,-3],[0,-5],[1,-1],[1,-5],[4,-2],[2,-2],[5,-3],[3,-2],[4,1],[3,-1],[5,0],[2,-2],[0,-4],[-2,-7],[-2,-4],[-3,-3],[-2,0],[-4,-2],[-5,0],[-6,0],[-3,-1],[-5,1],[-5,-2],[-5,0],[-2,-1],[-9,-1],[3,-4],[-2,-4],[-6,-5],[-7,-2],[-8,0],[-3,-2],[-5,-3],[-7,-2],[-4,-1],[-4,-6],[-6,-3],[0,-5],[-11,-7],[-7,-3],[-4,-5],[-6,-4],[-2,-1],[-3,-5],[-4,-3],[-2,-4],[-7,-10],[0,-2],[-2,-2],[0,-3],[-2,-5]],[[7429,1862],[1,-3],[6,-5],[4,-1],[5,1],[-1,-2],[3,0],[0,2],[4,1],[3,2],[3,0],[8,3],[25,0],[16,0],[35,1],[22,-1],[28,0],[18,10],[0,12],[15,10],[10,7],[15,11],[10,16],[-3,4],[0,5],[-1,2],[2,5],[2,2],[7,1],[7,-4],[6,2],[7,2],[2,3],[5,7],[-21,47],[1,15],[9,13],[5,5],[2,8],[2,9],[9,11],[13,5],[15,5],[9,7],[11,17],[18,5],[15,12]],[[7781,2114],[-12,3],[10,16],[20,30],[16,24],[9,22],[15,38],[13,9],[1,21],[14,16],[3,5],[46,11],[-35,26],[25,37],[5,10],[38,2],[2,-2],[0,-5],[-4,-1],[2,-3],[-2,-1],[27,1],[3,0],[3,1],[3,8],[2,10],[27,5],[19,-2],[18,3],[3,4],[5,1],[2,-4],[21,26],[20,-7],[6,1],[15,9],[6,6],[2,0],[1,-4],[4,-6],[3,0],[2,-4],[2,0],[1,-2],[3,-1],[4,-3],[-1,-4],[0,-5],[3,-2],[5,0],[0,2],[2,0],[4,-3],[4,0],[-1,-2],[5,-2],[2,1],[-1,-4],[2,-3],[1,3],[5,-1],[1,3],[2,0],[10,3],[7,1],[12,-2],[8,1],[8,14],[3,1],[-2,8],[11,9],[3,10],[31,0],[45,0],[37,-7],[41,-2],[16,-2],[0,-11]],[[8412,2420],[35,-2],[19,0],[3,2],[10,11],[14,7],[28,11],[21,11],[26,11],[26,3],[27,4],[13,1],[5,1],[4,0],[3,-1],[12,7],[9,17],[2,10],[-20,0],[-10,-2],[0,5],[17,16],[9,5],[-6,10],[-8,4],[-4,6],[3,3],[1,2],[4,4],[6,3],[3,4],[6,2],[7,6],[0,4],[0,19],[11,2],[4,-1],[2,4],[6,3],[-1,13],[3,5],[0,11],[2,11],[12,3],[-2,9],[5,2],[7,0],[5,-2],[1,-5],[6,-5],[3,-5],[21,-1],[26,-1],[6,3],[9,0],[6,-3],[2,-3],[18,-6],[29,2],[3,0],[20,3],[5,4],[6,1],[9,-3],[13,3],[9,-2],[2,3],[2,2],[6,6],[4,0],[3,2],[1,1],[4,1],[6,3],[6,0],[3,0],[10,2],[2,-1],[3,1],[8,0],[6,-1],[4,2],[5,-1],[1,1],[5,-1],[1,1],[4,-1],[2,1],[1,0],[3,2],[1,3],[2,2],[4,0],[2,-3],[2,0],[4,2],[4,0]],[[9034,2673],[-1,17],[4,2],[4,11],[0,2],[-5,22],[2,3],[-1,1],[-2,25],[0,37],[0,17],[0,15],[-3,15],[0,10],[0,9],[-1,1],[-1,13],[-1,15],[0,36]],[[8892,3096],[4,-3],[3,1],[1,4],[-7,3],[-2,-2],[1,-3]],[[8706,3020],[-3,0],[-1,-2],[2,-3],[6,1],[2,1],[-1,3],[-5,0]],[[8976,2954],[-4,-3],[2,-3],[0,2],[5,2],[-3,2]],[[8412,2420],[-7,-30],[22,-6],[12,-2],[9,-1],[0,-3],[2,0],[1,-3],[3,0],[2,-2],[5,0],[2,-2],[0,-2],[-2,-2],[8,-2],[3,1],[4,-1],[0,-1],[1,-8],[-5,-10],[4,3],[4,-1],[0,-2],[2,-1],[2,1],[9,-1],[1,-1],[-4,-5],[-4,-1],[-5,-1],[-4,-2],[-3,-2],[3,0],[4,2],[12,2],[3,0],[-1,3],[4,2],[1,-2],[5,-1],[6,4],[-1,3],[27,0],[8,-5],[2,-4],[8,-3],[1,1],[-3,4],[1,2],[2,2],[8,2],[3,1],[3,1],[4,-1],[3,-3],[4,-1],[2,-5],[0,-5],[4,-4],[-5,-3],[12,-5],[-13,-11],[-6,-3],[0,-5],[-2,-13],[4,-10],[-5,-11],[1,-4],[-1,-5],[2,-2]],[[8574,2256],[0,1],[4,1],[0,3],[3,0],[4,2],[5,-2],[1,4],[3,2],[0,4],[3,1],[2,7],[2,1],[-1,5],[3,-2],[1,1],[1,-3],[-1,-6],[2,-2],[9,-5],[2,2],[7,-5],[1,2],[1,-1],[-1,-3],[4,-4],[3,-7],[-2,-2],[-4,-1],[-2,0],[0,-3],[-1,-2],[-3,2],[0,-3],[-2,-2],[-5,-2],[2,-9],[3,-1],[0,-3],[2,0],[4,-1],[1,1],[6,1],[-2,-2],[-2,0],[-2,-3],[1,-1],[-1,-2],[1,-1],[4,1],[2,2],[3,1],[4,-2],[2,-5],[7,-1],[4,0],[1,5],[7,0],[5,-6],[-5,-1],[1,-2],[2,-1],[0,-4],[-4,1],[4,-3],[3,0],[-1,-5]],[[8665,2198],[0,0]],[[8665,2198],[0,0]],[[8665,2198],[0,0]],[[8665,2198],[2,-1],[4,0],[1,-2],[3,0],[0,-5],[4,-2],[0,-3],[-2,-1],[2,-3],[2,-1],[0,-2],[-3,-2],[-6,-1],[-3,-1],[-1,-2],[-5,-3],[-3,-2],[-4,2],[-2,2],[-4,1],[-3,1],[-5,-2],[-3,0],[-6,-2],[-6,1],[-1,1],[-3,-2],[-5,3],[-1,2],[1,4],[2,1],[-1,4],[-3,2],[-5,2],[-2,2],[-4,0],[-1,1],[-5,-1],[-1,1],[-5,1],[-5,-1],[-1,-2],[-3,0],[2,-2],[5,-1],[7,-3],[5,-3],[6,-1],[2,-4],[2,1],[5,-3],[-5,0],[-1,0],[3,-4],[3,-4],[-2,-2],[-6,-2],[-6,-1],[-11,-2],[-2,-1],[1,-3],[-1,-1],[3,-4],[-4,-2],[2,-1],[-3,-2],[2,-2],[4,-1],[-2,-2],[7,-3],[3,-1],[-3,-4],[2,0],[-1,-2],[1,-4],[6,-2],[0,-1],[4,-2],[2,-2],[6,-1],[5,-3],[6,-1],[2,1],[5,-1],[9,0],[3,-1],[4,-4],[-5,1],[-2,-5],[1,-3],[2,-3],[0,-3],[10,-5],[3,0],[5,2],[3,2],[3,3],[0,6],[4,0],[0,-1],[4,0],[1,3],[-5,3],[-1,3],[-2,1],[-5,0],[-2,2],[0,2],[-2,2],[7,2],[7,3],[0,3],[7,0],[1,3],[5,1],[0,1],[8,2],[-1,2],[2,3],[2,0],[1,3],[4,0],[-1,3],[3,-2],[4,0],[6,-2],[5,-4],[5,0],[0,2],[5,0],[4,4],[3,-1],[2,-2],[5,0],[4,1],[1,-2],[7,-1],[6,0],[5,1],[4,-2],[5,2],[7,-6],[-1,-4],[-3,-1],[2,-1],[-3,-2],[-1,1],[-6,0],[-5,-4],[0,-7],[4,-1],[1,-3],[-4,-2],[1,-1],[-2,-1],[-4,-5],[0,-2],[-3,-1],[0,-2],[1,-3],[4,-4],[7,0],[-3,-3],[4,0],[1,-2],[6,-2],[1,-1],[6,-2],[5,-2],[7,-6],[-1,-1],[2,-5],[0,-2],[1,-2],[0,-2],[4,-4],[3,0],[1,-3],[3,0],[5,-3],[4,0],[3,0],[4,-2],[3,0],[10,-4],[5,0],[4,-1],[2,-1],[3,-4],[1,0],[1,-5],[-1,-6],[4,-3],[3,1],[7,-6],[1,-2],[3,-1],[6,-4],[4,2],[6,0],[5,2],[-1,3],[2,2],[-2,2],[3,1],[4,0],[14,-2],[2,-2],[3,1],[5,2],[1,3],[-4,3],[3,1],[-4,4],[-3,8],[1,3],[-3,2],[-1,2],[-6,1],[5,3],[1,3],[-2,3],[1,5],[6,2],[3,2],[-4,4],[1,2],[-4,0],[-3,3],[-1,3],[-3,2],[-4,0],[-8,2],[-4,3],[-6,5],[-4,0],[-3,-2],[0,-2],[-4,-3],[-4,0],[-3,1],[1,3],[0,4],[-2,4],[-8,6],[-2,3],[-3,4],[0,5],[1,3],[0,5],[3,2],[-1,4],[-2,2],[2,3],[-1,2],[-2,2],[0,3],[-3,-1],[-5,0],[-2,4],[-4,-1],[-4,0],[-2,2],[-4,-1],[-3,4],[-3,1],[-2,3],[-3,-3],[-3,0],[-1,2],[-3,0],[0,4],[1,4],[3,4],[-4,2],[3,3],[6,1],[2,-1],[3,2],[0,1],[4,3],[6,-1],[3,-4],[2,1],[3,3],[1,-3],[3,-2],[4,-4],[2,0],[8,-8],[6,8],[-1,4],[-3,2],[-1,2],[3,5],[-1,1],[-8,3],[2,1],[0,3],[-4,-1],[-2,2],[3,1],[3,6],[4,-2],[1,1],[5,1],[0,2]],[[8875,2193],[0,0]],[[8875,2193],[1,0]],[[8876,2193],[0,0]],[[8876,2193],[0,0]],[[8876,2193],[0,0]],[[8876,2193],[1,1],[3,1],[5,2],[3,0],[4,2],[6,0],[0,-1],[5,-1],[4,0],[1,1],[-1,3],[3,0],[4,3],[8,-1],[9,4],[6,3],[4,-2],[0,2],[2,2],[1,2],[1,4],[-2,0],[-1,3],[6,5],[-1,1],[3,2],[0,4],[4,3],[-2,3],[1,3],[3,2],[0,1],[3,1],[-2,2],[-1,3],[3,3],[-2,2],[1,2],[-4,2],[1,5],[3,-1],[1,4],[-5,3],[1,3],[3,2],[2,3],[-3,5],[-6,3],[0,2],[-2,1],[-3,-1],[-7,2],[-3,-1],[-6,2],[0,2],[-4,-1],[-5,-1],[1,2],[-3,2],[3,7],[2,3],[-2,-1],[-3,1],[-3,0],[-3,-2],[-4,1],[0,1],[-3,-1],[-4,2],[-4,4],[2,2],[1,3],[2,2],[6,0],[-1,2],[0,4],[1,3],[-1,2],[-2,0],[-1,3],[1,6],[-4,2],[0,2],[4,1],[3,-1],[2,2],[5,1],[2,1],[6,0],[-1,2],[4,-1],[0,-4],[3,1],[-1,-2],[6,0],[4,-2],[5,4],[6,2],[4,-1],[8,1],[7,4],[7,3],[5,2],[1,-1],[2,3],[2,-2],[4,1],[13,1],[2,1],[-2,3],[4,3],[4,2],[4,1],[4,-1],[8,1],[6,1],[9,1],[4,0],[9,-5],[2,-2],[4,-1],[5,-3],[6,-2],[3,-1],[1,2],[3,0],[3,1],[0,-2],[3,-1],[2,0],[0,-2],[4,-1],[4,0],[2,1]],[[9097,2353],[2,8],[-1,1],[-2,0],[-1,3],[2,1],[5,3],[1,3],[3,0],[0,4],[2,2],[0,3],[-1,0],[3,2],[5,2],[6,1],[0,2],[11,-1],[4,8],[2,1],[0,2],[-8,0],[-9,0],[1,2],[4,3],[4,0],[2,6],[2,0],[0,4],[3,3],[-1,4],[-5,1],[-11,4],[-6,2],[-6,1],[1,2],[4,8],[4,4],[6,5]],[[9123,2447],[-2,4],[-2,-2],[-2,2],[-2,0],[-3,1],[5,3],[-2,3],[-5,1],[-1,1],[6,-1],[3,1],[-2,1],[0,4],[-1,4],[2,1],[-1,1],[1,2],[3,-2],[5,0],[4,3],[7,1],[-1,1],[-4,0],[3,1],[-2,4],[-1,0],[-8,9],[-3,-1],[-1,-3],[-3,-3],[-5,-1],[3,-2],[-2,0],[-3,2],[-2,0],[1,2],[-1,2],[2,1],[3,-1],[-5,6]],[[9107,2492],[0,2],[4,2],[1,2],[-2,3],[-3,0],[-7,-4],[-2,1],[-2,4],[-2,-1],[-4,0],[-4,-4],[-4,1],[-1,1],[-3,0],[-3,-4],[-6,0],[-1,4],[-3,1],[-3,-4],[-5,-1],[-2,1],[-6,0],[-3,-1],[-3,0],[-4,-2],[-4,3],[1,3],[-1,16],[1,3],[1,8],[0,19],[-1,10],[-1,22],[-1,7],[0,8],[-1,15],[-2,4],[3,16],[-1,15],[1,31]],[[8595,2240],[2,1],[1,4],[-4,0],[-2,-2],[1,-3],[2,0]],[[8939,2189],[3,3],[-2,5],[-5,1],[1,-4],[-3,0],[-1,-2],[4,-2],[3,-1]],[[8876,2193],[0,0]],[[8876,2193],[0,0]],[[8876,2193],[0,0]],[[8876,2193],[-1,0]],[[8875,2193],[2,-3],[2,2],[-3,1]],[[8737,2133],[2,1],[-2,1],[-3,-1],[3,-1]],[[8708,2125],[-3,5],[-4,-1],[5,-3],[2,-1]],[[7860,2083],[-4,1],[-1,1],[-6,4],[-8,2],[-5,0],[-4,2],[-14,2],[-12,11],[-3,5],[-6,12],[-5,1],[-3,-3],[-5,-2],[-3,-5]],[[7429,1862],[-6,-3],[-2,-3],[1,-3],[1,-6],[0,-6],[-3,-6],[-3,-4],[0,-2],[3,-2],[1,-4],[-1,-6],[-3,-6],[0,-3],[2,-6],[5,-6],[1,-3],[1,-6],[2,-2],[3,-6],[0,-6],[4,-4],[2,-3],[2,-10],[0,-6],[3,-7],[5,-4],[3,-5],[3,-5],[9,-7],[3,-1],[2,-2],[4,-2],[7,-3],[4,-2],[2,2],[-3,3],[3,0],[5,1],[9,-4],[3,-2],[2,0],[4,-5],[5,-1],[2,-2],[5,-2],[2,-1],[8,-2],[9,-4],[4,-2],[8,-2],[5,-2],[2,0],[12,-3],[6,1],[4,-3],[3,0],[3,-3],[4,-2],[6,0],[6,-3],[7,-1],[5,-2],[5,0],[4,-2],[6,0],[2,0],[3,2],[6,0],[3,1],[3,2],[0,2],[2,-1],[2,1],[4,2],[-2,1],[6,2],[6,0],[6,5],[3,2],[-6,3],[0,2],[3,1],[2,2],[-7,1],[0,1],[12,2],[5,2],[0,4],[6,1],[2,2],[2,3],[5,1],[1,3],[1,7],[-2,7],[2,5],[2,1],[1,8],[2,-1],[2,6],[-2,2],[5,3],[1,4],[3,3],[4,1],[-1,3],[2,4],[2,0],[1,4],[3,0],[0,5],[-5,-1],[1,-1],[-5,-2],[-2,1],[2,1],[-5,2],[4,1],[4,-1],[-1,3],[7,1],[1,3],[-3,1],[-4,-3],[-3,1],[3,1],[0,2],[6,1],[0,4],[-2,1],[0,3],[-6,-1],[0,4],[4,2],[3,-2],[3,1],[0,4],[10,4],[0,2],[2,1],[5,1],[0,-3],[3,1],[2,5],[4,4],[3,3],[2,0],[4,2],[2,3],[2,2],[2,0],[0,2],[-3,0],[-2,4],[5,-1],[2,3],[0,4],[-5,4],[-6,2],[0,-2],[-3,0],[1,5],[2,0],[0,2],[4,1],[0,1],[3,0],[3,2],[1,4],[-2,3],[2,0],[2,2],[-3,1],[1,2],[-3,3],[-6,1],[-1,1],[5,3],[-2,1],[0,2],[-1,3],[-2,0],[-1,5],[4,2],[9,1],[4,0],[-10,1],[-2,2],[-3,2],[-1,3],[2,2],[3,0],[6,-3],[3,0],[0,3],[3,1],[-2,4],[1,3],[4,1],[-2,3],[0,3],[3,0],[3,2],[5,0],[1,3],[-1,2],[1,1],[0,5],[-1,3],[2,1],[2,-1],[-2,3],[2,0],[3,4],[-4,1],[-1,3],[3,1],[1,2],[2,4],[3,0],[1,4],[-1,5],[1,4],[2,2],[-1,2],[3,2],[0,2],[-4,0],[0,4],[2,4],[0,2],[-3,1],[3,1],[0,3],[2,0],[5,4],[2,3],[2,1],[4,-1],[1,-3],[2,-1],[6,4],[2,-1],[-3,-4],[-2,-5],[5,0],[8,6],[1,0],[3,-2],[3,2],[0,-4],[3,-1],[-6,-1],[-4,-3],[2,-1],[0,-4],[-4,-2],[2,-1],[4,4],[5,4],[2,-3],[3,1],[0,2],[4,2],[-1,1],[7,5],[7,1],[0,4],[3,1],[2,4],[8,4],[0,1],[1,4],[4,4],[5,3],[-2,0],[-1,2],[1,5],[3,1],[0,3],[5,2],[3,5],[2,2],[-4,-1],[-5,4],[-4,-2],[-6,-1],[-2,2],[-4,0],[-3,1],[-2,0],[1,1],[-3,1],[0,2],[-5,0],[-3,-3],[-3,-1],[-6,1],[2,2],[-2,1],[2,3],[8,6],[0,1],[-5,0],[0,1],[2,3],[-5,1],[-1,2],[1,5],[1,2],[0,8],[5,-1],[-1,4],[3,4],[-1,2]],[[8622,2103],[0,3],[-2,0],[0,-2],[2,-1]],[[7878,2047],[2,1],[-3,2],[0,-3],[1,0]],[[7879,2043],[1,3],[-4,0],[3,-3]],[[7908,2036],[1,2],[-1,1],[-2,-2],[2,-1]],[[8809,2023],[0,-2],[3,1],[-3,1]],[[7823,1974],[4,3],[0,1],[-4,2],[-3,-1],[-4,-4],[2,-1],[5,0]],[[7777,1879],[3,1],[-1,2],[-2,-1],[0,-2]],[[7795,1875],[1,4],[-4,-1],[3,-3]],[[7784,1869],[3,4],[-3,2],[-4,1],[-4,-4],[0,-2],[8,-1]],[[7782,1861],[1,3],[-3,-1],[2,-2]],[[7772,1856],[1,3],[3,1],[0,1],[-5,-2],[1,-3]],[[7768,1851],[-1,2],[-2,-1],[3,-1]],[[7767,1848],[0,2],[-2,0],[-1,-2],[3,0]],[[7780,1845],[0,2],[-1,2],[-2,0],[-2,-2],[3,-4],[2,2]],[[7783,1840],[1,2],[-3,0],[2,-2]],[[7762,1822],[1,0],[1,4],[-2,0],[-2,-3],[2,-1]],[[7712,1693],[6,7],[1,6],[3,1],[2,-1],[7,0],[1,2],[3,1],[-4,2],[4,0],[2,-1],[2,2],[3,-1],[6,5],[5,1],[0,3],[-2,0],[0,3],[6,1],[4,-5],[14,-2],[4,1],[5,4],[7,10],[2,1],[2,2],[-2,2],[-3,6],[-4,1],[-5,7],[-5,-2],[-10,-1],[-4,-1],[-7,-2],[3,-1],[-2,-2],[-2,1],[-3,-4],[1,5],[-1,1],[-4,1],[-8,-1],[-3,-2],[5,0],[-2,-2],[-3,1],[1,-2],[-3,-2],[0,-3],[-5,2],[-3,0],[-2,-2],[0,-3],[-3,0],[-1,-2],[5,0],[-1,-3],[-2,-1],[0,-3],[-1,-4],[-6,-2],[-3,2],[0,-2],[-2,0],[0,-4],[1,0],[3,-5],[-3,-3],[-3,-1],[-1,-3],[1,-1],[-3,-1],[2,-3],[3,0],[2,-3]],[[7863,1743],[-3,-2],[0,-1],[-7,-2],[2,-3],[2,-1],[5,0],[0,2],[0,4],[2,2],[-1,1]],[[7866,1739],[-3,0],[2,-1],[1,1]],[[7833,1719],[-1,-2],[4,1],[-3,1]],[[7692,1690],[2,-2],[1,3],[-2,1],[-1,-2]],[[7669,1685],[3,3],[3,0],[-2,2],[-4,-3],[0,-2]],[[7681,1671],[-3,-1],[3,0],[1,3],[-4,3],[-3,-2],[4,1],[2,-4]],[[7788,1673],[-4,0],[-2,-2],[0,-5],[2,-1],[6,-2],[1,-1],[5,-2],[2,-3],[5,0],[-3,11],[-5,4],[-6,2],[-1,-1]],[[7650,1663],[5,0],[0,2],[4,-1],[8,1],[3,1],[0,3],[2,1],[-4,0],[-1,-2],[-6,0],[0,2],[-6,0],[-3,-2],[-3,-3],[1,-2]],[[7563,1666],[3,0],[-10,2],[-4,0],[1,-2],[10,0]],[[7805,1661],[3,-2],[0,1],[-3,1]],[[7577,1648],[4,0],[6,2],[1,2],[-2,2],[-4,1],[-2,3],[-3,0],[-8,0],[-2,-2],[4,-3],[4,-5],[2,0]],[[7860,2083],[1,3],[4,1],[-4,3],[5,1],[2,4],[6,2],[2,-2],[3,1],[1,3],[4,2],[-2,1],[2,3],[4,1],[2,2],[5,-1],[1,-2],[6,1],[0,4],[3,0],[-1,2],[5,1],[5,4],[0,1],[2,-1],[-1,-4],[-5,-7],[4,3],[2,3],[4,2],[3,3],[2,-2],[1,5],[2,0],[1,3],[3,0],[2,4],[3,1],[-1,2],[2,0],[6,3],[3,1],[6,5],[0,3],[-4,-1],[-2,1],[-3,-2],[-4,1],[2,2],[-1,1],[3,3],[5,0],[1,1],[4,1],[2,-3],[-1,-3],[2,-3],[3,4],[0,1]],[[7960,2145],[1,3],[3,-4],[8,-3],[-7,-1],[-1,-1],[2,-3],[-4,0],[0,-3],[-2,-3],[-4,-1],[0,-1],[-3,-4],[0,-2],[-10,-4],[0,-3],[-3,0],[0,-2],[3,1],[2,-1],[5,3],[3,0],[3,-2],[6,5],[3,2],[0,4],[5,2],[10,7],[2,5],[3,1],[3,0],[3,6],[2,1],[0,4],[3,3],[-1,1],[-2,-1],[-3,3],[3,5],[2,1],[2,-2],[4,1],[3,-1],[1,4],[4,3],[0,3],[-8,0],[-1,-2],[3,-1],[-2,-2],[-3,1],[-1,-1],[-5,2],[-4,-4],[-4,2],[-4,1],[-2,1],[1,2],[3,1],[-3,0],[-1,-1],[-3,1],[-6,-5],[-5,-3],[-6,0],[-1,-1],[-12,2],[-3,0],[-2,2],[-2,0],[-3,7],[2,2],[3,0],[-3,2],[7,1],[5,3],[-1,3],[3,4],[-1,3],[1,2],[8,1],[-2,1],[5,-1],[8,2],[7,4],[0,3],[2,3],[-1,3],[6,1],[1,-1],[3,1],[5,-1],[1,2],[-5,1],[-8,4],[2,3],[4,0],[-1,4],[3,5],[9,-1],[0,3],[2,0],[2,3],[-2,1],[6,2],[-4,5],[6,3],[1,5],[2,0],[1,3],[4,2],[1,2],[2,0],[2,-3],[3,2],[1,-2],[3,1],[1,1],[-4,3],[0,4],[1,-2],[3,1],[3,0],[4,3],[-1,2],[2,3],[-1,0],[2,3],[3,0],[4,4],[2,5],[-1,3],[6,0],[5,3],[4,0],[4,1],[0,3],[5,3],[1,-1],[7,-3],[3,-1],[0,4],[4,-1],[0,3],[7,2],[11,-1],[2,4],[7,2],[-3,3],[6,1],[3,0],[1,-4],[2,0],[3,3],[-4,3],[0,3],[3,-1],[0,2],[1,3],[3,-2],[5,1],[1,2],[6,-1],[7,1],[10,4],[0,2],[7,-3],[3,2],[2,-5],[3,0],[1,-3],[-2,-3],[2,-3],[6,3],[3,0],[1,2],[-2,1],[-3,-1],[-3,0],[0,2],[3,1],[-1,3],[2,1],[1,-2],[5,-1],[0,4],[3,0],[1,2],[2,1],[3,-1],[1,-4],[8,1],[1,3],[3,-2],[1,-4],[3,-1],[1,3],[2,2],[3,0],[1,-1],[5,-2],[-1,-2],[2,-3],[4,-3],[1,-3],[2,-1],[4,1],[6,-3],[3,-4],[-2,-2],[0,-2],[5,1],[4,2],[-1,1],[3,3],[4,1],[-2,-3],[0,-2],[13,0],[10,-1],[3,1],[1,6],[3,0],[2,-2],[3,0],[6,-4],[3,1],[-1,-2],[7,-3],[3,-2],[-1,-1],[3,-2],[0,-2],[-5,2],[-3,-1],[3,-4],[2,-5],[4,-2],[0,-3],[-2,3],[-3,1],[-4,-1],[-4,1],[-5,-1],[3,0],[-1,-2],[0,-3],[4,-1],[-4,-7],[4,-2],[-2,-1],[-1,1],[-5,-3],[-3,-3],[0,-5],[1,0],[-6,-2],[-4,-6],[3,0],[-3,-3],[4,-1],[1,-5],[-1,-1],[2,-5],[-2,0],[0,-2],[4,-2],[0,-5],[3,-4],[2,0],[2,-2],[-3,0],[-1,-5],[2,-1],[-3,-1],[-1,-3],[-2,-2],[1,-1],[-3,-1],[-1,-2],[3,-2],[2,0],[-1,-4],[3,-1],[-1,-3],[1,-1],[-1,-2],[-3,-1],[-1,-3],[4,-2],[7,1],[2,-4],[4,-2],[2,1],[3,-2],[3,-3],[-1,-2],[2,-3],[3,-1],[2,-4],[2,0],[0,-3],[-2,-1],[1,-3],[4,-3],[3,-7],[-1,-1],[1,-7],[-4,-1],[4,-2],[0,-1],[-5,-2],[0,-1],[-6,0],[-3,1],[-6,4],[-4,-1],[-2,1],[4,3],[1,2],[2,0],[1,2],[-2,3],[-6,1],[-3,0],[1,3],[-6,-1],[-3,-2],[-3,-2],[1,0],[-1,-4],[4,-1],[1,-2],[2,-1],[0,-3],[-5,-6],[0,-2],[-5,-3],[-3,-1],[0,-6],[2,-1],[-2,-2],[2,-3],[-3,0],[0,-2],[2,-2],[-2,-3],[-1,-4],[1,-3],[5,2],[6,6],[8,6],[4,0],[3,1],[1,-3],[3,-1],[0,-2],[6,-2],[2,-1],[-2,-6],[3,-1],[-2,-3],[1,0],[-2,-3],[3,-3],[-3,0],[-2,-2],[-1,-3],[-3,-3],[1,-2],[-2,-3],[5,-3],[1,1],[3,2],[4,3],[5,2],[6,1],[3,-2],[0,2],[2,-6],[2,-2],[2,3],[5,2],[0,2],[4,5],[2,4],[9,-1],[7,8],[2,-3],[4,5],[-1,5],[-2,1],[0,4],[1,2],[-4,0],[-2,2],[-4,-1],[-4,2],[-1,2],[-4,2],[1,2],[2,0],[5,4],[8,1],[4,0],[8,2],[0,4],[1,6],[3,3],[0,6],[1,1],[-1,3],[8,2],[7,1],[4,-1],[6,-3],[0,1],[4,-2],[2,0],[1,-3],[7,-6],[-2,-3],[3,-4],[-2,-1],[3,-3],[2,-4],[4,1],[0,-3],[5,-2],[1,-2],[4,-4],[1,-6],[6,-5],[5,-1],[3,4],[1,5],[8,0],[3,-2],[-2,-2],[1,-2],[2,-2],[0,-1],[3,-1],[4,1],[-2,-6],[5,-5],[4,-1],[2,1],[0,3],[3,1],[1,3],[-3,-1],[-2,2],[2,3],[4,3],[3,-1],[3,3],[-2,1],[1,4],[-4,2],[-1,5],[-2,1],[6,2],[1,6],[2,2],[2,3],[1,6],[-1,0],[6,4],[1,2],[2,2],[0,1],[2,1],[1,2],[4,0],[1,4],[2,-1],[-2,6],[1,1],[-1,2],[1,2],[3,1],[0,3],[5,2],[-1,2],[-3,2],[2,3],[3,-1],[-2,4],[2,2],[0,1],[-3,1],[2,1],[-5,4],[2,1],[-1,5],[3,3],[1,2],[-5,1],[-2,4],[3,2],[-3,2],[0,3],[2,-1],[2,1],[2,-1],[2,1],[3,-2],[1,1],[5,-1],[2,-2],[4,-1],[3,2],[3,3]],[[8545,2206],[0,0]],[[8545,2206],[0,0]],[[8545,2206],[0,0]],[[8545,2206],[-1,2],[1,2],[-2,4],[-1,1],[-5,0],[0,4],[4,2],[1,2],[-1,2],[-4,1],[-1,-4],[-7,-1],[-3,0],[5,4],[-4,0],[-3,3],[4,-1],[4,2],[1,1],[3,2],[3,2],[0,-3],[6,-2],[3,1],[2,2],[0,5],[0,2],[-2,3],[3,3],[3,0],[3,-1],[2,3],[1,-2],[8,-1],[0,-2],[3,1],[-2,3],[3,2],[-2,3],[4,0],[1,3],[-3,1],[2,1]],[[8048,2246],[0,2],[-5,3],[-1,-3],[3,-2],[3,0]],[[8564,2193],[1,2],[-3,1],[2,-3]],[[7996,2182],[0,1],[-3,0],[3,-1]],[[8539,2172],[1,2],[-6,1],[5,-3]],[[8538,2166],[0,3],[-2,0],[2,-3]],[[8293,2154],[-6,-1],[-2,1],[-1,-2],[5,0],[4,-1],[0,3]],[[7952,2144],[-1,2],[-2,-2],[3,0]],[[8313,2135],[-3,-3],[2,-4],[3,1],[2,2],[0,2],[-1,2],[-3,0]],[[7922,2106],[2,2],[5,3],[-6,1],[-1,-6]],[[8457,2082],[0,-1]],[[8457,2081],[0,0]],[[8457,2081],[1,0]],[[8458,2081],[0,0]],[[8458,2081],[0,0]],[[8458,2081],[2,-1],[0,2],[-3,4],[-2,1],[-2,-3],[4,-2]],[[8326,1952],[7,1],[1,3],[-5,3],[-4,1],[8,5],[1,4],[3,2],[2,0],[3,4],[3,0],[5,2],[10,0],[7,4],[7,0],[3,-1],[5,0],[2,0],[2,1],[4,1],[6,4],[-2,3],[3,1],[2,4],[-1,3],[2,1],[7,1],[2,2],[0,2],[2,1],[6,-3],[3,0],[0,1],[4,-2],[4,-5],[7,-1],[0,2],[3,0],[5,3],[2,3],[-1,2],[-7,0],[-1,2],[-7,0],[1,1],[-4,1],[0,1],[-8,0],[-4,4],[-1,3],[2,1],[0,2],[7,2],[4,0],[-2,2],[3,-1],[1,1],[3,-1],[3,0],[8,-3],[6,-1],[2,2],[1,-3],[6,-3],[4,0],[2,-1],[3,2],[-2,2],[0,3],[-6,2],[1,1],[-3,2],[0,2],[-4,1],[-3,5],[-5,3],[-6,-1],[-5,5],[1,1],[-9,-1],[3,1],[2,4],[6,-1],[1,0],[1,3],[-6,5],[-7,4],[-3,5],[-3,-1],[-4,2],[-4,-2],[-1,1],[-6,1],[-1,2],[-4,0],[-1,3],[-6,4],[-1,2],[-2,-5],[-5,-3],[-2,-1],[-1,-3],[0,-3],[-1,-3],[-1,-4],[3,-7],[-5,-6],[2,-1],[-1,-3],[1,-3],[0,-5],[5,0],[-2,-2],[-7,-1],[-5,-6],[-3,-1],[3,2],[1,4],[-3,-1],[0,-2],[-3,3],[-12,11],[1,4],[-1,1],[0,5],[2,3],[-2,4],[-4,2],[-3,4],[-4,3],[-5,3],[-4,1],[-1,3],[-3,0],[-3,2],[-2,0],[-3,1],[-3,0],[-5,-4],[-4,-2],[-6,-1],[-5,-4],[1,-2],[-2,-4],[-2,-6],[1,-4],[-2,-2],[-2,0],[-2,-2],[0,-5],[3,0],[2,-6],[-5,-6],[-5,-4],[-2,-6],[0,-4],[2,-7],[3,-3],[8,-2],[2,1],[4,0],[1,2],[3,0],[-1,-1],[2,-2],[-4,-2],[-2,0],[-4,-2],[-1,-2],[1,-2],[0,-6],[5,-3],[1,-2],[-3,-1],[1,-2],[-1,-2],[1,-5],[2,-4],[3,-1],[2,-2],[4,-2],[11,-3],[3,-2]],[[8349,2068],[-4,-2],[-2,-1],[1,-2],[3,0],[6,4],[-4,1]],[[8339,2066],[3,0],[1,2],[-4,-2]],[[8420,2066],[-1,-3],[2,1],[-1,2]],[[8284,2030],[2,1],[-1,2],[-2,1],[-2,-2],[3,-2]],[[8350,1961],[-1,-2],[4,1],[-3,1]],[[8346,1945],[2,1],[6,4],[-4,3],[-2,4],[-2,-3],[-4,-1],[-2,1],[-2,-2],[-3,-1],[7,-4],[4,-2]],[[8336,1952],[2,2],[-4,-2],[2,0]],[[7548,1563],[-1,0],[-3,2],[-11,2],[-4,-1],[-4,-2],[-10,-3],[0,-3],[-2,-2],[-1,1],[-4,0],[0,-2],[-4,0],[-1,-3],[-2,-1],[0,-3],[-2,-1],[-1,-3],[-3,-1],[-8,-4],[1,-2],[-4,0],[-8,-4],[-4,0],[-2,-3],[-2,0],[-2,-2],[-2,0],[-5,-3],[-1,-3],[2,-6],[-8,-4],[-4,-2],[2,-1],[-10,5],[-4,1]],[[7436,1515],[0,-4],[1,-2],[-1,-7],[1,-4],[-3,-6],[2,-1],[0,-3],[4,0],[3,-1],[1,-5],[2,-2],[-1,-4],[2,-2],[5,-1],[2,3],[1,-2],[5,1],[1,-4],[0,-6]],[[7461,1465],[0,0]],[[7461,1465],[0,-3],[0,-6],[-2,-5],[-3,-3],[-1,-4],[1,-1],[-2,-4],[1,-4],[3,1],[6,-1],[1,0],[6,-2],[2,-2],[4,3],[5,0],[9,0],[6,1],[5,-1],[4,1],[52,0],[1,4],[-3,18],[-5,15],[-8,0],[4,3],[3,4],[-2,0],[0,4],[1,1],[2,4],[1,3],[-1,5],[2,0],[-1,4],[7,1],[2,-1],[2,2],[-1,6],[5,2],[-1,2],[-2,0],[3,3],[-4,2],[0,2],[-4,2],[0,3],[-4,1],[-3,4],[-3,1],[-1,-4],[-2,1],[2,6],[-2,1],[4,2],[-3,0],[1,2],[-1,3],[5,-1],[1,2],[-1,1],[-1,3],[-4,3],[0,3],[3,0],[1,3],[-1,2],[-3,0],[0,2],[1,4]],[[7508,1567],[-6,5],[-4,1],[-5,-1],[-11,-6],[-5,0],[-7,-1],[-6,-5],[-4,-6],[-2,-6],[1,-3],[-1,-3],[4,-2],[4,0],[0,4],[1,-2],[1,2],[-3,0],[-1,-3],[-5,1],[0,2],[2,2],[6,1],[4,-2],[1,1],[5,-3],[-2,-1],[5,-1],[2,1],[3,1],[1,-1],[-4,-2],[1,0],[4,1],[6,5],[1,4],[4,3],[-2,4],[-2,2],[3,2],[4,0],[1,2],[2,-1],[3,2],[1,3]],[[7501,1558],[0,1],[-4,0],[1,-2],[2,-1],[1,2]],[[7403,1527],[0,-1],[-7,0],[-1,-2],[2,-1],[4,1],[2,3]],[[10603,2899],[-77,1],[-59,5],[-5,14],[-2,0],[-44,-6],[-4,-5],[-16,3],[-15,-1],[-32,1],[-4,-2],[-3,1],[-3,-1],[-3,-3],[-4,1],[-3,-3],[-3,1],[-9,-3],[-1,1],[-5,-3],[-4,2],[-4,-1],[-3,2],[-7,-7],[-4,-9],[1,-3],[-4,-3],[-3,1],[-4,0],[-1,3],[-2,-2],[-6,2],[-1,-1],[19,-16],[1,-3],[-3,-3],[-6,-2],[-5,0],[-1,-3],[3,1],[1,-2],[0,-2],[-4,-3],[-3,3],[-5,1],[-4,-2],[-1,-3],[-4,-2],[-3,1],[-4,0],[-6,-2],[-4,-3],[-3,0],[1,-4],[2,-1],[1,-2],[-14,-12],[11,-5],[7,-7],[-9,-6],[4,-7],[-6,-2],[-3,0],[0,-4],[2,-5],[3,-1],[-2,-3],[-20,-2],[-27,0],[-11,-1],[-22,0],[-34,-1],[-8,0],[-38,-1],[-7,4],[-2,-2],[2,-5],[2,-2],[-3,-2],[1,-3],[3,0],[0,-3],[-7,1],[-3,-3],[1,-2],[-1,-6],[-2,-5],[2,-4],[-2,-3],[6,-2],[0,-2],[-3,-2],[-4,1],[-2,-1],[-2,-2],[2,-2],[-2,-4],[4,-3],[-1,-3],[-4,-1],[-4,0],[0,-3],[3,-2],[-2,-3],[4,-1],[-1,-3],[0,-2],[-3,-5],[0,-3],[4,-2],[1,-2],[-2,-2],[-3,0],[-4,2],[-3,-1],[-2,-4],[3,-4],[-1,-2],[-2,-1],[-4,0],[-3,1],[-1,3],[-3,-2],[2,-2],[3,-1],[0,-3],[-3,-3],[0,-1],[4,0],[0,-1],[-3,-4],[-1,-3],[2,-3],[-1,-1],[-4,0],[0,-3],[3,-2],[-3,-2],[-3,-3],[1,-3],[-4,-2],[-2,-2],[0,-5],[-2,0],[0,-1],[-4,-1],[1,-2],[-2,-3],[1,-2],[4,-1],[2,-3],[-2,-2],[-3,0],[-1,-3],[1,-2],[5,2],[1,-1],[-1,-7],[4,0],[2,-4],[-1,0],[-2,3],[-3,-2],[-1,-2],[2,-2],[3,0],[4,-2],[-4,-5],[-4,-1],[-2,-8],[-3,-2]],[[10015,2593],[-2,-2],[2,-1],[-2,0],[-1,-4],[-3,0],[-2,-3],[-6,-2],[-52,0]],[[9949,2581],[1,-3],[2,-5],[4,-3],[4,0],[2,-1],[1,-4],[4,-2],[-1,-1],[6,-2],[3,-8],[2,-2],[-1,-1],[6,-5],[4,-2],[1,-4],[-2,-1],[2,-3],[7,-7],[2,-3],[-1,-5],[3,-6],[-2,-2],[3,0],[-2,-6],[2,-2],[-2,-1],[0,-2],[-1,-2],[2,-2],[-1,-2],[4,-1],[1,-2],[4,-3],[-1,-2],[5,-3],[-1,-2],[-3,-1],[3,-4],[1,-2],[3,-2],[0,-3],[-2,-1],[1,-3],[-1,-2],[4,-3],[0,-3],[5,-5],[14,-17],[16,-25],[-3,-1],[-1,1],[-2,-3],[3,-2],[2,1],[1,-2],[3,0],[0,-2],[4,1],[2,-5],[1,1],[5,-4],[2,1],[4,-1],[-1,-2],[-1,-5],[-2,-1],[1,-1],[-2,-2],[0,-3],[2,1],[5,-1],[1,-3],[1,-1],[0,-2],[1,-7],[3,0],[1,-5],[3,1],[0,-2],[7,-2],[2,-2],[5,-1],[2,1],[5,-2],[1,2],[4,-2],[-1,-1],[3,-2],[-1,-2],[3,-5],[3,-2],[3,0],[2,-4],[-1,-1],[3,-3],[2,-3],[2,0],[1,-5],[4,-2],[1,-1],[3,-1],[9,-4],[2,-2],[2,-1],[2,-4],[-1,-2],[3,-1],[1,-5],[-1,-3],[3,-4],[3,-1],[3,1],[2,-1],[-2,-2],[7,-1],[2,-1],[4,-1],[1,-5],[-1,-1],[1,-2],[4,-1],[3,-2],[-6,-7],[-4,1],[0,-3],[2,-2],[2,-5],[-2,-4],[5,0],[0,-2],[4,1],[0,-2],[4,0],[-2,-2],[2,-3],[-1,-3],[7,-4],[6,0],[-1,-3],[3,-3],[-3,-3],[3,-8],[-3,-3],[8,-6],[9,-1],[1,-2],[2,3],[0,-5],[-1,-1],[2,-1],[3,0],[4,-1],[0,-2],[3,2],[5,-3],[3,0],[0,-2],[7,0],[-4,-4],[1,-1],[5,1],[2,-3],[-5,-3],[6,-1],[0,-2],[2,-4],[0,-3],[-3,-2],[3,-4],[2,2],[3,1],[3,-3],[-2,-3],[5,1],[-6,-6],[0,-1],[4,-2],[-1,-2],[-2,1],[-1,-3],[2,-2],[7,2],[0,-3],[-6,0],[0,-3],[3,-1],[3,-3],[3,-1],[-3,-1],[1,-5],[3,-1],[-3,-5],[-3,1],[-2,-1],[0,-3],[-4,1],[-5,-3],[0,-3],[-2,-1],[-2,-4],[-6,-1]],[[10243,2129],[1,-4],[3,-2],[-2,-4],[-4,1],[-1,-4],[2,-2],[-3,-3],[-2,1],[-3,0],[3,-2],[-4,-3],[1,-2],[0,-2],[7,0],[7,2],[-1,1],[3,4],[2,1],[7,2],[1,-2],[2,0],[5,-2],[1,-3],[7,-6],[4,-2],[3,-2],[0,-4],[2,-4],[-3,-2],[-1,-4],[3,-2],[3,0],[1,-2],[6,-3],[2,0],[1,-4],[7,-1],[4,-4],[3,-1],[3,2],[1,-1],[6,2],[2,-3],[2,-4],[-3,-2],[-1,-2],[2,-3],[2,1],[6,0],[3,-1],[1,-2],[5,3],[2,-3],[1,3],[3,2],[5,1],[8,3],[3,1],[4,4],[2,-1],[1,2],[5,-1],[1,-2],[3,-2],[2,-3],[3,-5],[6,-3],[2,1],[2,-2],[1,1],[4,-3],[2,1],[2,-1],[5,-1],[4,-5],[2,0],[1,3],[1,-1],[4,1],[2,2],[3,-3],[5,-1],[5,1],[2,1],[6,-1],[3,2],[7,-1],[7,-1],[4,1],[4,-1],[12,2],[2,-2],[2,0],[7,6],[9,11],[3,5],[1,12],[18,0],[38,2],[6,7],[24,2],[4,13],[-2,0],[4,8],[0,3],[2,2],[1,5],[24,-2],[21,-5],[18,-5]],[[10660,2108],[1,6],[26,7],[6,-2],[3,27],[-1,15],[59,0]],[[10754,2161],[-2,19],[0,8],[-4,8],[-10,12],[-8,5],[6,2],[3,-1],[4,-4],[7,-2],[7,0],[1,4],[3,1],[2,-1],[6,-2],[2,-3],[10,-4],[13,0],[1,-2],[3,0],[-1,2],[8,0],[45,0],[0,15],[0,29],[0,2],[4,5],[9,19],[0,8],[3,6],[0,3],[-8,13],[-1,19],[-4,5],[1,2],[-2,5],[-6,6],[-4,6],[0,3],[0,6],[-1,9],[0,14],[2,6],[0,8],[1,1],[1,7],[0,9],[1,2],[-5,21],[-18,25],[-2,2],[-5,3],[-3,3],[-7,14]],[[10806,2479],[-4,8],[4,8],[-2,9],[3,4],[13,0],[0,2],[-1,2],[1,5],[5,2],[3,2],[4,4],[0,7],[1,0],[2,1],[2,-2],[3,3],[3,1],[1,-1],[3,0],[3,4],[6,-1],[2,1],[4,1],[-2,2],[2,1],[-1,3],[4,-1],[3,1],[-5,3],[2,2],[-2,0],[0,3],[-3,-1],[0,4],[-2,0],[0,3],[-3,4],[-4,3],[-1,-2],[-3,0],[-3,3],[-2,-2],[-2,2],[2,0],[3,4],[-3,0],[0,2],[-4,0],[2,3],[-3,5],[-5,0],[0,4],[-2,0],[0,2],[-2,1],[1,2],[-3,2],[-2,2],[1,2],[-3,-1],[-2,5],[-3,1],[0,2],[-4,1],[-3,3],[-6,3],[-3,-1],[-1,1],[-3,0],[-4,2],[0,3],[-1,4],[1,2],[-1,2],[0,6],[2,2],[-2,4],[-14,8],[-4,2],[-3,14],[-1,1],[-2,23],[-9,9],[-12,4],[-10,7],[-8,12],[-10,5],[-15,14],[0,9],[3,3],[-1,3],[1,3],[-2,4],[1,3],[-1,4],[2,6],[1,2],[-2,4],[2,1],[-1,2],[3,2],[2,3],[4,0],[-3,5],[-2,0],[-2,4],[-5,2],[-3,-1],[-5,2],[-3,6],[-6,5],[-9,18],[-1,9],[3,4],[0,6],[2,1],[-2,1],[2,3],[-2,4],[1,2],[-1,5],[3,7],[-2,2],[2,2],[-1,7],[-2,4],[2,4],[3,3],[0,2],[3,4],[1,3],[1,0],[0,3],[2,3],[-5,0],[1,-2],[-2,0],[1,-2],[-2,-2],[-6,1],[-3,1],[-3,-1],[-70,1]],[[10143,3389],[-6,-1],[-6,-1],[-11,-1],[-5,-2],[-2,-2],[-5,-2],[-3,-3],[-8,-2],[-3,-3],[-5,-1],[0,-1],[1,-3],[-3,-2],[-1,-2],[-4,-2],[-1,-3],[2,-3],[-3,-3],[1,-3],[3,-6],[-1,-3],[-2,-3],[-1,-3],[3,-7],[-2,-1],[3,-2],[-1,-1],[3,-2],[1,-5],[2,-2],[9,-9],[7,-4],[4,-3],[8,-2],[3,-6],[4,-2],[5,-1],[6,-3],[7,-2],[4,0],[4,-2],[11,-2],[9,-1],[12,1],[6,-1],[3,-4],[4,-2],[3,-4],[5,-5],[7,-3],[8,1],[7,3],[3,7],[1,5],[8,2],[2,4],[3,-1],[-1,-2],[4,0],[0,3],[2,2],[1,8],[-4,3],[-3,0],[-2,2],[2,2],[-2,1],[-3,3],[1,4],[3,2],[-3,4],[-1,7],[-3,5],[-4,6],[-3,7],[-4,12],[-5,4],[-5,3],[-2,1],[-4,0],[-5,3],[-1,3],[-4,4],[-9,6],[-2,4],[-12,7],[-6,1],[-8,4],[-8,0],[-8,0]],[[9704,2718],[-1,-3],[0,-4],[4,-6],[4,-7],[0,-6],[3,-4],[0,-2],[5,-2],[2,-2],[-1,-5],[-6,-5],[-3,-1],[-2,-2],[-1,0],[-7,-6],[2,-2],[-2,-1],[-4,-9],[-3,-3],[-3,-1],[-2,-2],[2,-1],[-2,-3],[0,-4],[-1,-2],[-5,-2],[-4,-3],[-3,-1],[-3,0],[0,2],[-8,-2],[-5,0],[-2,-2],[0,-2],[-4,-2],[-6,-4],[-2,1],[-4,0],[1,-1],[-3,-2],[-5,-1],[-9,-4],[-4,0],[-9,-1],[-3,0],[-7,0],[-4,1],[-16,1],[-6,0],[-3,-1],[-5,0],[-8,4],[-5,0],[-1,0],[-9,1],[-1,-2],[-10,2],[-6,-5],[-4,2],[0,3],[-3,-1],[-4,2],[-1,0],[-4,1],[-4,-2],[-6,1],[-1,1],[-5,0],[-1,1],[-7,-1],[-8,0],[-5,-1],[-3,-5],[-2,-2],[-5,-1],[0,-1],[-3,2],[-9,-3],[0,-1],[-5,-2],[1,-1],[-10,-2],[-7,-1],[-3,0],[-4,0],[-8,-3],[-3,-3],[0,-1],[-5,-3],[-8,-3],[-5,0],[-2,-3],[-3,-1],[-4,-4],[-4,-3],[-1,-3],[-1,0],[-2,-3],[-2,-5],[-5,-2],[-6,-1],[1,-2],[-3,-2],[-6,-1],[-4,1],[-4,0],[-1,-2],[-13,-4],[0,-1],[-11,1],[-11,5],[-1,-3],[-7,-7],[1,-1],[-2,-2],[-1,-4],[-3,-3],[-4,0],[-3,1],[-2,-1],[-3,-3],[-2,0],[-5,-2],[1,-1],[-3,-2],[-5,0],[0,-3],[-3,-4],[-7,-3],[-1,2],[-3,-3],[-5,0],[1,-4],[-2,-2],[-3,-1],[-3,-4],[-1,-6],[-1,-2],[-3,-2],[-3,-4],[-6,-4],[-3,-2],[-5,1],[-3,-6],[-3,-3],[1,-2],[-2,0],[-4,-4],[-4,-2],[-6,1],[-3,-2],[-5,0],[-4,-1],[-1,-1],[-4,0],[-6,-3],[0,-3],[-4,-2],[-9,1],[0,-3],[-4,3],[-2,-2],[-1,-2],[-3,0],[-1,-3],[-2,0],[-2,-4],[-4,-3],[1,-2],[-6,-3],[-4,0],[-3,-1],[-7,-1],[-3,2],[-5,1],[-2,3]],[[9097,2353],[4,1],[2,-4],[7,-1],[1,-1],[5,-1],[3,1],[2,-1],[2,1],[5,0],[6,-3],[3,-1],[3,2],[2,-2],[3,0],[6,-1],[6,-1],[7,-1],[2,-3],[2,-4],[-4,-1],[0,-3],[2,1],[3,0],[13,-2],[6,-2],[4,-2],[1,-3],[3,-1],[2,-2],[0,-3],[5,-5],[3,-1],[-1,-1],[3,-3],[2,-2],[-1,-5],[-3,-1],[1,-3],[-1,-1],[3,-4],[-2,-3],[1,-3],[-1,-1],[3,-1],[3,-2],[3,-1],[1,6],[4,1],[4,-1],[7,-2],[3,-3],[6,-8],[4,-3],[-3,-5],[0,-2],[8,0],[1,1],[5,0],[6,1],[13,-3],[11,-3],[2,-1],[12,0],[1,1],[10,1],[6,-2],[1,1]],[[9318,2258],[-1,6],[4,3],[2,-1],[2,4],[2,0],[1,7],[-2,3],[-6,-1],[0,3],[-2,2],[19,3],[32,-7],[36,-3],[15,-1],[4,1],[41,13],[-5,15],[-1,16],[7,10],[7,6],[6,4],[13,6],[-5,5],[-28,8],[-13,13],[0,1],[-8,11],[-6,2],[-2,2],[11,10],[24,14],[-14,16],[21,9],[21,4],[40,5],[8,1],[21,3],[2,6],[-6,6],[-1,4],[18,-1],[3,13],[-9,1],[-7,-1],[-3,7],[9,-2],[4,8],[-3,6],[14,-1],[19,3],[4,-1],[-1,2],[12,0],[0,-10],[5,1],[13,0],[-2,3],[19,-3],[-3,6],[10,0],[1,1],[3,1],[-1,4],[-4,3],[1,2],[-2,1],[2,1],[11,1],[-1,2],[0,3],[-1,6],[3,1],[-1,2],[2,2],[2,0],[4,-2],[9,1],[15,-1],[2,2],[4,-3],[1,-7],[3,-1],[15,0],[7,2],[6,-4],[4,3],[42,12],[7,6],[-3,3],[-1,4],[1,4],[2,2],[0,2],[4,2],[1,1],[3,0],[1,2],[3,1],[0,3],[14,0],[4,1],[2,3],[-2,3],[5,2],[-1,3],[0,3],[-4,3],[1,1],[-2,5],[1,6],[8,1],[19,-3],[8,-9],[30,-9],[20,3],[16,13],[9,9],[4,-4],[-2,-2],[4,0],[1,-2],[4,-1],[5,-3],[1,-2]],[[10015,2593],[-1,0],[-29,0],[-15,9],[-5,16],[-5,23],[-3,10],[-29,46],[-16,17],[-3,-3],[-2,1],[-1,-3],[-3,2],[-4,-1],[1,-2],[-22,0],[-22,-3],[-23,2],[-10,2],[-3,-4],[-7,1],[-12,5],[-18,4],[-10,-4],[-9,-6],[-5,-2],[-13,7],[-4,6],[-25,-1],[-13,3]],[[9107,2492],[1,0],[6,-6],[4,0],[1,4],[2,1],[7,-1],[2,1],[4,7],[1,0],[7,4],[7,3],[5,0],[2,2],[4,2],[4,-1],[0,4],[4,0],[8,3],[5,-1],[6,-1],[6,-3],[5,2],[3,0],[7,1],[6,0],[1,-1],[3,0],[-1,4],[5,1],[2,0],[4,-3],[2,2],[-3,3],[5,5],[9,-1],[3,1],[-4,2],[-1,2],[2,2],[5,1],[0,1],[3,2],[5,1],[-1,2],[0,5],[3,2],[0,2],[3,3],[4,1],[4,2],[4,1],[0,1],[5,3],[1,1],[3,1],[5,4],[5,6],[3,1],[5,1],[3,7],[4,2],[2,-1],[4,0],[3,-3],[2,3],[4,3],[2,7],[4,3],[6,-1],[1,1],[1,7],[2,2],[-1,8],[0,1],[-2,9],[0,4],[-3,2],[2,3],[-2,5],[1,1],[-1,3],[1,2],[-2,8],[-6,6],[0,3],[-6,5],[0,4],[-2,2],[1,1],[-1,4],[0,4],[1,1],[-1,3],[1,5],[1,1],[-1,3],[0,3],[-1,3],[0,7],[3,4],[3,2],[9,3],[1,1],[-5,3],[-2,2],[-1,4],[-6,3],[-2,2],[1,2],[-2,1],[1,4],[2,3],[-6,2],[0,4],[0,3],[0,2],[1,7],[-1,1],[0,5],[-3,3],[-5,8],[1,4],[0,3],[2,7],[-1,4],[-9,5],[-3,4],[-4,3],[-6,7],[2,2],[-2,3],[3,5],[0,4],[-6,3],[-1,3],[-6,4],[-4,3],[-3,0],[-3,3],[-5,2],[-3,4],[0,1],[-3,-2],[0,3],[-5,4],[3,0],[4,3],[0,7],[-1,5],[-3,2],[-4,3],[-4,10],[-6,1],[-3,-2],[-5,3],[3,1],[-1,2],[-5,0],[-1,2],[2,3],[-5,0],[-3,1],[-1,5],[-2,0],[-2,3],[4,3],[-1,2],[2,5],[-3,2],[1,2],[4,0],[3,-2],[2,1],[-7,3],[-3,-1],[-3,-2],[0,3],[-3,0],[1,3],[-5,2],[-1,-1],[2,-3],[5,-4],[-1,-4],[2,-3],[-2,-1],[0,2],[-2,1],[-1,3],[2,1],[-4,2],[-1,-1],[-2,2],[-4,0],[-3,2],[2,1],[-1,3],[-5,2],[-8,6],[-4,1],[-5,4],[-6,0],[-3,3],[-2,4],[-5,2],[-7,-1],[-5,2],[-3,-1],[-5,3],[-4,-1],[-5,-4],[1,-2],[-6,-1],[-6,2],[0,2],[-5,1],[-1,-3],[-2,0],[-6,-3],[0,2],[4,1],[4,3],[-6,1],[-2,2],[-6,-2],[-3,2],[-1,2],[-5,1],[-1,2],[4,3],[3,0],[1,3],[-4,2],[1,1],[-8,3],[-16,0],[-9,-1],[1,-1],[-2,-2],[-2,-1],[-3,-2],[1,-3],[3,-1],[3,1],[-1,1],[8,3],[4,1],[3,-3],[-1,-4],[3,-1],[-4,-1],[2,-2],[1,-3],[-4,-1],[-2,1],[-4,-4],[-6,-5],[2,-2],[-5,-1],[-3,-4],[-1,0],[-2,-2],[1,-2],[3,0],[-4,-5],[1,-3],[-1,-5],[0,-7],[-3,-3],[2,-2],[-2,-2],[-6,-1],[1,-2],[-1,-2],[-4,5],[2,3],[0,4],[-1,1],[3,3],[2,3],[-5,0],[-2,-4],[-4,0],[-1,3],[3,3],[-1,3],[3,2],[3,6],[-1,2],[-5,-1],[-1,2],[-4,-2]],[[9049,2936],[-3,-1],[-1,-3],[-2,-2],[-1,-4],[2,1],[5,6],[0,3]],[[10670,2999],[-2,29],[-1,18],[2,9],[1,9],[1,8],[0,15],[21,1],[-4,3],[1,2],[-6,3],[-1,4],[-1,5],[4,3],[-2,3],[-2,-1],[-2,3],[2,2],[-3,0],[-3,4],[3,1],[-3,2],[-5,-2],[-2,4],[-4,-1],[-1,5],[2,1],[-1,2],[3,4],[-1,2],[-3,0],[-4,0],[0,2],[-3,-1],[-2,1],[3,0],[-1,3],[-4,1],[-2,-1],[-2,1],[4,3],[0,4],[-1,2],[-3,-1],[-1,1],[4,4],[4,-2],[4,3],[3,1],[-2,2],[-6,-1],[-1,2],[9,1],[-1,4],[3,0],[-3,1],[-2,-1],[-3,0],[4,3],[-1,1],[-4,2],[2,2],[-2,5],[6,1],[-1,3],[-1,1],[-4,-1],[0,5],[-6,0],[1,2],[3,-1],[4,1],[11,3],[-2,10],[-5,10],[-12,11],[-2,4],[-3,19],[-3,11],[-2,12]],[[10639,3270],[-7,-4],[-6,-1],[-4,-3],[-4,-4],[-3,-10],[-2,-7],[1,-7],[-1,-3],[2,-5],[2,-3],[-4,-6],[-5,-3],[-2,0],[-2,-4],[-1,-4],[3,-3],[2,-10],[2,-4],[2,-1],[-1,-5],[5,-4],[0,-3],[2,-3],[-1,-2],[2,-4],[-3,-7],[1,-3],[1,-1],[0,-4],[1,-3],[-2,-2],[1,-5],[-1,-3],[-1,-5],[1,-7],[-3,-3],[-2,-3],[-9,-5],[1,-3],[-4,-1],[1,-1],[-1,-6],[1,-1],[-4,-5],[2,-2],[0,-3],[-4,-4],[0,3],[-5,2],[-6,-1],[-3,-3],[-3,-1],[-5,-3],[-6,1],[-3,-3],[-8,-1],[-4,-2],[-16,-3],[-2,0],[-12,-2],[-8,1],[-5,2],[-4,3],[-2,3],[1,6],[-2,5],[-2,3],[-4,2],[-2,2],[-3,3],[-13,6],[-1,4],[-4,5],[-3,3],[-1,1],[-3,1],[-6,4],[2,2],[1,5],[-2,5],[-9,4],[-9,1],[-3,2],[-5,0],[-2,1],[-5,1],[-11,7],[-2,4],[-4,1],[-2,2],[-5,3],[-9,2],[-5,2],[-3,2],[-1,2],[-6,3],[-8,1],[-6,1],[-5,2],[-4,4],[-7,1],[-4,0],[-2,4],[-1,3],[-5,3],[-7,-1],[-7,3],[-4,3],[-5,3],[5,3],[-2,3],[-4,1],[-5,-5],[-3,-2],[-6,0],[-4,0],[-4,0],[0,-1],[-4,-1],[-10,1],[-5,-1],[-7,1],[-7,0],[-4,-2],[-5,-3],[-6,0],[-4,-3],[-2,-3],[-2,-1],[0,-2],[-3,-1],[-4,-4],[-3,0],[0,-3],[-1,1],[-4,0],[-1,-3],[-5,-5],[0,-8],[3,-4],[-2,0],[0,-4],[3,-2],[-1,-3],[2,0],[1,-5],[2,-1],[-1,-2],[1,-3],[2,-1],[-1,-1],[4,-1],[-2,-1],[2,-10],[1,-7],[2,-5],[1,-4],[-2,-9],[-1,-3],[-2,-6],[3,-4],[0,-4],[1,-8],[1,-6],[-1,-5],[-4,-9],[-3,-6],[-6,-3],[-3,-4],[-1,-3],[-5,-5],[0,-2],[-2,-11],[2,-1],[3,-5],[3,-4],[1,-2],[5,-6],[0,-8],[-2,-5],[-4,-3],[-8,4],[-4,1],[-2,-1],[-7,-6],[-6,-3],[0,-3],[-4,-6],[1,-4],[-1,-5],[-1,-4],[1,-4],[0,-5],[2,-3],[-1,-4],[4,-5],[2,-2],[8,5],[2,-4],[5,-2],[0,-2],[-2,-3],[-1,-3],[3,-3],[-2,-7],[-1,-3],[1,-3],[2,-1],[2,-4],[4,-1],[2,-3],[0,-4],[-2,-4],[-5,-4],[-5,-1],[1,-1],[-6,-4],[-5,-2],[-6,-7],[6,-3],[-3,0],[-4,0],[-1,-5],[1,-1],[-1,-8],[1,-3],[2,0],[0,-3],[5,-4],[2,-1],[2,-3],[1,-3],[-3,-3],[2,-2],[-5,-3],[-2,-3],[-6,-4],[-12,-4],[-1,0],[-3,-4],[-5,-2],[-7,-2],[-3,1],[-4,-2],[-3,-1],[-3,1],[-6,4],[-5,-1],[-8,1],[-6,2],[-5,2],[-3,4],[0,6],[1,3],[-1,3],[-2,1],[-5,-5],[-2,1],[3,3],[-3,3],[-7,0],[-6,2],[0,1],[-5,0],[-5,2],[-5,0],[-8,2],[-3,1],[-6,-1],[-5,-1],[-20,0],[-5,0],[-6,4],[2,4],[1,2],[-4,4],[-3,2],[-3,-2],[-7,-1],[-10,3],[-3,0],[-7,8],[0,3],[-6,2],[-7,5],[-10,5],[-6,3],[-4,1],[-1,1],[-10,4],[-5,2],[-8,0],[-6,3],[1,1],[-3,1],[1,4],[4,3],[1,3],[3,5],[1,3],[-3,1],[-2,0],[-9,1],[5,1],[-2,1],[-7,0],[-4,0],[-8,-1],[0,-1],[-9,-2],[-3,-1],[-4,-1],[1,-2],[-8,-4],[-7,-1],[-3,-3],[-10,-4],[-6,-2],[-12,-1],[-6,-4],[-5,-1],[-6,-4],[0,-1],[-4,-5],[-3,-1],[-3,-4],[-4,0],[-4,-2],[0,-2],[-3,-1],[-3,-1],[-3,-5],[-3,0],[-7,-1],[-7,-1],[-5,-2],[-6,-6],[-1,-6],[-2,-3],[-2,-6],[0,-1],[0,-6],[-2,-4],[-3,-4],[-6,-4],[-1,-3],[0,-7],[1,-3],[-4,-3],[-5,-2],[-2,-1],[-1,-8],[3,-2],[2,-2],[0,-3],[-2,-4],[1,-4],[-1,-4],[1,-3],[0,-5],[-2,-4],[-2,-8],[-1,-3],[-5,-5],[-8,-5],[-4,-1],[-3,-2],[-1,-4],[1,-6],[-2,-4],[1,-3],[-3,-5],[0,-4],[-2,-3],[-8,-3]],[[10603,2899],[-1,1],[4,0],[3,2],[-1,3],[2,-1],[5,5],[-2,1],[2,4],[2,0],[-1,2],[-1,0],[2,3],[-3,1],[1,2],[5,-1],[3,2],[2,3],[3,0],[3,4],[1,1],[5,3],[3,1],[5,4],[5,0],[4,6],[3,1],[-1,2],[2,3],[3,0],[1,3],[4,0],[3,2],[0,3],[-4,1],[6,2],[-1,14],[0,23]],[[11080,2475],[-274,4]],[[10754,2161],[115,0],[3,0],[94,0],[-1,-33],[0,-50],[1,-18],[4,-5],[5,-3],[5,-2],[0,-11],[-6,3],[-6,-7],[-2,-7],[0,-6],[-2,-8],[0,-12],[7,-1],[-1,-13],[-1,-15],[4,1],[0,-6],[1,-2],[0,-9],[0,-30],[-3,-16],[33,2],[2,2],[6,1],[5,0],[7,-4],[2,3],[-2,2],[5,5],[2,1],[5,-1],[1,2],[-2,4],[2,0],[-1,3],[3,1],[2,2],[-1,2],[0,4],[3,3],[4,-1],[5,2],[6,0],[8,4],[4,2],[4,2],[-1,2],[4,2],[5,-1],[0,-2],[4,-1],[-3,-3],[2,-1],[-2,-1],[4,-6],[-2,-2],[2,0],[1,3],[2,0],[0,-4],[3,1],[3,-3],[2,1],[1,5]],[[11099,1942],[4,4],[-3,1],[-2,-2],[0,1],[11,11],[0,1],[3,2],[4,4],[4,0],[2,-2],[3,-1],[4,2],[0,-2],[5,3],[-3,3],[1,2],[3,2],[6,3],[6,2],[2,-2],[2,2],[0,5],[3,-3],[0,4],[5,4],[2,0],[10,5],[4,2],[11,3],[3,1],[2,0],[6,2],[4,2],[6,2],[12,8],[5,2],[3,3],[6,1],[1,-3],[1,3],[6,0],[5,-3],[5,-1],[1,1]],[[11252,2014],[-2,3],[-4,2],[2,4],[-2,2],[2,2],[-1,2],[3,4],[3,-1],[1,2],[-4,1],[-1,2],[4,3],[-1,3],[2,-1],[2,2],[2,0],[0,5],[-3,-1],[-1,1],[2,2],[-4,2],[2,2],[-2,2],[1,2],[-2,1],[-2,0],[-5,1],[-1,2],[0,4],[1,2],[0,6],[2,2],[-2,2],[5,1],[-2,2],[1,5],[3,-2],[6,1],[-1,2],[-1,4],[5,1],[4,-1],[6,6],[2,1],[7,1],[1,-2],[2,-1],[3,0],[6,4],[3,0],[4,1],[2,3],[-1,2],[-3,1],[-1,-1],[-4,0],[-2,3],[-2,-1],[-4,1],[-2,2],[1,2],[-14,-2],[-3,4],[-1,4],[-3,0],[-2,4],[0,2],[-4,2],[6,1],[27,6],[18,2],[3,12],[3,19],[2,14],[-1,6],[7,1],[3,1],[1,-2],[4,-3],[6,-2],[8,1],[2,11],[5,20],[2,6],[-7,5],[-10,9],[-8,9],[-8,6],[-2,5],[5,1],[-1,2],[4,2],[0,2],[5,3],[-1,3],[5,0],[-1,3],[1,0],[3,2],[-1,2],[5,0],[3,3],[1,4],[-2,1],[4,2],[3,4],[-9,1],[-13,-2],[-11,1],[-8,3],[-1,5],[2,7],[-36,-14],[-9,1],[-14,-15],[-10,-11],[-15,-20],[-7,-4],[-21,2],[1,2],[0,3],[3,2],[0,2],[-3,4],[0,2],[-3,0],[0,3],[-2,2],[-2,-1],[0,2],[-3,-1],[-3,1],[3,1],[1,3],[-1,3],[-3,2],[0,6],[-4,0],[-2,-1],[-3,2],[-3,4],[0,3],[-4,1],[-2,0],[0,2],[-11,6],[-2,-1],[-1,2],[-6,4],[1,2],[-3,2],[2,6],[-1,4],[-2,1],[3,5],[-4,0],[0,4],[0,5],[1,2],[-1,2],[2,1],[-1,5],[-3,3],[-6,3],[0,1],[-7,4],[-2,0],[-1,-3],[-6,2],[-1,3],[-8,1],[3,2],[-3,1],[-3,-1],[-8,1],[-2,3],[-2,-1],[-4,3],[-5,0],[0,23],[-3,21],[-6,45],[2,10],[1,14]],[[11181,1673],[4,1],[1,6],[3,3],[0,2],[2,4],[0,3],[2,2],[5,0],[4,5],[2,5],[4,1],[1,2],[-2,2],[-3,12],[-2,12],[2,4],[-1,4],[-2,3],[2,3],[-3,4],[-4,7],[1,1],[0,2],[-4,5],[-1,8],[0,3],[2,1],[-1,3],[2,2],[-1,1],[1,2],[-1,2],[3,1],[-1,4],[1,3],[0,3],[2,3],[1,5],[-1,8],[4,2],[0,3],[5,2],[-1,6],[6,6],[0,2],[-5,4],[0,2],[-3,2],[1,3],[-4,5],[-7,4],[-2,3],[-7,2],[-3,3],[-2,3],[-4,3],[-3,1],[-5,0],[-6,2],[-7,2],[-2,-3],[-5,1],[-3,3],[-2,2],[2,0],[-1,3],[-1,0],[-1,3],[-3,4],[0,1],[-3,3],[-5,1],[-8,1],[-6,-1],[-5,-4],[-1,-4],[-1,-7],[-2,-6],[0,-4],[-2,-1],[-1,-5],[-1,-12],[-3,-6],[-4,-3],[-5,-1],[-5,-6],[-3,-1],[-2,-4],[0,-10],[3,-6],[4,-5],[1,-6],[7,-5],[3,0],[5,1],[7,9],[6,0],[6,-2],[5,-4],[1,-3],[4,-5],[0,-6],[3,-1],[2,-5],[-3,-4],[-1,-3],[4,-3],[0,-2],[-3,-3],[1,-2],[5,-3],[-1,-3],[2,-2],[-1,-3],[0,-5],[2,-1],[-1,-5],[2,-6],[-5,-3],[0,-6],[-1,-2],[5,-6],[2,-3],[4,-7],[6,-4],[3,-4],[6,-9],[1,-3],[-1,-7],[1,-3],[4,-1],[4,0],[4,-2],[0,-3],[2,0]],[[11188,1891],[1,-2],[1,1],[-2,1]],[[11195,1881],[-1,-2],[2,-2],[0,-4],[4,-6],[0,3],[-3,4],[0,3],[-2,4]],[[11130,1677],[6,6],[3,2],[-1,3],[4,6],[-4,11],[-2,1],[-4,3],[-3,5],[-3,4],[-4,3],[-6,2],[-10,0],[-6,0],[-4,-2],[-4,-5],[-4,-2],[0,-3],[9,-9],[6,-9],[0,-4],[3,-5],[4,-3],[8,-1],[12,-3]],[[10660,2108],[1,-9],[-4,-4],[-2,-3],[4,-4],[2,-5],[2,-1],[0,-4],[1,-2],[-2,-2],[1,-5],[0,-7],[3,0],[4,-5],[1,-6],[-10,-1],[3,-6],[15,-3],[4,1],[2,-3],[5,-8],[-2,-3],[5,0],[2,2],[1,-2],[7,-1],[0,-3],[2,-1],[-43,-13],[-2,0],[-1,-5],[0,-3],[1,-2],[6,-4],[2,-2],[1,-5],[-2,-6],[1,-3],[4,-3],[2,-3],[0,-8],[2,-1],[0,-3],[-5,-9],[12,-3],[2,-11],[-6,-6],[-7,-4],[-1,-3],[-1,-4],[-1,-2],[-9,-4],[-3,-6],[-3,-6],[3,-11],[2,-14],[17,-14],[11,-7],[1,0],[23,-20],[7,-4],[3,-6],[-4,-6],[-1,-5],[1,-3],[1,-6],[-1,-5],[2,-4],[-1,-2],[3,-3],[-1,-4],[-2,-1],[-2,-4],[3,-1],[0,-2],[2,-3],[0,-3],[-3,-1],[-3,1],[-6,-2],[-5,-2],[-3,0],[-6,1],[-3,0],[-3,-1],[-1,-2],[2,-3],[-2,-4],[-7,-1],[0,-3],[5,-2],[0,-1],[-7,-5],[-11,-17],[-3,-8],[-6,-7],[-1,-2],[-4,-2],[-4,-3],[0,-5],[-6,-2],[-1,-4],[1,-2],[-3,-1],[-4,-4],[0,-5],[-1,-2],[-3,0],[-3,-3],[1,-2],[-2,-3],[-3,0],[-5,-3],[-1,-2],[-3,-3],[-7,-1],[-1,-2],[-3,-1],[-9,-2],[0,-3],[-2,-1],[1,-3],[-3,-2],[-1,0],[0,-4],[-3,-5],[-2,2],[-3,-5],[-8,-1],[-6,3],[-9,2],[-3,-2],[-16,-9],[-17,-4],[-11,2],[-4,-6],[4,-5],[-1,-6],[-4,-1],[-1,-5],[1,-2],[5,-4],[5,-5],[-17,-9],[-2,4],[-7,-1],[-2,3],[-2,1],[-1,-14]],[[10488,1585],[-1,-3],[12,-4],[8,-1],[-7,-6],[5,-10],[-1,-6],[-8,-7],[0,-10],[-11,-20],[-3,-8],[15,-4],[3,-23],[0,-13],[8,-11],[18,-22],[13,-10]],[[10539,1427],[8,-6],[8,2],[18,-20],[-21,-14],[-20,-2],[6,-15],[4,-19],[0,-11],[5,-1]],[[10547,1341],[19,-3],[6,2],[27,10],[33,10],[20,3],[0,-3],[4,0],[2,0],[-3,-7],[9,-4],[3,-6],[12,-2],[6,4],[3,4],[8,-1],[1,1],[7,0],[2,4],[3,2],[20,1],[6,-1],[1,1],[4,4],[1,1],[-7,0],[4,5],[-2,1],[5,5],[5,0],[4,5],[5,4],[6,-1],[4,1],[1,2],[2,1],[1,4],[-2,2],[3,1],[2,2],[0,5],[-3,1],[2,2],[0,2],[2,2],[-3,4],[-3,0],[1,2],[-3,4],[7,0],[1,2],[5,-2],[12,-2],[0,-3],[2,-5],[5,-3],[2,0],[2,-2],[1,0],[3,-2],[9,-3],[5,-4],[5,-8],[8,-9]],[[10832,1374],[6,4],[22,19],[-5,1],[-2,2],[-4,0],[-4,2],[-2,2],[-1,5],[2,0],[1,3],[2,3],[7,1],[4,3],[3,-1],[-1,3],[4,0],[1,2],[6,-3],[2,1],[2,2],[3,0],[0,3],[-2,1],[2,1],[-2,3],[0,3],[-2,4],[-4,0],[-1,3],[-2,-2],[-2,1],[2,2],[-1,3]],[[10866,1445],[-6,1],[-4,0],[-6,3],[-1,1],[-4,3],[-3,0],[-4,3],[0,4],[-5,0],[-4,2],[-4,2],[-5,-2],[-5,1],[-1,2],[-4,4],[-2,5],[2,6],[0,2],[3,4],[-2,4],[1,2],[-4,6],[0,6],[0,3],[-1,4],[3,2],[0,5],[-3,5],[0,3],[-2,1],[2,3],[-4,6],[-2,3],[1,3],[-2,9],[1,3],[8,6],[6,2],[-4,4],[2,5],[4,1],[0,2],[-3,3],[0,3],[-4,2],[1,5],[-1,1],[2,2],[6,3],[-1,1],[2,7],[-3,1],[-2,2],[-4,1],[-2,3],[-2,1],[2,2],[2,-1],[5,-1],[3,-1],[3,3],[0,3],[3,1],[3,3],[5,3],[3,1],[0,2],[3,4],[7,2],[-1,3],[3,1],[-3,5],[3,3],[4,2],[2,2],[10,5],[0,2],[5,3],[3,-1],[6,2],[5,9],[-1,1],[0,8],[4,3],[6,1],[6,2],[4,4],[5,2],[2,0],[1,2],[5,4],[-1,8],[1,2],[-1,4],[-2,5],[-2,4],[0,6],[-1,3],[1,6],[1,5],[3,4],[3,2],[9,6],[3,2],[2,6],[6,4],[4,2],[-1,2],[9,7],[8,4],[0,1],[3,4],[8,3],[9,2],[9,-1],[2,0],[2,-2],[5,-1],[3,-3],[-2,-8],[2,-1],[0,5],[1,4],[3,2],[2,0],[6,2],[7,1],[4,1],[5,-1],[3,1],[-1,3],[2,-2],[3,2],[0,5],[6,5],[3,1],[5,4],[1,2],[0,6],[3,3],[10,3],[2,3],[4,1],[3,2],[1,4],[3,4],[2,1],[2,4],[2,0],[3,4],[1,4],[-1,14],[-1,1],[1,4],[-2,3],[-2,1],[0,4],[-3,8],[2,2],[-3,0],[0,2],[-3,2],[0,3],[-3,8],[0,5],[1,4],[-3,1],[1,1],[-2,2],[1,1],[0,5],[1,2],[3,0],[1,3],[-3,1],[-1,3],[2,2],[1,3],[3,3],[2,0],[5,2],[6,1],[3,0],[0,-1],[4,2],[1,-1],[4,0],[1,3],[0,5]],[[11769,2418],[-3,1],[-5,0],[-5,1],[-2,4],[-2,4],[1,13],[0,9],[-1,20],[0,8],[-11,0],[-69,-1],[-40,0]],[[11632,2477],[-4,-4],[-5,-1],[-3,0],[0,-3],[-7,1],[-1,-4],[-3,1],[-3,0],[-2,-3],[4,0],[0,-3],[-3,2],[-4,-2],[-2,0],[-2,5],[-7,1],[-6,0],[-8,-4],[-5,0],[-5,1],[-2,2],[0,4]],[[11564,2470],[-10,-14],[7,-14],[2,-6],[4,-8],[4,-10],[6,-14],[2,-2],[1,-9],[2,-3],[6,-5],[9,-18],[7,-18],[7,-18],[24,-33],[16,-25],[47,-69],[9,-14],[-46,6],[8,-22],[3,-12],[11,-33],[10,-9],[-9,-5],[2,-11],[9,-29],[0,-18],[1,-27],[0,-17],[0,-7],[2,-4],[0,-5],[0,-10],[1,-29],[1,-9],[0,-14],[0,-8],[0,-7],[0,-14],[1,-6],[-1,-10],[-18,18],[-69,6],[-2,1],[-39,-16],[-26,-11],[-15,-6],[-5,-1],[-24,-11],[-24,-8],[-10,-3],[-23,-9],[-12,-5],[-11,-4],[-9,-5],[-17,-6],[-7,-3],[-8,-6],[-2,1],[-1,-2],[-2,1],[-2,-1],[-2,2],[-1,-2],[-4,1],[-2,-1],[1,-3],[1,-1],[-3,-6],[-5,-5],[-3,0]],[[11356,1805],[1,-2],[4,0],[7,-4],[2,-4],[-3,0],[-3,1],[-2,-4],[-3,1],[1,-3],[2,-5],[7,0],[4,-1],[7,-7],[3,0],[5,-2],[4,-2],[0,-2],[3,-1],[-3,-1],[0,-4],[6,-2],[2,-4],[-5,-1],[0,-3],[2,-3],[2,0],[0,-2],[-4,-1],[3,-2],[-2,-5],[-3,-4],[-3,-3],[-2,-6],[0,-4],[-4,-5],[-1,-5],[2,-2],[4,-7],[-1,-7],[6,-4],[1,-4],[2,-2],[5,-5],[5,-6],[11,-8],[8,-4],[7,-6],[7,-2],[6,-3],[2,1],[1,-2],[2,1],[11,0],[5,-1],[6,-3],[3,-1],[7,-4],[0,-2],[2,0],[0,-3],[2,-1],[1,-5],[-1,-1],[-2,-6],[-4,-5],[4,1],[6,-2],[2,-7],[1,-6],[-1,-5],[-2,-3],[-2,-10],[-1,-2],[-4,-3],[0,-3],[0,-1],[0,-5],[3,-2],[0,-4],[4,-2],[3,1],[4,-2],[7,-7],[-2,-2],[2,-3],[-2,0],[-6,0],[3,-4],[0,-2],[-2,-1],[-1,-3],[-3,-8],[0,-2],[-2,-4],[3,-4],[3,0],[3,-5],[-1,-3],[-3,-4],[-7,-1],[-3,-1],[-3,-1],[-5,-7],[-1,-10],[2,-6],[1,-5],[3,-3],[3,-8],[2,-2],[2,-5],[1,-5],[3,-3],[5,2],[1,-2],[-4,-4],[-2,-1],[4,-4],[0,-2],[-3,-5],[-2,-1],[0,-4],[3,-1],[0,-2],[-2,-2],[0,-3],[3,-2],[-1,-3],[-5,-8],[-1,-6],[1,-2],[4,-6],[0,-2],[4,-7],[1,-1],[2,-4],[-1,-3],[5,-3],[1,-7],[5,-4],[5,-4],[2,-4],[5,-1],[1,-3],[-2,-3],[0,-2],[4,-2],[2,-3],[5,-3],[1,-3],[3,0],[2,-1],[2,0],[3,-2],[3,-4],[4,-2],[4,-5],[-2,-4],[-1,-5],[-2,-2],[0,-7],[-2,-3],[-3,-2],[-5,0],[4,-4],[4,-2],[0,-2],[2,-1],[7,-1],[6,-2],[5,1],[4,-2],[-1,-3],[2,-5],[4,-1],[0,-4],[6,-2],[1,-2],[4,-4],[4,-6],[0,-3],[-2,-3],[2,0],[2,-4],[-2,-4],[2,-1],[-1,-4],[1,-4],[-5,-2],[3,-6],[-2,-2],[1,-4],[3,-3],[0,-5],[2,-1],[3,5],[1,5],[5,3],[1,3],[2,10],[-1,4],[1,8],[1,0],[-3,4],[0,4],[-3,3],[-2,5],[0,6],[2,5],[-3,10],[1,4],[1,3],[-1,4],[1,6],[5,4],[1,3],[2,2],[1,4],[5,8],[8,1],[-1,3],[5,4],[-6,10],[-1,2],[-2,5],[-2,4],[0,6],[-1,2],[0,3],[-1,10],[2,4],[-2,2],[0,8],[2,3],[5,1],[6,3],[0,2],[3,3],[-1,6],[1,7],[1,3],[-4,4],[-1,5],[1,3],[3,2],[-1,3],[-1,8],[-3,3],[-1,3],[1,12],[3,5],[-4,3],[-2,8],[1,6],[1,5],[6,3],[2,6],[-1,2],[-1,4],[3,3],[4,2],[0,6],[5,1],[3,3],[-2,3],[-2,0],[2,4],[6,1],[-2,5],[1,5],[-2,3],[1,5],[4,2],[3,6],[0,2],[6,7],[0,3],[-1,2],[-3,4],[-2,1],[-1,3],[-3,0],[-2,2],[-5,5],[-2,3],[-3,1],[-1,3],[-4,3],[-1,4],[-6,3],[-4,3],[-1,3],[-3,2],[-5,1],[-1,3],[-3,1],[-1,2],[0,4],[-3,4],[-3,0],[-6,4],[-5,4],[-1,3],[-2,1],[-4,6],[-1,3],[-3,4],[-4,3],[-4,8],[-2,4],[-1,0],[-1,-2],[-7,5],[1,5],[-3,3],[-1,3],[3,2],[5,-1],[4,-5],[3,-3],[4,-3],[0,-2],[3,0],[-1,-2],[2,-1],[-2,-3],[5,-4],[4,3],[3,0],[-1,2],[2,3],[3,-1],[-3,3],[0,3],[-2,1],[-1,-2],[-2,-1],[-3,2],[-3,0],[-1,3],[1,5],[3,4],[4,2],[1,7],[2,2],[-1,3],[-4,2],[3,5],[4,0],[-2,3],[6,4],[3,2],[1,-1],[3,1],[6,1],[3,0],[4,-2],[7,-1],[3,-6],[8,-2],[4,0],[10,-5],[3,-3],[3,-5],[5,-5],[5,2],[-3,2],[-2,0],[-3,3],[0,3],[3,2],[5,-3],[3,-1],[2,2],[0,-2],[-6,-1],[-3,3],[-1,-1],[4,-4],[3,-1],[3,-4],[-1,-6],[1,-2],[1,0],[0,-2],[4,-5],[3,-6],[4,-4],[4,-2],[7,-6],[5,-2],[2,-2],[-1,-6],[-2,-2],[-1,-2],[-3,-2],[-6,0],[-3,-2],[0,-1],[3,-3],[3,-2],[0,-2],[-4,-3],[1,-4],[9,-4],[1,-4],[4,-3],[4,0],[5,-2],[0,-1],[10,-1],[4,-2],[7,1],[2,-1],[5,0],[5,2],[5,1],[2,3],[-4,3],[1,3],[-1,4],[-3,1],[2,9],[-1,2],[0,12],[-1,3],[-7,4],[-1,0],[-14,13],[-6,1],[-10,5],[-3,2],[-9,5],[-3,3],[-1,3],[-2,4],[-6,7],[0,2],[3,4],[7,0],[11,3],[4,3],[1,5],[1,9],[5,11],[5,7],[5,4],[3,5],[3,3],[7,4],[5,1],[6,-2],[4,0],[4,-3],[3,-1],[5,-4],[6,0],[5,1],[4,-1],[3,1],[5,-1],[6,-1],[8,1],[2,2],[4,4],[6,2],[3,-1],[6,1],[9,-3],[0,-1],[8,1],[4,-1],[1,-2],[3,1],[4,-1],[3,-1],[1,3],[-1,2],[-4,4],[-3,0],[-2,1],[-3,5],[2,11],[2,1],[1,4],[2,1],[0,2],[-2,2],[2,2],[-2,1],[0,3],[2,4],[2,2],[3,1],[6,0],[4,-1],[6,3],[-1,1],[-4,2],[0,2],[-3,7],[0,3],[5,4],[6,1],[2,6],[-2,2],[2,3],[4,4],[6,4],[3,0],[8,-4],[-1,3],[4,4],[5,2],[3,-1],[4,0],[-1,5],[0,7],[2,3],[2,1],[9,-1],[2,1],[-2,3],[-4,8],[-1,3],[1,7],[3,5],[2,2],[4,-1],[3,1],[0,1],[-5,7],[2,4],[0,4],[3,2],[11,1],[4,-3],[5,-1],[4,-2],[1,6],[6,6],[3,4],[-1,2],[-6,4],[10,5],[0,3],[5,1],[7,7],[0,1],[4,3],[3,6],[4,1],[4,9],[2,4],[-1,3],[-2,2],[-6,0],[-3,-2],[-6,-1],[0,-1],[-5,-1],[-1,3],[-5,-1],[-3,0],[-2,-3],[-3,1],[-5,5],[-4,1],[-1,3],[-2,1],[-2,4],[-1,5],[3,4],[5,2],[-5,1],[5,1],[5,1],[5,0],[-1,1],[1,4],[-2,5],[-5,3],[-4,1],[-4,2],[-1,2],[4,4],[0,3],[-3,2],[2,4],[-2,3],[6,5],[3,3],[1,2],[3,2],[8,1],[2,3],[-3,3],[-2,1],[-16,-1],[-3,2],[-4,4],[-1,5],[0,7],[2,6],[4,8],[4,2],[9,1],[11,-1],[4,1],[6,0],[5,1],[2,5],[0,4],[-2,0],[0,3],[2,2],[2,4],[-2,2],[-3,1],[5,2],[0,3],[0,12],[0,4],[-3,7],[-2,4],[-6,8],[-1,2],[-3,11],[-2,4],[-5,1],[0,4],[5,0],[1,4],[-2,1],[-7,3],[-3,-2],[-4,0],[-5,3],[-2,4],[0,4],[3,3],[0,5],[-1,4],[3,3],[3,1],[7,-3],[3,-1],[0,8],[-2,3],[-2,1],[-4,-2],[-4,0],[-4,3],[0,3],[-2,0],[-3,2],[-2,5],[-2,2],[5,6],[1,6],[-4,7],[2,0],[3,6],[-4,0],[-4,4],[1,2],[3,3],[-3,9],[3,4],[4,2],[-2,2],[2,2],[4,-1],[0,4],[-1,0],[4,3],[-1,-4],[1,-2],[2,2],[0,2],[2,2],[-3,2],[-6,-1],[0,-5],[-4,4],[1,2],[-1,2],[5,3],[-4,2],[-1,-2],[-10,2],[-2,2],[-3,0],[-9,4],[-6,-3],[-2,0],[-4,-2],[-1,0],[-1,4],[-5,-2],[-5,0],[-7,3],[-6,3],[-9,8],[-11,9],[-8,8],[-6,7],[-2,1],[-2,-2],[0,7],[-4,4],[-1,2],[-3,3],[-3,1],[-7,0],[-2,-1],[-8,1],[-6,4],[-1,3],[3,3],[-3,1],[-4,1],[-9,0],[-13,1],[-5,1],[-3,-1],[-2,3],[1,3],[-3,2],[-4,2],[-2,6],[0,3],[8,2],[2,3],[-1,0],[0,5],[-5,-1],[-1,1],[0,3],[-3,1],[-4,2],[-5,1],[-4,3],[-1,3],[4,2],[-1,1],[3,1],[0,3],[-4,1],[-2,1],[0,6],[1,2],[4,3],[4,4]],[[11782,2388],[4,3],[-3,-1],[-1,-2]],[[11661,1603],[-1,-1],[4,-4],[4,-3],[5,-3],[6,-1],[0,2],[-6,5],[-1,2],[-3,1],[-3,2],[-5,0]],[[11564,2470],[-7,-1],[-2,2],[0,3],[-5,-1],[-12,-5],[-18,-4],[-15,-8],[-9,-4],[-3,0],[-4,-4],[-5,0],[-3,-2],[-4,1],[-2,-1],[1,-3],[-2,-1],[-7,-6],[-13,-8],[-6,-2],[-5,1],[-12,6],[-12,4],[-4,2],[-5,3],[-5,4],[-4,5],[-5,9],[-2,5],[-1,7],[-2,4],[-50,0],[-17,1],[-2,-10],[8,-16],[-6,-12],[-10,-13],[-14,1],[-10,3],[-13,9],[-5,5],[-6,9],[-24,1],[-21,1],[-7,-10],[-13,-6],[-9,3],[-5,4],[-3,6],[-7,6],[-8,6],[1,3],[-1,5],[0,3],[-72,0],[-17,0]],[[11252,2014],[2,-1],[1,2],[3,0],[2,-1],[6,-1],[0,-5],[3,-4],[0,-6],[-2,0],[-3,-8],[-2,0],[1,-2],[-1,-3],[-2,-1],[0,-6],[2,-10],[-2,-1],[2,-5],[-3,0],[-5,-4],[1,-5],[-1,-4],[1,-2],[-1,-2],[0,-5],[-1,-1],[-1,-3],[1,-4],[3,-3],[4,-4],[3,-5],[3,-3],[3,-1],[5,0],[3,-4],[0,-2],[2,-2],[2,-4],[2,1],[2,-2],[2,-3],[-2,-2],[-1,-3],[1,-3],[-1,-1],[4,-5],[-1,-2],[4,-3],[0,-1],[6,-3],[1,-2],[3,0],[3,-2],[2,-2],[-2,-6],[-1,-3],[0,-3],[-4,-10],[2,-2],[-1,-3],[-3,-1],[4,-5],[8,-6],[2,-2],[4,-7],[4,-3],[6,-3],[9,-1],[5,-1],[9,-4],[2,-4],[6,-2]],[[11254,1959],[5,3],[-3,1],[-2,-1],[0,-3]],[[11246,1946],[3,8],[0,3],[-3,1],[-1,0],[0,-3],[-2,-5],[1,-2],[2,-2]],[[10745,712],[1,-1],[3,0],[0,2],[7,-1],[2,-2],[0,-2],[-2,-5],[4,-1],[6,5],[1,1],[6,1],[7,2],[4,1],[3,-1],[2,-2],[2,2],[4,0],[3,-5],[4,-1],[7,2],[1,-1],[3,0],[1,1],[8,2],[4,0],[2,3],[6,2],[2,1],[4,0],[1,7],[4,1],[4,6],[7,6],[0,3],[0,4],[2,2],[5,-1],[6,5],[-1,4],[-2,0],[1,4],[2,1],[4,-1],[3,3],[2,4],[4,3],[4,3],[5,7],[1,4],[6,4],[1,3],[4,4],[2,2],[2,3],[-1,4],[2,5],[10,5],[4,0],[0,9],[2,4],[2,1],[0,3],[1,3],[2,1],[0,3],[7,9],[4,2],[4,1],[5,8],[5,2],[4,7],[3,2],[5,6],[4,3],[10,3],[4,3],[3,1],[-1,6],[2,4],[3,2],[8,3],[4,8],[6,5],[2,1],[8,3],[1,6],[3,5],[4,2],[7,5],[9,1],[2,1],[1,4],[3,4],[0,4],[2,4],[3,2],[6,1],[2,1],[2,8],[6,6],[7,0],[3,0],[1,5],[1,9],[1,6],[2,2],[6,3],[3,4],[3,1],[4,4],[1,2],[2,2],[1,5],[3,6],[0,8],[1,2],[3,1],[-1,3],[1,4],[-1,3],[3,4],[5,1],[0,8],[2,1],[-1,4],[-2,3],[0,3],[2,1],[-2,4],[1,13],[4,10],[3,5],[6,3],[1,3],[-3,3],[2,4],[-6,1],[-4,4],[-1,6],[1,6],[3,6],[1,2],[2,4],[0,2],[1,3],[0,7],[1,1],[-1,3],[-2,1],[-3,5],[-2,2],[0,4],[-1,5],[-1,1],[0,5],[1,5],[-5,5],[0,4],[-3,3],[-3,7],[-3,4],[-2,2],[-2,3],[-5,3],[-6,1],[-2,2],[-2,5],[2,6],[-4,2],[-1,3],[-5,5],[-1,4],[-4,2],[0,4],[2,2],[-2,7],[-3,2],[0,4],[-2,5],[-3,4],[-2,5],[-7,4],[-1,3],[2,5],[0,2],[-9,9],[-6,5],[-4,4],[-1,2],[2,6],[0,5],[-2,4],[-3,2],[-7,4],[-6,7],[-4,2],[-10,3],[-5,3],[0,2],[-1,5],[1,3],[0,7],[4,8],[0,5],[3,7],[5,5],[-2,4],[-5,0],[1,-4],[-2,-1],[1,-3],[-4,-2],[-4,1],[-2,3],[0,2],[-5,-1],[-5,4],[-1,0],[-3,4],[4,0],[0,3],[3,2],[3,-1],[3,2],[3,-1],[3,1],[-2,1],[-6,2],[-6,0],[-3,1],[0,2],[3,2],[-2,1],[1,2],[-6,1],[-10,2],[2,-2],[-2,-1],[-2,-2],[-5,-1],[-7,1],[-3,2],[2,-3],[-1,-3],[-4,-3],[-4,-1],[-3,1],[-2,2],[-1,4],[-1,4],[0,4],[-4,3],[-1,2],[0,4],[3,3],[3,1],[-2,1],[-3,1],[-2,-1],[-4,-1],[-4,1],[-4,3],[-2,3],[-7,1],[-6,2],[-4,3],[-2,4],[-1,3],[4,3],[2,5],[0,3],[-6,-3],[-6,0],[0,-1],[-3,0],[-6,2],[-4,4],[0,3],[-2,4],[-2,-1],[-4,-1],[-4,1],[-7,7],[-9,6],[-1,3],[-8,-1],[3,-2],[-2,-3],[4,-2],[0,-3],[-2,-1],[1,-2],[6,0],[9,-5],[5,-3],[2,-3],[2,-2],[0,-4],[-5,1],[-1,-2],[4,-2],[-2,-2],[0,-1],[-4,-1]],[[10832,1374],[-4,-3],[1,-42],[12,-19],[6,-9],[3,-7],[0,-24],[1,-10],[7,-1],[8,0],[9,0],[3,-8],[20,-11],[5,-15],[7,-13],[8,-10],[10,-10],[-2,-16],[5,-34],[-1,-8],[6,-10],[9,-14],[11,-7],[4,-10],[-3,-7],[4,-10],[-7,-14],[-13,-16],[-4,-11],[-10,-13],[-9,-42],[-5,-4],[-8,-17],[2,-3],[1,-5],[-1,-5],[1,-5],[3,-4],[-2,-9],[1,-3],[-5,-11],[1,-4],[1,-2],[-5,-7],[-1,-4],[-3,-4],[-4,0],[-3,-1],[-2,-9],[-6,-14],[-12,-14],[-18,-28],[-30,-34],[-5,-13],[2,-9],[-22,-13],[-5,-5],[-4,-1],[-6,-5],[-8,-4],[-5,0],[-10,-3],[-3,-7],[-3,0],[2,-3],[-2,-2],[-1,-2],[3,-1],[-3,-4],[-2,-7],[-3,1],[-3,-3]],[[10913,673],[-2,0],[1,-3],[3,1],[-2,2]],[[10884,617],[0,-2],[-2,0],[-2,1],[-4,0],[2,-4],[2,0],[6,-2],[1,-2],[-3,2],[-5,0],[0,-1],[3,0],[-1,-2],[3,0],[2,-1],[1,1],[0,-2],[1,-3],[2,0],[1,-3],[-2,-3],[0,-6],[-1,-3],[2,-3],[6,-2],[6,3],[5,8],[1,3],[2,1],[1,2],[4,5],[2,5],[-1,3],[-5,-2],[2,2],[1,4],[1,1],[2,3],[2,1],[1,12],[2,4],[-1,2],[2,0],[-1,5],[-3,2],[1,3],[-4,4],[-2,0],[-4,3],[-8,3],[-5,-1],[0,-1],[-3,-4],[0,-4],[-2,-1],[2,-1],[5,-1],[2,1],[-2,-4],[2,-2],[3,-1],[1,-3],[-1,1],[-3,-1],[-3,-1],[1,4],[-3,3],[0,2],[-5,0],[-4,-4],[-6,-2],[-3,-2],[2,-1],[0,-2],[3,-2],[0,-1],[5,-1],[4,1],[1,3],[2,-3],[3,-1],[-1,-2],[-4,1],[-5,-3],[-8,0],[-1,-2],[0,-3],[5,-1],[-1,0],[1,-3]],[[10761,580],[8,-2],[4,3],[3,-1],[3,-5],[2,-1],[-2,-3],[-2,-1],[2,-3],[1,2],[1,-1],[5,-1],[2,1],[2,-2],[5,0],[3,1],[2,-1],[4,1],[0,2],[5,0],[2,2],[7,1],[14,0],[2,2],[4,-6],[0,-2],[6,0],[2,-1],[4,2],[-1,1],[4,4],[-2,1],[-1,3],[1,2],[-1,2],[2,2],[-2,2],[2,1],[-3,4],[-2,4],[4,1],[-2,2],[3,0],[-1,6],[3,0],[1,2],[-2,2],[-2,-1],[0,2],[-8,1],[-2,2],[-1,-1],[-3,1],[-1,4],[-4,-1],[-4,2],[-3,-1],[-2,3],[0,-1],[-5,0],[0,-1],[-8,0],[-4,-3],[-3,1],[-1,-1],[-6,-1],[-4,-4],[-4,-2],[-3,-5],[-5,-3],[0,-3],[-4,-2],[1,-1],[-3,-1],[3,-2],[-3,-3],[-4,-1],[-2,-1],[-11,0],[4,-3]],[[10243,2129],[-3,1],[1,2],[-3,2],[2,2],[-1,1],[-3,0],[-3,3],[3,1],[-3,1],[0,3],[-4,1],[-12,0],[-4,2],[2,3],[-3,1],[0,3],[3,1],[-1,2],[-3,1],[-2,-1],[-5,0],[-1,7],[-2,0],[0,3],[-3,1],[-1,-3],[-3,2],[1,2],[-4,2],[1,2],[-6,3],[0,3],[-9,-1],[-6,1],[-7,1],[-3,-1],[-2,2],[-6,-2],[-3,0],[-5,-1],[-5,1],[-5,-1],[-5,2],[-7,1],[-3,1],[-2,3],[-10,0],[-5,2],[-5,-1],[-4,2],[-2,0],[-54,4],[-11,4],[-50,17]],[[9977,2214],[-31,-86],[-5,-11],[-5,-48],[-22,0],[-11,-11]],[[9903,2058],[-4,-42],[-9,-1],[-4,0],[-17,-2],[-11,1]],[[9858,2014],[-2,-6],[-7,1],[-19,-43],[4,-7],[-3,0],[-3,-8],[-8,-29]],[[9820,1922],[35,-1],[1,1],[12,0],[-8,-9],[0,-1]],[[9860,1912],[7,-1],[3,1],[-1,5],[7,1],[3,-3],[9,1],[0,3],[7,3],[3,-3],[4,-1]],[[9902,1918],[3,-2],[3,2],[2,-2],[8,1],[0,-9],[7,0],[0,-7]],[[9925,1901],[15,0],[0,-7],[-8,1],[0,-6],[-7,-1],[-9,-13]],[[9916,1875],[16,0],[1,-4],[0,-11],[7,-1],[9,-2],[0,-3],[8,0],[0,-3],[12,0],[0,-9],[2,-19],[16,0],[0,-8],[-18,-32],[0,-10]],[[9969,1773],[4,-1],[1,4],[4,3],[4,1]],[[9982,1780],[1,2],[6,7],[14,5],[14,0],[3,4],[12,1],[1,3],[-1,5],[-3,4],[-19,0],[1,3],[1,9],[-3,0],[1,13],[-1,3],[13,-2],[-1,-3],[1,-1],[-1,-12],[9,-3],[3,-1],[4,-5],[0,-2],[8,1],[7,-3],[5,0],[1,8],[4,0],[-3,13],[2,5],[3,7],[8,-1],[1,2],[5,0],[1,-2],[-1,-1],[2,-1],[2,-2],[-4,-6],[-3,0],[0,-5],[-2,-2],[1,-2],[-1,-1],[4,-3],[0,-2],[3,-5],[5,-1],[3,-4],[3,-2],[0,-4],[2,-2],[-21,0],[0,-10],[2,-2],[7,-4],[3,-5],[29,0],[0,11],[3,-1],[16,-10],[0,-6],[-5,0],[-1,-3],[1,-7],[11,0],[0,5],[5,0],[18,0]],[[10161,1765],[-6,2],[-3,2],[1,1],[3,3],[-2,3],[-5,1],[-3,2],[1,5],[1,4],[-3,0],[-6,-1],[-6,6]],[[10133,1793],[-1,-4],[-12,3],[-2,1],[0,4],[-8,-1],[0,10],[4,8],[11,-4],[6,-1],[1,-2],[3,-3]],[[10135,1804],[3,0],[3,-3],[3,-1]],[[10144,1800],[0,1],[1,6],[-8,9],[-8,4],[-19,4],[0,4],[3,9],[4,4],[4,8],[25,-10],[6,-2],[0,-1],[13,-4],[2,3],[13,-2]],[[10180,1833],[-2,4],[-3,0],[-3,-1],[-3,5],[3,1],[2,5],[-3,-1],[-6,1],[-2,-1],[-2,1],[1,3],[-2,2],[-8,2],[1,3],[-4,-1],[-2,1],[-5,-1],[-3,0],[0,3],[3,-1],[2,0],[-1,3],[-4,0]],[[10139,1861],[-15,0],[3,9],[-1,2],[3,3],[-7,4],[-4,5],[-4,1],[-2,2],[0,4],[2,1],[10,-2],[2,3],[-3,2],[-1,3],[5,2],[4,0],[6,0],[2,-2],[3,0],[1,-3],[7,0],[0,4],[-5,5],[-4,1],[2,2],[-3,-1],[0,2],[-3,0],[-2,3],[-4,0],[-3,-1],[-4,1],[1,3],[-4,1],[-3,3],[-3,-1],[-2,5],[16,4],[7,2],[5,3],[4,0],[9,4],[2,-3],[2,0],[0,3],[4,0],[2,-4],[-4,1],[1,-3],[2,-1],[2,-5],[-1,-2],[2,-1],[1,-3],[4,-3],[-8,-8],[0,-2],[6,-4],[1,-2],[-4,-3],[-3,2],[-3,1],[-3,0],[-1,-2],[5,-2],[1,-1],[-4,-4],[-4,-2],[2,-1],[0,-3]],[[10156,1883],[8,0],[8,-4]],[[10172,1879],[6,12],[1,5],[7,3],[2,1],[1,3],[0,5],[11,-5],[15,-3],[3,-3],[9,1],[1,-9],[0,-4],[4,-13],[-17,-7]],[[10215,1865],[1,-2],[3,-2],[1,-3],[4,-2],[2,1],[3,-1],[0,-3],[2,-1],[5,-1],[4,-3],[0,-6],[-2,-1],[-3,-1],[-6,6],[-4,0],[0,-4],[2,-5],[-1,-7],[2,-6],[-13,-10],[0,-8],[2,0],[27,-4],[0,1],[23,-7],[-4,-13],[2,-69],[-20,0],[1,-49],[2,0],[14,-11],[6,0],[1,-5],[-2,-2],[-6,-4],[0,-2],[-7,-5],[-7,0],[-1,-18],[19,-1],[-1,-16],[7,-1],[9,-1],[1,1],[14,-1],[0,5],[16,0],[17,-1],[0,-5],[4,0],[-1,-2],[35,2],[1,2],[13,-1],[-1,-1],[5,-2],[0,-2],[5,0],[2,1],[-7,-21],[3,1],[1,-2],[1,-5],[1,2],[3,-3],[0,-2],[4,-2],[-1,-3],[8,0],[0,2],[4,0],[6,-5],[-2,-1],[4,0],[3,-3],[4,0],[5,2],[1,-1],[3,2],[2,-1],[6,1],[1,0],[0,2],[3,0]],[[10444,1558],[0,17],[1,0],[42,10],[1,0]],[[10324,1977],[9,-1],[0,1],[17,-6],[-1,-19],[-1,-13],[1,-31],[-25,8],[-23,10],[-5,-24],[-6,-12],[2,-11],[4,-1],[-1,-4],[4,-1],[-4,-5],[-6,-10],[-10,-1],[-11,1],[-9,3],[-4,-1],[-1,-3],[-1,0],[-3,-3],[-5,0],[2,6],[3,4],[2,3],[3,4],[2,4],[5,9],[0,3],[-2,5],[-3,3],[-9,1],[1,2],[6,3],[5,7],[1,5],[-2,-2],[-3,2],[-5,5],[-5,1],[-4,1],[-13,-1],[-13,-3],[-10,4],[7,3],[1,1],[-1,12],[-2,-1],[-3,4],[-3,2],[2,2],[-3,2],[13,8],[12,1],[4,-1],[5,2],[9,-2],[10,-4],[24,-2],[-3,3],[-1,4],[2,1],[9,0],[7,2],[3,2],[-3,3],[-4,0],[-2,3],[7,1],[4,-3],[6,1],[0,1],[-4,6],[1,2],[4,-1],[4,2],[3,4],[3,1],[7,-2]],[[10327,1857],[2,-3],[3,-8],[-1,0],[-2,2],[-6,-1],[2,-2],[-5,2],[-5,-1],[-7,0],[2,8],[3,1],[11,8],[3,-6]],[[9908,1809],[14,4],[0,5],[-15,7],[-10,6]],[[9897,1831],[-7,-7],[-6,-5],[-1,-2],[1,-2]],[[9884,1815],[2,-1],[2,2],[4,2],[6,-3],[10,-6]],[[10007,1764],[7,-2],[2,-3],[6,-5],[2,-8],[33,1],[-2,21],[5,1],[1,8],[-4,2],[-5,0],[0,2],[-3,-2],[-4,1],[-2,3],[0,4],[-5,0],[-23,1],[-6,-14],[-5,-6]],[[10004,1768],[3,-1],[0,-3]],[[10539,1427],[-9,-15],[-82,1],[-9,0],[-12,4],[-24,11],[-15,2],[-14,5],[-19,9],[-10,-2],[-11,-5],[-13,-9],[-10,-5],[-10,-7],[-8,2],[-5,3],[-6,-4],[-7,4],[-10,6],[-10,7],[2,1],[-14,9],[-4,-5]],[[10239,1439],[0,0]],[[10239,1439],[-26,16],[-3,7],[-4,18],[-5,14],[-2,4],[-15,3],[-1,3],[-11,4],[-3,2],[-2,-8],[-9,-11],[-9,-11],[0,-9],[4,-7],[3,-6],[5,-6],[3,-5],[-18,-1],[-16,-5],[-4,0],[-3,-2],[-4,1],[-3,3],[-8,-5],[-5,3],[-4,2],[-3,2],[-2,6],[-4,1],[0,1],[-8,-2],[2,-2],[0,-6],[-8,-2],[-8,0],[-4,2],[0,-7],[-4,0],[1,-5],[0,-22],[0,-16],[-3,0],[0,-3],[3,-5],[1,-7],[2,-4],[-1,-5],[1,-4],[2,-4],[4,-3],[3,-4],[4,-5],[4,-8],[3,-1],[2,2],[6,1],[9,0],[9,-4],[8,-12],[1,-1],[6,-1],[2,-3],[5,-1],[0,-3],[-4,0],[0,-1],[1,-10],[-16,1],[-6,-1],[-27,8],[-4,-1],[-1,-2],[-3,0],[-2,-3],[-2,0],[3,-5],[0,-2],[-4,0],[-2,-2],[0,2],[-4,0],[-2,-1],[-2,-4],[-7,0],[-1,2],[-6,-1],[-1,-2],[-3,1],[-3,-1],[-1,-2],[-2,2],[-4,-2],[-1,-4],[-2,-1],[1,-3],[-2,-2],[-28,15],[-15,8],[-51,-14],[-20,-4],[2,-5],[-2,-1],[0,-3],[-51,-1],[-2,-2],[0,-3],[-17,0],[-1,-4],[-5,-3],[-1,-2],[-2,-2],[26,-1],[1,-43],[0,-14],[1,-19],[-1,-10]],[[9859,1176],[20,-3],[36,-11],[8,-2],[57,-21],[52,-18],[11,-5],[11,-4],[10,-3],[14,-4],[13,-5],[18,-7],[24,-9],[6,-1],[6,-2],[42,-14],[3,-1],[44,-15],[23,-7],[12,-4],[18,-5],[3,-1],[13,0],[39,0],[101,-1],[-1,21],[50,0],[0,-28],[-1,-12],[0,-17],[6,4],[5,-1],[6,-3],[7,3],[7,-1],[3,-3],[4,-1],[5,1],[3,-2],[1,-1]],[[10538,993],[2,2],[3,2],[5,4],[0,3],[-1,4],[1,2],[6,4],[1,2],[-1,3],[3,3],[4,3],[3,4],[1,5],[7,5],[3,1],[0,2],[2,5],[1,-1],[-2,6],[0,4],[4,2],[1,2],[-1,1],[3,4],[0,3],[2,2],[1,2],[3,1],[0,2],[-3,3],[2,2],[0,2],[2,1],[-3,2],[-1,6],[7,3],[-2,2],[6,4],[5,2],[5,0],[15,-1],[4,-3],[4,-1],[5,0],[4,1],[8,2],[2,-3],[2,0],[3,-2],[6,0],[0,1],[7,-1]],[[10667,1095],[3,2],[-1,7],[2,5],[-1,3],[-3,1],[3,4],[-3,0],[1,3],[-3,4],[6,2],[-1,2],[-5,0],[1,2],[0,7],[2,3],[2,2],[-1,3],[4,4],[0,1],[-4,1],[0,2],[2,3],[0,3],[-3,1],[0,2],[4,2],[0,4],[5,4],[2,0],[-1,4],[5,0],[0,4],[4,1],[2,3],[-3,0],[-2,1],[5,5],[-1,4],[6,3],[4,1],[-1,2],[2,4],[-7,0],[-1,2],[-5,0],[-3,1],[0,4],[-2,0],[0,2],[-3,0],[-1,3],[-25,5],[-3,1],[-3,4],[-2,0],[-2,2],[-3,1],[0,2],[-2,-1],[-7,3],[-3,4],[-3,0],[-3,5],[0,3],[-4,3],[-3,8],[-4,4],[-14,4],[1,7],[-39,16],[-47,-1],[9,15],[12,17],[15,23]],[[10444,1558],[-1,-16],[-36,-2],[-37,-10],[-14,-4],[-29,-9],[14,-16],[-21,-9],[-11,0],[-1,-4],[1,-1],[0,-6],[1,-2],[-1,-3],[3,-1],[0,-2],[-6,-5],[-9,-2],[-5,2]],[[10292,1468],[0,0]],[[10292,1468],[-5,-2],[-2,1],[-2,-1],[0,-2]],[[10283,1464],[0,0]],[[10283,1464],[-2,0],[0,-3],[-4,2],[-2,-1],[-3,2]],[[10272,1464],[0,0]],[[10272,1464],[-2,0]],[[10270,1464],[0,0]],[[10270,1464],[-2,3],[-2,0]],[[10266,1467],[0,0]],[[10266,1467],[0,0]],[[10266,1467],[0,0]],[[10266,1467],[-1,2],[-3,-1],[0,2],[-3,0],[-3,-2],[0,2],[-4,0],[-3,-4],[0,2],[-7,0],[0,1]],[[10242,1469],[0,0]],[[10242,1469],[0,0]],[[10242,1469],[0,0]],[[10242,1469],[0,1]],[[10242,1470],[-3,0],[-2,-3],[-1,1],[-7,-2],[-2,0],[0,4],[-5,8],[0,3],[2,0],[0,2],[3,6],[-1,-1],[-8,4],[2,2],[9,2],[-25,12],[8,8],[10,0],[7,0],[8,5],[-11,7],[-4,7],[3,3],[-7,3],[1,1],[-3,7],[-3,4],[-3,0],[-3,-1],[-2,1],[-8,5],[-10,10],[-2,2],[-16,25],[-6,11],[-2,8],[-7,-4],[-5,-3],[-6,-1],[-1,-3],[-3,-2],[-3,8],[-21,37],[-1,4],[2,2],[-4,4],[-16,5],[-5,0],[-7,3],[-4,5],[-7,-2],[-6,-4],[-3,0],[-12,-5],[-7,-5],[5,-11],[-22,0],[2,-13],[-1,-1],[2,-3],[0,-5],[-4,-3],[1,-2],[3,0],[2,-2],[-2,-3],[1,-4],[-3,-3],[-4,-1],[-1,-5],[2,-1],[0,-3]],[[10026,1593],[0,0]],[[10026,1593],[-14,0],[-8,0],[-9,-1],[-8,0],[1,-5],[-29,-1],[3,-8],[0,-3],[2,-1],[-1,-2],[1,-4],[2,-1],[0,-2],[-3,-5],[1,-4],[2,0],[0,-3],[-50,2],[-50,-2],[-131,-23],[-2,13],[-1,16],[8,13],[-36,2],[-18,-16],[-4,2],[-2,0],[-3,2],[-9,3],[-60,2],[-21,0]],[[9587,1567],[-29,0],[-12,-2],[-28,-1],[-22,-1]],[[9496,1563],[-5,-3],[-6,-3],[0,-1],[-5,-3],[-1,-7],[2,-7],[5,-7],[4,-6],[3,-2],[0,-2],[5,-6],[-3,1],[7,-12],[10,-17],[2,-6],[0,-4],[0,-6],[2,-7],[0,-7],[-4,-5],[-5,-2],[1,-2],[-2,0],[0,-2],[-1,-4],[-3,-3],[-2,-1],[-4,1],[3,-3],[-1,-5],[2,-1],[-1,-4],[5,4],[1,-2],[4,-3],[6,-2],[1,1],[9,-3],[0,-2],[-2,-3],[-4,0],[0,-1],[-6,-3],[-5,-2],[1,2],[-4,-4],[-2,0],[-1,3],[-3,1],[-3,0],[-1,1],[-3,1],[-3,-2],[-2,2],[1,-4],[-1,-1],[-4,0],[1,-5],[9,-3],[2,-1],[-1,-4],[-6,-1],[-1,-3],[3,-5],[3,-2],[1,2],[3,0],[3,-4],[-2,-3],[3,-1],[1,-4],[-2,-2],[1,-2],[-1,-1],[-5,-1],[3,-4],[3,3],[2,-6],[0,-10],[-2,2],[-3,0],[-3,3],[-3,1],[-2,-2],[4,-6],[5,0],[4,-3],[2,-2],[2,-5],[-2,-3],[-1,-2],[-5,-2],[-1,-1],[6,-1],[3,-4],[0,-3],[5,-1],[0,-6],[-3,-1],[1,-2],[4,-4],[1,-5],[4,-2],[-2,-4],[2,-2],[0,2],[4,2],[3,-1],[0,3],[-3,2],[1,2],[3,0],[0,3],[4,1],[1,-1],[7,-3],[4,-5],[1,-3],[0,-4],[-2,-2],[3,-3],[-1,-2],[6,-4],[6,-9],[3,-6],[3,-5],[6,-5],[1,-3],[6,-3],[12,-8],[3,-4],[6,-4],[3,-5],[8,-1],[4,-3],[3,-5],[2,-2],[1,2],[3,1],[5,-1],[2,-1],[0,-4],[3,-5],[-1,-6],[3,-4],[5,-5],[3,-7],[-2,-5],[1,-3],[4,-6],[6,-3],[4,-1],[14,-6],[3,-1],[6,-3],[7,-5],[8,-8],[8,-5],[1,-2],[6,-2],[10,-4],[1,-2],[5,0],[1,2],[6,1],[3,1],[9,-5],[1,-3],[12,-5],[24,-19],[11,0],[6,1],[7,2],[6,0],[10,-2]],[[9818,1109],[1,1],[1,2],[2,4],[-1,3],[1,3],[-2,1],[2,2],[-1,2],[2,1],[6,6],[0,2],[5,2],[6,5],[2,2],[0,4],[4,2],[0,2],[13,19],[0,4]],[[10667,1095],[5,1],[8,-2],[7,-1],[2,-2],[4,-1],[5,-3],[3,-1],[2,-3],[3,-9],[2,-1],[-1,-3],[-5,-3],[-1,-2],[3,-1],[4,-5],[0,-1],[2,-6],[-3,-1],[0,-6],[5,-6],[4,-3],[2,-3],[0,-2],[-1,-3],[1,-3],[-1,-1],[2,-3],[1,-6],[1,-3],[-2,-1],[1,-2],[-3,-4],[-5,-3],[1,-3],[-6,-8],[-8,-6],[-4,-7],[1,-4],[0,-2],[4,-1],[1,-6],[-8,0],[-5,2],[-4,-2],[-7,-4],[-6,-2],[-4,-2],[1,-4],[-1,-4],[-8,-2],[-6,0],[-9,-6],[7,-5],[2,-5],[-1,-7],[-2,-3],[-3,0],[-1,-2],[0,-3],[-1,-2],[-4,-1],[-2,-5],[-3,-1],[1,-5],[-2,-3],[-4,0],[-8,2],[-8,6],[-2,1],[-3,-5],[-3,-1],[0,-5],[1,-3],[-3,-4],[1,-4],[1,-8],[2,-2],[3,0],[6,-2],[3,-3],[0,-7],[-2,0],[0,-2],[-3,1],[-1,-2],[13,-3],[0,2],[3,1],[10,0],[5,-3],[6,-6],[4,-9],[4,-10],[-1,-4],[17,-13],[4,0],[6,0],[9,-2],[3,2],[4,-1],[3,-2],[4,-4],[3,-4],[4,-3],[6,-10],[0,-3],[2,-6],[2,-3],[2,-4],[4,-3],[3,-7],[2,-7],[0,-3],[-1,-3],[-2,-1],[-6,-6],[0,-5],[-3,-6],[-4,-3],[2,-3],[0,-7],[5,0],[8,-3],[3,-1],[6,-6]],[[9818,1109],[9,-5],[6,-4],[0,-1],[7,-1],[2,-2],[3,-4],[6,-1],[2,2],[4,0],[4,-1],[10,-1],[6,-2],[5,-3],[6,-4],[14,-8],[5,-5],[13,-4],[7,-2],[12,-6],[6,-3],[12,-6],[13,-7],[4,0],[10,-2],[10,-1],[13,0],[13,-1],[5,-1],[11,-5],[5,-5],[2,-5],[1,-2],[5,-2],[1,-2],[7,-1],[3,2],[7,-1],[3,0],[12,0],[8,-2],[7,-6],[2,-4],[6,-3],[4,-1],[13,-5],[10,-1],[7,-2],[6,-3],[3,-2],[4,-1],[12,-5],[10,-4],[10,-2],[14,-2],[6,-1],[8,-2],[10,-5],[19,-5],[5,-2],[10,-5],[8,-7],[3,0],[5,-2],[4,-1],[7,1],[5,-1],[4,-2],[8,-1],[7,1],[10,-2],[4,-1],[9,-4],[8,-2],[2,0],[9,-1],[6,-2],[8,-4],[5,1],[10,0],[4,-1],[6,-3],[8,-1],[11,4],[10,1],[10,-1],[4,0],[5,-1],[7,-3],[3,1],[2,-1],[8,-1],[5,0],[12,-2],[6,1],[3,0],[6,2],[5,1],[3,-1],[7,1],[5,1],[7,5],[3,4],[4,3],[-4,4],[-2,0],[-5,6],[0,4],[2,2],[2,4],[3,2],[6,2],[5,3],[3,0],[2,7],[-2,1],[-3,4],[-1,5],[2,1],[1,4],[1,5],[4,5],[2,0]],[[6535,7293],[-3,0],[0,2],[-4,0],[1,-2],[-3,0],[-1,1],[-2,0],[1,-2],[-11,0],[-3,-1],[-2,2],[-2,0],[-4,-2]],[[6502,7291],[-4,0],[-12,0],[1,-2],[4,-1],[12,0],[1,-3],[-2,1],[-4,1],[1,-6],[2,-1],[0,-4],[3,0],[1,-9],[-4,-1],[-8,8],[-2,-1],[4,-4],[4,-2],[-12,-2],[1,-3],[12,2],[11,0],[1,-1],[-7,0],[-7,-3],[5,-5],[4,6],[2,-1],[-2,-4],[3,1],[-4,-3],[4,3],[5,-3],[-2,-3],[4,3],[-1,-2],[1,-2],[2,0],[2,-1],[2,-1],[6,-9],[0,-2]],[[6529,7237],[2,-1],[11,2],[17,13],[1,0]],[[6560,7251],[0,1],[4,4],[1,2],[3,2],[1,2],[-3,4],[-5,3],[-27,16],[2,7],[-1,1]],[[6640,7386],[0,-2],[-4,-1],[-4,-2],[-5,0],[-1,-5],[-4,-4],[-3,-1],[0,-2],[-3,-1],[-2,0],[-5,-1],[0,2],[-8,1],[-7,-1],[-11,0],[-1,0]],[[6582,7369],[0,0]],[[6582,7369],[0,-3],[-2,-1],[-4,0],[-2,-3],[-3,1],[0,-3],[-5,-1],[2,-2],[-2,-1],[-3,1],[-1,-3],[-5,-1],[-1,-2],[2,-2],[-1,-3],[5,-2],[-2,-2],[1,-3],[6,-5],[-2,-2],[0,-3],[-4,-1],[-3,-3],[-7,-6],[-2,-1],[-3,-4],[-3,-1],[-1,-5]],[[6542,7308],[0,0]],[[6542,7308],[-2,-3],[-1,-3],[-2,-1],[-2,-6],[2,-2],[-2,0]],[[6560,7251],[9,-4],[7,-4],[3,-1],[6,1],[6,0],[5,-2],[4,0],[4,-3],[4,-1],[-2,-6],[2,1]],[[6608,7232],[0,0]],[[6608,7232],[4,0],[5,-2],[-1,-2],[2,-1],[4,1],[7,0],[0,-2],[6,1],[2,-4],[3,-3],[3,-1],[1,-2]],[[6452,7339],[1,-1],[12,-7],[6,-4],[2,-4],[3,-2],[0,-1],[8,-7],[6,-6],[3,-3],[-1,-4],[6,-7],[4,-2]],[[6529,7237],[-7,-3],[4,-9],[-4,-1],[1,-17],[-2,-3],[-3,-4],[3,-2],[12,-3],[-2,-5],[-2,-2],[-4,0],[1,3],[6,4],[-4,1],[-3,-1],[1,-1],[-1,-5],[-4,-1],[-5,-8],[6,5],[1,3],[3,-1],[-1,-2],[-3,-4],[-8,-5]],[[6599,7105],[1,2],[-3,1],[0,3],[-2,0],[0,5],[-1,0],[-1,4],[0,7],[2,4],[-1,1],[0,6],[0,9],[2,3],[0,3],[0,9],[3,8],[2,1],[3,7],[0,7],[1,0],[3,10],[3,3],[14,-1],[4,2],[4,6],[1,4],[3,1],[5,4],[1,-3]],[[6651,9505],[-2,39],[-1,8],[-7,22],[-3,9],[-2,11],[-4,8],[-5,6],[-3,7],[-5,4],[-5,2],[-12,2],[-5,-1],[-9,-2],[-9,-1],[-17,0],[-8,2],[-5,2],[-3,4],[-2,10],[-1,26],[-5,16],[-3,5],[-4,5],[-3,2],[-12,3],[-11,6],[-4,3],[-11,1],[-6,3],[-8,7]],[[6353,9132],[22,7],[25,5],[16,1],[13,0],[8,1],[13,11],[6,5],[1,14],[0,12]],[[6457,9188],[1,4],[4,4],[1,6],[8,4],[1,2],[-2,6],[5,7],[8,16],[3,3],[3,2],[3,4],[5,4],[4,5],[3,12],[4,8],[6,4],[4,4],[8,3],[7,6],[2,6],[1,5],[-1,4],[1,4],[2,4],[5,7],[0,8],[-1,15],[-6,10],[0,4],[4,5],[3,3],[11,4],[17,5],[5,3],[4,5],[9,3],[12,4],[5,7],[1,2],[4,5],[3,1],[8,0],[12,0],[9,0],[6,4],[1,4],[2,5],[0,3],[0,4],[1,2],[3,2],[1,3],[-2,4],[-4,5],[-16,6],[-5,5],[1,6],[8,7],[-8,9],[-1,9],[2,6],[-1,5],[5,0],[8,3],[4,5],[3,2]],[[6475,8718],[-8,11],[-6,10],[-10,21],[-11,25],[-1,14],[1,23],[4,23],[-3,18],[-3,10],[1,5]],[[6439,8878],[-7,5],[-11,-1],[-4,2],[-5,3],[-8,6],[-1,9],[-4,2],[2,3],[-1,2],[-2,12],[1,2],[-2,8],[1,3],[-2,2],[-7,4],[-8,-1],[-7,-2],[-5,-1],[-9,-4],[-6,2],[-9,1],[-11,16]],[[7096,9065],[-16,0],[-45,0],[-17,0],[-69,-8],[-14,3],[-29,1],[-23,-7],[-31,-13],[-17,-7],[-14,-7],[-8,-2],[-16,-5],[-15,-8],[-16,0],[-14,-2],[-24,0],[-26,1],[-13,4],[-4,2],[-16,-2],[-12,-1],[-9,0],[-16,-2],[-16,-2],[-26,-6],[-15,-4],[-9,-3],[-14,-1],[-15,4],[-9,-4],[-12,-11],[-6,-9],[-3,-11],[-7,-12],[-9,-19],[-23,-17],[-1,-10],[-11,-20],[-17,-9]],[[6968,9511],[-4,-2],[-15,-17],[-34,-12],[-10,-7],[-21,9],[-50,2],[6,6],[-1,4],[-5,3],[-2,4],[-3,1],[-3,0],[-6,2],[-3,-1],[-5,1],[-10,0],[-2,-2],[-5,-5],[-4,-1],[-1,-1],[0,-7],[-2,-3],[-4,0],[-7,-2],[-5,-8],[0,-2],[-4,-3],[-11,-1],[-5,1],[-6,3],[-10,2],[-2,2],[-8,4],[-1,2],[-5,0],[-5,2],[-3,3],[0,4],[-2,1],[-4,1],[-4,-3],[-4,0],[-7,-2],[-6,0],[-2,3],[-1,6],[-3,1],[-7,-3],[-7,0],[-4,1],[-2,5],[-2,2],[-6,1]],[[6457,9188],[5,0],[6,-1],[20,-2],[5,-2],[27,0],[24,0],[29,-1],[22,-7],[15,-1],[14,-9],[2,-9],[3,-5],[12,-8],[15,-6],[16,-2],[27,-4],[10,0],[9,2],[5,-1],[15,2],[14,5],[11,1],[16,5],[5,3],[7,8],[3,5],[0,7],[3,5],[7,0],[6,2],[6,0],[6,1],[2,3],[0,4],[1,1],[3,1],[11,-2],[8,-5],[6,-3],[5,0],[5,1],[2,3],[5,0],[2,2],[3,5],[5,0],[1,2],[5,-1],[5,4],[7,1],[3,4],[4,0],[4,-1],[5,2],[3,1],[7,4],[6,6],[3,4],[6,3],[2,-2],[1,3],[2,0],[2,-2],[5,2],[4,-1],[3,2],[4,0],[9,1],[30,2],[15,1],[2,-3],[10,0],[2,1],[6,-3],[-2,-2],[1,-3],[6,2],[0,-4],[3,1],[6,-3],[2,0],[4,-3],[4,-2],[3,1]],[[11165,3439],[0,5],[-2,9],[-1,4],[0,4],[-1,6],[1,1],[-1,9],[-1,6],[-4,5],[-8,8],[-7,6],[-5,4],[-7,3],[-11,5],[-15,3],[-50,9],[-9,1],[-22,4],[-12,4],[-13,1],[-21,4]],[[10976,3540],[1,-2],[-2,-3],[-3,-3],[1,-3],[0,-3],[1,-5],[-2,-2],[3,-3],[0,-2],[3,1],[1,-3],[-3,-2],[2,-3],[-1,-2],[-4,-4],[-2,0],[-2,-4],[-2,0],[1,-7],[7,-4],[1,1],[5,0],[1,-1],[-3,-4],[-1,-9],[-4,-1],[-2,-3],[-1,1],[-2,0],[0,-5],[-1,-2],[-10,-1],[-2,-5],[-2,-1],[-4,1],[-4,-1],[7,-6],[-2,-2],[2,-9],[-4,0],[-4,2],[-2,5],[-1,2],[-1,4],[-1,1],[0,4],[-3,4],[-2,4],[0,4],[-3,3],[-3,4],[0,4],[-3,4],[0,4],[-2,3],[0,6],[-2,6],[-3,2],[0,3],[-3,3],[-3,4],[2,3],[-2,4],[1,3],[-5,7]],[[10909,3532],[-15,-6],[-16,-5]],[[10878,3521],[0,-1],[-3,-4],[2,-3],[-2,-6],[5,-2],[1,1],[4,-1],[2,-4],[1,-9],[0,-5],[-3,-2],[1,-4],[5,-2],[2,-3],[1,-8],[0,-3],[6,-2],[7,-5],[1,-5],[3,-5],[3,-2],[1,-1],[2,-8],[1,-2],[1,-3],[2,-4],[0,-3],[4,-2],[2,-2],[2,-7],[0,-11],[2,-1],[1,-4],[0,-4],[-1,-1],[-2,-6],[-1,-2],[2,-4],[-2,-2],[6,-1],[3,-4],[0,-3],[-2,-2],[0,-3],[3,-2],[3,-3],[3,0],[2,-2],[-2,-2],[2,-9],[7,-5],[0,-5],[-2,-6],[-2,-2],[-4,-5],[-2,-5],[0,-14],[0,-2],[2,-2],[3,-5],[-1,-4],[-3,-4],[4,-3],[0,-3],[4,-7],[1,-3],[3,-4],[0,-5],[1,-4],[2,0],[-2,-7],[-2,-6],[-4,-7],[-5,-7],[-4,-3],[-6,-4],[-1,-4],[3,-2],[2,-5],[2,-1],[3,1],[1,-1],[-2,-2],[2,-2],[-1,-2],[-3,2],[-7,-1],[-4,2],[-4,-1],[-12,-6],[-1,1],[-12,-6],[-6,-1],[-7,-3],[-7,0],[-15,-6],[-12,-5],[-6,0],[-6,2],[-7,2],[-6,1],[0,1],[-8,1],[-8,-1],[-7,-1],[-5,0],[-5,2],[-6,4],[-5,2],[-5,0],[-4,-1],[-7,-1],[-7,-2],[1,-3],[1,0],[-2,-2],[2,-5],[-2,1],[-3,-2],[1,-2],[-3,2],[-4,1],[3,1],[1,2],[2,0],[-1,6],[1,3],[-1,1],[-6,0],[-5,-1],[-2,1],[-6,1],[-4,-1],[-8,0],[-4,1],[-7,-2],[-6,1],[-3,1],[-7,6],[-3,0],[-6,5],[0,3],[-4,0],[-1,2],[-2,4],[-3,3],[-8,2],[-1,1],[-5,1],[-2,5],[1,4],[-4,6],[-7,6],[1,2],[-5,3],[0,2],[0,3],[0,6],[-3,7],[-6,3],[-4,-1]],[[10670,2999],[4,1],[5,5],[3,-1],[5,4],[5,0],[3,2],[10,2],[6,2],[4,0],[3,-2],[0,-2],[2,-1],[9,1],[15,5],[119,-1],[19,0],[0,-10],[16,0],[1,-13],[12,1],[27,-8],[6,0],[9,-2],[5,1],[4,-1],[2,1],[6,1],[3,-1],[5,0],[8,0],[0,-2],[4,-1],[4,4],[8,0],[52,0],[25,1],[9,1],[-2,18],[0,5],[7,-1],[-4,7],[-2,4],[-4,6],[-2,1],[-3,12],[-7,26],[-3,8],[0,8],[1,5],[-1,6],[-9,1],[-5,30],[2,6],[13,10],[7,3],[0,3],[-1,1],[6,2],[-3,2],[4,2],[-1,2],[3,2],[-2,2],[3,1],[5,-1],[2,2],[2,1],[0,-2],[2,-1],[4,1],[2,3],[4,-1],[-2,2],[10,2],[-1,2],[-3,0],[3,2],[0,-1],[4,2],[1,-2],[2,2],[-5,1],[3,4],[-2,1],[-1,4],[1,2],[-3,0],[-1,6],[2,4],[5,5],[34,41],[9,18],[4,10],[8,24],[8,24],[2,8],[-9,38],[-2,10]],[[11173,3369],[-1,6],[-2,8],[0,14],[-4,9],[-4,4],[0,4],[1,5],[-3,7],[0,7],[5,6]],[[10976,3540],[1,1]],[[11632,2477],[1,4],[4,4],[23,12],[-2,1],[-1,4],[-4,3],[0,3],[1,1],[5,0],[7,5],[-2,1],[2,2],[0,3],[-26,-1],[-1,12],[2,41],[-24,27],[-4,1],[-2,4],[-2,-2],[0,2],[-5,1],[-1,2],[-6,1],[-1,-1],[-4,3],[-3,-1],[3,3],[1,3],[-3,-2],[-3,0],[4,4],[-5,0],[-4,3],[-4,0],[2,4],[-3,0],[-2,1],[-2,-1],[-9,11],[-3,4],[27,15],[-17,11],[4,3],[29,18],[-41,13],[-31,12],[4,29],[-15,20],[-12,7],[-19,5],[-13,13],[-5,3],[6,8],[4,3],[-18,3],[-13,11],[-4,2],[-21,24],[0,5],[-1,2],[5,12],[1,5],[12,5],[-6,21],[-27,2],[0,21],[7,2],[27,22],[-11,13],[-8,11],[-19,25],[-7,9],[-18,19],[-8,22],[-5,17],[-7,15],[-17,14],[-20,13],[-4,4],[-8,9],[-3,14],[-4,19],[-3,35],[1,14],[1,11],[-3,19],[-3,18],[-18,33],[-25,34],[-63,50],[-1,10],[-18,5]],[[11297,3563],[-10,2],[-2,4],[6,6],[-2,3],[-2,1],[-1,-2],[-5,2],[0,5],[-6,6],[-11,3],[-4,2],[-8,0],[-6,0],[-8,4],[-6,-1],[-6,3],[-8,2],[0,1],[-10,1],[-3,2],[-7,-4],[-7,1],[-1,2],[-3,0],[0,-2],[-4,-1],[-2,1],[0,2],[-5,4],[-4,0],[-3,2],[-5,0],[-1,-1],[-6,2],[1,5],[-2,7],[2,3],[-1,4],[-2,-1],[1,-2],[-3,-4],[-3,0],[0,1],[-10,2],[-6,2],[-6,5],[-3,0],[-4,0],[-15,5],[-4,-1],[-5,1],[-2,-1],[-5,-1],[-9,1],[-13,3],[-8,3],[-4,3],[-4,1],[-5,5],[-2,3],[-4,-1],[-3,3],[-1,2],[-3,1],[-2,-2],[-3,2],[-1,2],[1,2],[-3,0],[-1,4],[0,3],[1,2],[-3,6],[-4,-1],[-1,2],[2,4],[1,1],[-1,4],[2,1],[5,0],[0,2],[-6,1],[0,2],[-3,1],[-5,5],[-1,4],[0,4],[2,1]],[[11014,3712],[2,2],[1,-3],[3,0],[-1,2],[4,2]],[[11023,3715],[0,1]],[[11023,3716],[1,0]],[[11024,3716],[5,0],[1,1],[1,5],[1,2],[0,5],[-4,3],[-3,1],[1,1],[2,0],[4,0],[4,2],[1,7],[2,4],[-4,1],[-5,2],[-4,-1],[-6,1],[-4,-2],[4,-3],[-4,-1],[0,3],[-2,0],[0,-6],[2,-2],[-2,-1],[2,-1],[-1,-1],[-4,2],[2,-3],[-1,-2],[-3,3],[-1,3],[-2,-4],[0,5],[-2,3],[-3,-1],[-7,1],[2,-9],[-1,2],[-3,2],[-2,-1],[-2,5],[3,2],[1,2],[4,3],[2,3],[-4,3],[-3,-2],[-1,-3],[-5,-2],[-4,0],[-4,1],[2,2],[-3,4],[3,-1]],[[10979,3754],[0,0]],[[10979,3754],[0,2],[-6,3],[-4,2],[-1,-2],[-3,2],[-2,-3],[-3,3]],[[10960,3761],[0,0]],[[10960,3761],[-3,0],[0,3],[-3,-1],[-1,-2],[-3,-2],[-5,-1],[-2,1],[-1,-1],[-13,0],[-2,4],[-3,-1],[-2,3],[-2,2],[0,2],[4,1],[2,2],[-7,6],[-5,0],[-2,0],[-6,1],[-4,3],[-4,0],[-1,1],[-8,0],[-7,3],[1,4],[0,2],[-4,3],[-4,3],[-4,1],[-1,2],[-4,1],[-5,-2],[3,-8],[1,-8],[0,-3],[-4,-5],[-7,-1],[-8,-7],[-11,-6],[-7,-1],[-1,-4],[-3,-6],[-1,-4],[0,-11],[-2,-5],[1,-9],[-1,-3],[1,-9],[0,-4],[-1,-6],[-2,-4],[0,-3],[2,-6],[0,-4],[-4,-3],[2,-6],[2,-5],[3,-11],[2,-4],[2,-8],[3,-5],[3,-8],[1,-5],[7,-14],[5,-7],[6,-17],[2,-5],[1,-6],[3,-9],[2,-6],[1,-9],[2,-3],[1,0],[6,-3],[2,-4],[0,-4],[-1,-5],[0,-2],[2,-1],[2,-4],[2,-1],[0,-6]],[[10909,3532],[4,1],[-1,1],[-5,6],[-3,3],[-2,5],[-1,3],[3,1],[-2,3],[-2,1],[2,4],[0,3],[-1,5],[-1,1],[-2,7],[1,3],[5,2],[0,2],[5,3],[4,-1],[1,1],[-3,2],[1,3],[2,2],[6,0],[0,-1],[7,-1],[6,-1],[1,1],[5,0],[4,-1],[7,0],[12,-4],[4,0],[3,-2],[6,-5],[-1,-2],[3,-2],[3,-1],[2,2],[4,-3],[1,2],[5,-2],[1,-4],[-3,-2],[-4,-1],[0,-4],[2,-2],[-7,-5],[2,-6],[-4,-4],[0,-4],[-2,0]],[[10976,3540],[0,0]],[[11165,3439],[88,78],[26,20],[0,4],[8,2],[5,-1],[1,2],[1,9],[0,3],[-2,2],[5,5]],[[11470,3973],[-5,-2],[-3,-3],[-6,-1],[-1,-3],[-3,-2],[1,-1],[-4,-5],[-3,0],[-3,-2],[-1,-2],[-3,-4],[-1,-2],[2,-3],[4,0],[2,-3],[-3,-1],[-3,-3],[0,-3],[4,1],[2,-2],[-6,-4],[-1,-2],[-7,-15],[-4,-1],[-6,-5],[-5,-6],[-4,-4],[-3,-1],[-1,-3],[-4,-4],[2,-2],[-3,1],[-7,-3],[-3,0],[-3,-2],[-1,-4],[-1,0],[-5,-5],[1,-3],[-2,-3],[3,-2],[-3,-3],[4,0],[-5,-5],[-3,0],[-3,-4],[1,-3],[-5,-6],[-1,-1],[1,-4],[4,-5],[5,-3],[5,-1],[1,-2],[-3,1],[-2,-2],[1,-2],[3,0],[-6,-4],[-6,0],[1,2],[-5,1],[0,-2],[-2,0],[-4,-4],[-2,0],[3,-4],[-2,0],[1,-3],[-4,-1],[2,-1],[5,0],[2,-2],[4,-1],[-3,-4],[9,1],[7,-1],[2,-4],[-2,1],[-3,-1],[1,-2],[0,-4],[5,0],[4,-1],[4,-6],[4,0],[1,-3],[-2,-1],[5,-3],[3,-3],[0,-3],[5,-2],[0,-4],[6,-3],[0,-5],[2,-1],[4,-5],[4,-3],[8,-3],[2,0],[2,-2],[5,4],[-2,5],[-5,-2],[-1,2],[-4,1],[-1,2],[5,3],[-2,2],[10,-4],[3,1],[7,-3],[3,-4],[3,-1],[1,2],[2,-2],[5,-1],[6,1],[7,-3],[3,1],[6,0],[7,-1],[3,-1],[6,0],[13,0],[0,3],[-2,4],[2,1],[4,0],[0,-2],[8,1],[1,1],[0,5],[4,4],[5,2],[11,3],[5,2],[4,0],[6,4],[-2,11],[2,4],[3,-1],[2,3],[-5,3],[-8,-3],[-2,-4],[-6,2],[5,2],[-3,0],[0,2],[3,0],[-1,4],[-4,1],[0,2],[-2,2],[-2,0],[-1,2],[2,2],[-3,3],[-1,3],[3,5],[-9,-1],[-3,-1],[-6,-1],[0,-3],[-2,1],[-1,2],[-5,3],[-2,3],[-3,1],[-2,-3],[-3,-1],[0,2],[2,1],[-1,2],[-4,0],[-3,1],[-1,-2],[-6,-2],[-1,1],[5,3],[2,3],[-1,4],[2,-1],[5,1],[2,1],[2,-1],[8,3],[0,4],[3,2],[0,2],[-2,4],[-3,3],[0,2],[-4,3],[0,3],[3,0],[1,9],[-2,2],[3,3],[-4,6],[-6,7],[-4,2],[1,1],[1,3],[-6,6],[1,7],[-1,4],[-4,4],[-2,3],[-4,4],[1,1],[-1,8],[-3,5],[-1,6],[-5,2],[-2,3],[-4,3],[-2,2],[2,11],[-1,1],[1,5],[0,5],[-4,3],[-3,2],[-3,0]],[[11332,3836],[1,2],[6,4],[2,5],[0,2],[-3,1],[3,0],[-1,3],[4,-3],[-2,-1],[0,-3],[2,-2],[9,3],[2,0],[2,3],[5,1],[4,5],[0,1],[4,3],[5,4],[3,1],[0,2],[5,2],[-1,4],[3,1],[4,4],[3,8],[-1,4],[-2,1],[-7,1],[3,5],[-1,2],[-5,3],[-1,-2],[0,-3],[3,-3],[-1,-1],[3,-4],[-1,-3],[3,0],[0,-2],[-4,2],[-2,-1],[-1,-2],[-4,-3],[-3,-2],[-7,1],[3,-2],[4,0],[-1,-2],[-3,-1],[-1,1],[-7,0],[-2,-2],[2,-3],[-3,0],[-5,-2],[1,-1],[-5,-6],[-6,0],[0,-2],[1,0],[5,-1],[-2,-1],[-8,1],[-1,-6],[-1,-1],[-10,-5],[0,-2],[-3,3],[-3,2],[1,-4],[-1,-3],[2,-2],[3,1],[3,-4],[1,0],[4,-1]],[[11369,3890],[0,3],[-4,-2],[4,-1]],[[11400,3891],[-2,-2],[1,-2],[2,3],[-1,1]],[[11344,3869],[3,-1],[1,-2],[1,2],[-2,1],[0,2],[3,-1],[-2,2],[-1,2],[6,1],[-3,0],[-1,2],[-2,-2],[-3,0],[0,-6]],[[10920,3870],[5,5],[-2,1],[-4,1],[-3,-4],[4,-3]],[[11225,3871],[2,1],[0,4],[-2,1],[-4,-6],[4,0]],[[11308,3870],[0,2],[-3,0],[3,-2]],[[10956,3848],[0,0]],[[10956,3848],[-2,2],[-3,0],[-4,2],[-1,2],[-3,0],[-2,4]],[[10941,3858],[-4,3],[4,1],[-4,1],[-1,2],[3,2],[-1,4],[-4,-1],[0,-4],[-1,-3],[1,-4],[3,-4],[-2,-3],[2,-3],[-4,-2],[1,-2],[6,-3],[8,-8],[5,0],[3,1],[2,-3],[2,-4],[5,0],[3,-1],[6,0],[4,3],[-5,3],[-4,0],[-1,3],[-4,3],[-3,2],[-2,0],[-3,1],[0,6]],[[11307,3851],[1,1],[5,0],[6,7],[0,2],[5,0],[-2,1],[-1,2],[-3,1],[-3,3],[-4,1],[-3,-2],[-1,-5],[-2,-3],[3,-1],[0,-3],[-3,-3],[2,-1]],[[10875,3861],[-2,3],[-1,2],[-5,2],[0,-4],[6,-1],[2,-2]],[[11016,3786],[5,3],[1,3],[3,3],[9,-1],[3,5],[2,-1],[0,3],[4,2],[6,-2],[5,1],[3,4],[2,-4],[3,-1],[3,4],[2,0],[6,-3],[7,1],[4,3],[6,1],[6,5],[2,2],[7,4],[0,2],[-5,2],[-3,2],[-3,-4],[-8,-1],[-5,0],[-4,0],[-1,4],[-3,3],[0,4],[-5,2],[-3,-1],[0,-3],[-2,0],[0,5],[3,1],[2,3],[-2,2],[-4,2],[-3,7],[1,5],[3,1],[0,7],[1,4],[-2,2],[-7,-1],[-3,-2],[-8,-1],[-2,-1],[3,-3],[-4,-5],[-3,-3],[-2,0],[0,-2],[-4,-2],[2,-2],[0,-3],[-4,1],[-2,-1],[-5,0],[-2,-2],[-1,-2],[2,-2],[0,-2],[-4,-9],[-2,-4],[-6,-1],[-1,0],[-5,-6],[-4,-3],[0,-5],[-2,-3],[1,-3],[3,-3],[2,3],[3,1],[0,3],[2,3],[2,1],[4,1],[3,-3],[-1,-2],[2,-2],[-3,-2],[-2,0],[-6,-2],[-2,-4],[1,-3],[3,1],[2,-1],[3,1],[0,-2],[-5,1],[1,-4],[5,-1]],[[11381,3866],[-3,-4],[5,1],[2,2],[-4,1]],[[11032,3864],[-3,-2],[-5,0],[-2,-3],[-3,0],[-5,2],[-4,-4],[0,-2],[-2,-1],[-7,2],[-4,3],[0,3],[-4,0],[-2,-3],[2,-1],[-1,-2],[-5,0],[-1,-2],[-4,-2],[5,-4],[0,-3],[-1,-3],[3,0],[1,5],[7,3],[0,2],[8,0],[-3,-5],[-4,-3],[-1,-4],[-1,-1],[1,-2],[3,-2],[2,-5],[-5,-8],[4,-2],[3,2],[0,4],[3,1],[1,4],[2,3],[-1,2],[2,1],[2,5],[4,2],[1,1],[-2,3],[4,1],[3,-3],[2,1],[6,0],[2,1],[-2,7],[-2,1],[1,4],[1,1],[1,3]],[[11318,3856],[0,-4],[1,2],[-1,2]],[[11350,3824],[4,-2],[2,-1],[5,-2],[4,1],[7,5],[4,1],[2,4],[0,2],[-5,3],[-4,6],[2,6],[-5,3],[-4,0],[-2,-3],[-3,2],[-1,-3],[-6,-1],[-1,-2],[-2,0],[-3,-3],[2,-3],[-3,1],[-3,-2],[0,-3],[-3,0],[1,-3],[6,-1],[3,-1],[0,-3],[3,-1]],[[11379,3830],[-1,-2],[3,0],[-2,2]],[[11378,3828],[2,-3],[2,2],[-4,1]],[[11381,3824],[-2,-2],[-3,0],[-1,-1],[4,-1],[5,3],[-3,1]],[[11132,3782],[-4,-5],[-4,0],[-4,0],[-4,3],[-2,-3],[1,-4],[2,-3],[0,-3],[3,-1],[-1,-9],[1,-1],[8,0],[1,-1],[2,2],[-2,1],[3,0],[4,-1],[1,-5],[0,-1],[5,-2],[2,1],[0,3],[-3,4],[3,2],[3,4],[3,3],[5,0],[2,3],[-1,2],[-5,-1],[-2,2],[0,3],[-2,0],[-5,-2],[-3,1],[-3,0],[-2,9],[3,3],[2,1],[-5,5],[-5,-1],[0,-4],[3,-1],[1,-2],[-1,-2]],[[11005,3779],[6,2],[-3,2],[-4,-1],[1,-3]],[[11052,3765],[0,0]],[[11052,3765],[3,4],[3,-1],[-2,-2],[4,0],[-1,-3],[-4,0],[-1,-2],[3,0],[6,-3],[4,3],[4,2],[-2,-5],[2,-1],[1,-4],[0,-3],[2,0],[2,2],[8,-1],[1,-1],[2,2],[-1,7],[-3,2],[-5,1],[-3,2],[-2,0],[0,2],[-3,2],[-1,3],[-3,1],[0,4],[-5,1],[-2,2],[-1,3],[-3,-1],[-5,-6],[-1,-3],[3,0],[2,-1],[2,3],[2,-3],[-7,-3],[1,-3]],[[11071,3777],[3,0],[0,3],[-5,-1],[2,-2]],[[10965,3768],[1,-1],[5,-1],[3,1],[3,0],[3,1],[-1,5],[-2,1],[-3,0],[-5,-2],[-3,-1],[-1,-3]],[[10958,3763],[1,0]],[[10959,3763],[1,0],[1,4],[-4,1],[-2,-1],[-1,-3],[4,-1]],[[10982,3759],[2,4],[-2,3],[-3,-1],[-4,1],[-4,-1],[-6,2],[-4,-1],[1,-4],[6,-1],[5,0],[6,-1],[1,1],[2,-2]],[[11052,3765],[0,0]],[[11052,3765],[-8,-1],[0,-3],[7,0],[1,4]],[[10946,3763],[-4,-1],[2,0],[2,1]],[[11046,3739],[2,0],[2,3],[2,3],[3,-1],[3,5],[4,4],[-1,5],[-5,2],[-3,-1],[-1,-2],[-1,3],[-4,-3],[0,-4],[-5,-4],[0,-8],[4,-2]],[[11037,3749],[1,2],[-4,3],[2,2],[-1,2],[-3,0],[-3,-2],[-3,1],[-5,-3],[-3,0],[0,-2],[-3,-1],[3,0],[2,1],[4,-2],[8,1],[5,-2]],[[10998,3754],[0,2],[-1,-1],[1,-1]],[[11041,3755],[-1,-2],[3,0],[-2,2]],[[11328,3625],[3,0],[9,-2],[1,2],[1,-2],[3,-2],[4,2],[-1,-3],[2,-1],[1,-5],[1,-1],[-8,-2],[6,-2],[3,1],[10,0],[8,4],[3,0],[4,10],[4,3],[0,4],[-2,2],[-1,6],[-2,4],[-1,6],[3,4],[0,2],[3,2],[3,0],[3,1],[1,4],[3,1],[1,2],[3,2],[2,3],[0,4],[-1,3],[2,2],[2,4],[-1,4],[-5,5],[3,4],[-2,2],[-5,1],[-2,0],[-4,2],[-2,-1],[0,-2],[-4,2],[-3,-1],[-5,3],[2,2],[-3,4],[3,-1],[0,5],[-1,1],[0,10],[-2,2],[4,9],[2,0],[0,-4],[-2,-1],[7,1],[0,1],[-3,4],[-3,0],[2,2],[-1,4],[-4,2],[-2,-4],[3,-2],[-2,-2],[-5,2],[-3,2],[-4,-2],[-2,0],[-5,-2],[-1,2],[2,2],[3,1],[0,1],[3,2],[-6,2],[-2,-1],[-3,0],[3,3],[4,1],[3,2],[-5,4],[-5,-2],[-2,2],[-3,0],[0,-2],[-5,-3],[-3,1],[-3,-2],[-2,1],[1,4],[-5,-3],[0,-3],[3,-2],[0,-2],[-5,-3],[1,-2],[4,-1],[0,-2],[3,-2],[1,-3],[-3,0],[-2,-1],[-3,0],[-6,-3],[0,-1],[4,-7],[0,-3],[4,-3],[5,1],[-2,2],[0,2],[3,-1],[4,-5],[-5,-1],[-3,-3],[0,-1],[4,-3],[0,-2],[-2,-4],[2,-1],[0,-2],[2,-2],[5,0],[-4,-2],[3,-1],[1,-3],[-1,-5],[0,-4],[-3,-2],[-3,0],[-6,3],[-2,0],[-4,-2],[0,-2],[-2,-3],[-2,-4],[-2,-1],[1,-2],[3,0],[4,-7],[-2,-4],[0,2],[-2,4],[-2,-1],[-3,3],[-1,-2],[-2,-1],[1,-2],[3,1],[4,-2],[-3,-2],[-3,2],[-1,-4],[-2,0],[1,4],[-3,-3],[-5,2],[1,-3],[-3,-2],[1,-4],[1,3],[4,-1],[3,3],[2,-2],[5,-1],[5,-2],[-1,2],[1,1],[3,-3],[-3,0],[2,-2],[2,-3],[-2,-1],[2,-4],[3,2],[-1,-3],[-2,-1],[-6,1],[5,-3],[0,-6],[3,0]],[[11095,3749],[-2,3],[-2,-1],[4,-2]],[[11113,3749],[-3,-2],[-4,-1],[-4,-2],[-5,-4],[3,1],[5,-1],[3,4],[3,-2],[-1,-4],[-1,-1],[5,1],[5,-2],[4,3],[-1,3],[-5,5],[-4,2]],[[11453,3745],[1,2],[-5,0],[-5,-5],[2,0],[5,0],[2,3]],[[11577,3744],[-3,-1],[-7,-2],[-6,0],[-2,-3],[4,-1],[7,0],[6,2],[2,2],[-1,3]],[[11060,3734],[2,1],[1,2],[5,1],[0,1],[-4,1],[-2,-1],[-4,0],[-1,-1],[2,-1],[1,-3]],[[11457,3737],[0,1],[-7,1],[1,-2],[5,-2],[1,2]],[[11439,3735],[-2,2],[-1,-5],[0,-2],[-6,1],[-3,-2],[0,-1],[3,-1],[2,-2],[0,-2],[-4,0],[0,2],[-5,-3],[-2,-1],[3,-2],[0,-2],[-3,0],[-3,-1],[2,-6],[-3,-2],[-1,-3],[1,-3],[-2,-4],[4,0],[-1,4],[7,2],[4,-2],[3,1],[2,2],[0,3],[2,2],[1,3],[-5,1],[1,2],[3,-1],[5,2],[2,3],[4,1],[0,-3],[2,-5],[3,1],[3,1],[5,1],[4,-2],[5,1],[7,0],[2,2],[-3,1],[-3,4],[1,3],[4,0],[-4,1],[2,3],[4,0],[0,2],[-7,-1],[-1,1],[-2,-1],[-2,3],[-5,1],[-3,-1],[-5,1],[-3,-1],[-2,-3],[-3,-2],[-1,2],[-3,3],[-2,0],[-1,2]],[[11393,3737],[-2,0],[2,-3],[-2,-4],[3,-1],[-2,-1],[-1,-4],[-4,-1],[-3,4],[-3,-1],[0,-2],[-4,-4],[3,-1],[0,-3],[4,-1],[0,-3],[1,-4],[-1,-2],[1,-3],[3,-2],[6,0],[1,4],[-4,4],[4,-2],[2,1],[4,-1],[0,-2],[5,-1],[2,4],[3,-1],[2,1],[3,3],[3,1],[-1,4],[-2,0],[-2,2],[-2,0],[-2,2],[5,2],[-4,1],[3,1],[-1,1],[-4,0],[-3,0],[0,2],[3,0],[2,3],[-2,0],[-3,-1],[-8,4],[-2,-1],[-3,2],[0,3]],[[11074,3684],[1,3],[5,0],[-1,4],[-4,3],[2,5],[-2,3],[2,3],[0,3],[3,2],[-4,2],[-3,3],[0,2],[-3,0],[-1,1],[3,2],[2,0],[3,1],[3,4],[3,0],[-5,4],[-3,-3],[-1,2],[-6,2],[-3,-4],[-3,2],[0,-3],[-3,-1],[-6,2],[2,3],[-8,1],[-1,-2],[-4,-1],[1,-1],[-2,-2],[2,-1],[0,-4],[-2,-2],[0,-2],[-4,-1],[2,-2],[3,1],[5,-1],[4,1],[0,3],[4,3],[1,-4],[2,0],[2,-3],[-1,-3],[3,1],[1,-1],[-2,-3],[2,-1],[0,-6],[1,-5],[-1,-6],[5,-3],[6,-1]],[[11082,3717],[-1,-4],[5,1],[1,-1],[-2,-1],[0,-2],[3,1],[1,-3],[-2,-2],[-4,1],[0,-4],[2,1],[6,2],[1,5],[-3,3],[-3,1],[-4,2]],[[11029,3710],[2,-1],[4,-1],[2,2],[-3,3],[-5,-3]],[[11482,3708],[0,-2],[3,-2],[6,-1],[3,-1],[2,3],[2,-1],[0,3],[-6,0],[-10,1]],[[11027,3698],[2,0],[6,6],[-4,0],[-2,2],[-4,-2],[2,-4],[-4,3],[3,-4],[1,-1]],[[11091,3696],[-3,-1],[3,-3],[2,1],[0,3],[-2,0]],[[11583,3667],[-3,-1],[1,-2],[-3,-5],[1,-5],[3,-2],[3,2],[1,6],[-1,4],[1,3],[-3,0]],[[11581,3649],[-2,-3],[-2,-2],[5,-1],[2,2],[4,1],[-3,1],[-4,2]],[[11544,3643],[7,3],[2,2],[-4,-1],[-7,-2],[-5,-3],[-1,-2],[4,0],[4,3]],[[11133,3639],[4,2],[-1,1],[-4,-1],[1,-2]],[[11184,3622],[-2,2],[-9,2],[-1,-4],[1,-1],[9,-1],[2,2]],[[11336,3618],[2,2],[-3,2],[1,-4]],[[11253,3606],[-3,-1],[0,-1],[3,0],[0,2]],[[11257,3598],[-2,0],[6,-1],[-4,1]],[[11769,2418],[-1,2],[5,5],[-2,0],[-1,4],[3,2],[2,4],[5,2],[0,1],[6,5],[3,0],[3,2],[9,1],[3,-3],[6,3],[4,6],[-1,1],[4,3],[3,2],[2,4],[2,-2],[9,6],[6,0],[1,2],[8,0],[-6,1],[-2,2],[-3,-1],[1,-1],[-3,-2],[-4,2],[2,2],[-4,1],[-6,-2],[-4,-3],[-4,-2],[0,4],[3,1],[0,2],[-4,0],[0,3],[-5,-1],[-2,2],[3,1],[-4,2],[1,3],[-1,2],[4,0],[3,3],[4,-2],[1,1],[3,2],[-2,2],[-4,1],[-1,2],[0,2],[-1,5],[2,5],[3,1],[2,4],[0,3],[-8,1],[2,1],[0,2],[7,-1],[-1,6],[3,1],[4,5],[0,3],[4,4],[2,4],[-1,2],[3,-1],[2,2],[1,2],[2,2],[5,-1],[4,-1],[-2,3],[4,1],[-3,1],[-4,1],[-5,0],[-1,-2],[-4,1],[-6,4],[0,3],[-2,2],[2,1],[-1,2],[5,-1],[1,4],[5,3],[-2,5],[0,4],[-2,3],[1,4],[0,3],[-4,4],[5,4],[7,3],[-2,3],[2,4],[2,1],[-1,4],[-3,4],[1,1],[-2,3],[0,4],[-2,1],[3,4],[3,1],[-1,3],[-3,0],[4,5],[2,0],[0,2],[3,0],[-4,5],[2,0],[4,4],[3,-1],[2,-2],[1,2],[-3,6],[0,3],[-7,-1],[-5,3],[-5,-1],[0,-1],[-3,-3],[-3,-3],[-14,-6],[-9,-5],[-3,-1],[-4,-3],[-1,-2],[-5,-4],[-5,-3],[-3,0],[-4,-3],[-6,-2],[-6,-1],[-5,1],[0,-2],[-3,-1],[2,1],[-2,2],[-5,-1],[-1,-2],[-4,-1],[-2,-3],[-6,-2],[-4,0],[-2,2],[-11,10],[-2,3],[-6,11],[-2,3],[-3,-4],[-4,-2],[-1,2],[4,1],[0,3],[2,3],[1,2],[5,5],[2,0],[4,2],[1,2],[6,4],[7,1],[2,0],[5,2],[4,4],[5,2],[10,6],[-1,1],[2,3],[4,4],[1,2],[3,1],[2,4],[3,1],[1,2],[-3,2],[-2,4],[-3,0],[1,4],[-4,0],[-1,0],[-4,2],[-3,-1],[0,3],[-8,-2],[-10,0],[-7,2],[-7,0],[-3,11],[-1,2],[3,0],[4,1],[3,1],[0,1],[-3,1],[-3,-1],[-2,4],[4,1],[-5,1],[-5,4],[1,1],[-5,1],[1,4],[3,1],[4,0],[6,4],[2,-1],[4,3],[-1,2],[3,0],[4,-5],[3,1],[-3,2],[0,3],[5,0],[2,-2],[3,1],[0,3],[2,3],[1,4],[-2,0],[1,2],[7,2],[0,1],[6,1],[-1,2],[3,1],[-2,3],[0,4],[9,3],[-4,3],[-2,3],[1,2],[0,5],[1,1],[-3,2],[-3,-1],[-5,-4],[-3,0],[-3,1],[-4,-1],[-3,1],[-3,2],[3,2],[-2,0],[6,4],[2,3],[-4,4],[6,6],[2,6],[-3,0],[-1,1],[4,1],[-1,1],[-5,1],[2,2],[5,-4],[3,2],[2,-1],[1,3],[-2,-1],[-4,1],[4,0],[3,1],[2,-1],[-1,-4],[4,0],[6,1],[3,-1],[3,1],[10,0],[-1,1],[-6,0],[-1,4],[6,3],[-3,0],[-8,2],[1,4],[4,3],[1,1],[5,0],[-2,3],[1,2],[-4,0],[-2,2],[-1,3],[2,3],[-1,2],[-8,1],[-4,1],[-2,1],[-4,-2],[-8,1],[-7,1],[-3,2],[-1,1],[5,2],[4,4],[0,2],[2,1],[2,3],[-3,3],[1,2],[-7,3],[-1,-2],[-8,0],[-4,-3],[-3,-4],[5,0],[-2,-3],[-7,-2],[0,4],[-5,1],[-3,-1],[-1,1],[-3,-2],[-5,-2],[0,5],[-4,0],[-8,-3],[-4,1],[-5,-2],[-1,-2],[-6,0],[1,2],[-5,0],[-2,4],[-1,0],[-3,3],[-5,-1],[-2,3],[-4,1],[0,2],[-7,2],[-6,-2],[-13,0],[-19,3],[-8,3],[-5,0],[-7,-2],[-9,-1],[-3,-1],[1,-4],[4,0],[4,-2],[2,1],[3,-2],[5,0],[2,-1],[2,1],[4,-1],[0,-4],[3,1],[2,-2],[2,1],[5,-3],[2,-1],[-3,0],[1,-3],[-6,0],[-2,-2],[-1,1],[-6,-1],[-5,2],[-13,1],[-2,1],[-4,1],[-10,4],[-8,2],[-3,2],[-6,0],[5,-5],[-4,1],[4,-2],[-2,-1],[-1,1],[-8,-3],[-9,1],[-3,2],[3,0],[-6,3],[-3,0],[-5,3],[-6,1],[0,1],[-4,12],[-5,4],[1,5],[2,-1],[5,3],[3,5],[-3,1],[-1,2],[-4,1],[-21,11],[-7,2],[-5,3],[-1,1],[1,3],[4,2],[8,3],[2,2],[-2,3],[0,7],[0,3],[3,2],[2,-1],[4,1],[-1,3],[5,1],[4,0],[3,1],[2,-1],[5,5],[0,-2],[5,0],[0,2],[3,2],[-1,1],[3,0],[5,2],[0,1],[-2,3],[0,1],[8,0],[0,2],[9,1],[2,2],[3,-2],[5,3],[4,0],[4,1],[0,1],[4,1],[4,6],[8,5],[4,-2],[4,1],[8,-1],[2,-1],[5,-3],[6,0],[6,1],[1,1],[13,0],[5,1],[1,2],[-4,2],[-4,0],[-4,-1],[-2,1],[-2,2],[-5,4],[-3,0],[-3,-2],[-6,3],[0,10],[1,5],[5,6],[3,0],[3,2],[4,1],[5,-3],[3,0],[3,3],[1,3],[0,2],[-4,1],[0,4],[2,2],[0,2],[3,2],[6,-1],[0,2],[4,1],[3,4],[2,-1],[-1,-4],[4,1],[2,3],[3,1],[12,1],[12,-2],[1,1],[6,7],[6,0],[1,3],[-3,4],[1,2],[-1,3],[1,3],[2,0],[0,3],[2,3],[2,1],[6,1],[3,2],[3,0],[4,5],[3,0],[-6,5],[-6,2],[0,3],[5,-1],[2,1],[5,2],[3,-2],[4,2],[0,3],[-2,1],[-3,5],[-4,10],[-2,2],[-4,0],[-2,-1],[-3,5],[-7,4],[2,2],[6,5],[1,2],[4,1],[2,2],[3,-1],[-1,6],[-1,1],[-1,5],[3,2],[0,3],[-4,1],[-5,-3],[-5,-1],[-1,1],[0,3],[1,1],[0,2],[-4,1],[-3,0],[0,-4],[-6,-1],[-3,2],[-4,3],[1,3],[2,2],[12,-1],[4,3],[0,3],[-1,2],[1,1],[-1,3],[-2,1],[-1,5],[-5,4],[-2,0],[-7,6],[-2,0],[1,3],[-5,1],[-3,-2],[-1,-4],[-2,1],[-3,-1],[-5,1],[1,4],[0,2],[4,2],[-1,2],[-5,1],[-4,3],[-20,17],[-3,3],[-4,-2],[5,-2],[-4,0],[-5,-1],[0,1],[-7,3],[2,1],[-5,2],[0,1],[4,-1],[3,-2],[4,-2],[3,3],[-2,4],[-6,4],[-12,9],[-4,5],[-5,7],[-2,5],[3,4],[-5,2],[-2,0],[-1,6],[-3,3],[-4,-1],[3,4],[-5,-3],[0,-2],[3,0],[0,-3],[-3,0],[1,1],[-9,-1],[-5,1],[-10,6],[-5,4],[-2,5],[-3,3],[0,3],[1,3],[4,1],[1,3],[-2,3],[4,3],[1,6],[6,8],[0,2],[2,7],[3,2],[0,4],[-2,1],[-1,3],[-2,1],[0,3],[1,1],[2,6],[4,3],[-6,8],[3,1],[2,2],[0,5],[-2,1],[4,3],[4,0],[-4,5],[1,5],[-3,3],[2,2],[0,3],[10,12],[-1,3],[3,2],[3,3],[-4,3],[0,5],[-2,5],[2,0],[3,1],[4,5],[7,2],[-2,4],[2,0],[-6,2],[-4,0],[-2,-2],[-3,5],[-3,0],[-9,-3],[1,-2],[-1,-1],[-2,4],[-3,-2],[-3,0],[1,1],[-5,0],[-6,-6],[0,-2],[-5,-6],[-2,0],[-5,-3],[-3,-1],[-5,-5],[-1,-2],[-2,-3],[-5,0],[-3,-4],[-5,-1],[0,-1],[-5,-3],[-6,-2],[-7,-4],[-8,-2],[-3,1],[-3,-3],[-5,0],[-4,1],[-4,0],[-7,-4],[-14,-5],[-13,8],[-14,10],[-4,4],[-8,7],[-13,13],[-5,6],[-10,13],[-5,8],[0,2],[3,3],[0,2],[-3,3],[3,-1],[0,2],[-8,3],[-3,3],[-2,3],[-1,6],[1,3],[3,5],[3,0],[1,2],[6,2],[1,3],[-3,5],[3,1],[0,3],[2,2],[0,3],[-2,1],[-5,-1],[-3,-2],[-6,-5],[-4,-10],[-8,-3],[-5,-2],[-5,-1],[-7,-1],[-4,1],[-4,2],[-2,3],[0,2],[-1,2],[-1,3],[3,3],[-1,2],[-5,-2],[0,-2],[-3,-1],[-7,0],[2,5],[-2,1],[0,2],[-8,2],[-2,3],[-3,2],[-5,1],[-4,3],[0,3],[2,7],[5,2],[5,1],[1,1],[5,-1],[4,5],[3,0],[3,-2],[-1,4],[0,1],[5,2],[-2,-3],[4,-1],[1,-2],[2,2],[6,2],[2,1],[5,-3],[0,-1],[4,0],[2,2],[2,-1],[2,3],[0,1],[3,2],[0,2],[-4,1],[-4,-1],[-1,1],[1,4],[1,3],[7,4],[4,6],[0,2],[-5,3],[0,-2],[-3,0],[-4,1],[-1,2],[-2,-1],[1,-4],[-1,-2],[3,-4],[-2,-2],[-3,-1],[-3,1],[0,1],[-3,2],[-1,-2],[1,-2],[0,-2],[-1,-2],[6,-4],[-1,-3],[3,-2],[-2,-2],[-9,3],[1,3],[-3,2],[-2,0],[0,6],[-2,3],[-2,4],[-3,1],[-5,-1],[-1,2],[3,2],[2,4],[-4,7],[-9,5],[-2,0],[2,-5],[2,-1],[-4,-2],[-3,1],[-1,2],[-5,2],[-2,-2],[-4,0],[-1,1],[0,-2],[-3,-1],[-4,4]],[[11422,3514],[-2,-1],[-3,1],[-8,-6],[-1,-2],[-5,-2],[-1,-3],[5,-1],[3,2],[4,1],[2,-1],[-2,-1],[4,-2],[-3,0],[1,-3],[2,0],[3,-2],[3,1],[-4,2],[3,0],[-2,2],[0,2],[3,1],[1,-1],[3,2],[7,-2],[-1,2],[1,3],[-3,4],[-2,1],[-6,3],[-2,0]],[[11321,3501],[4,1],[2,1],[1,3],[-3,0],[0,-2],[-3,-1],[-1,-2]],[[11348,3496],[4,1],[1,1],[-2,2],[-1,3],[-2,1],[-3,0],[-3,1],[-6,0],[-4,-2],[-3,0],[0,-2],[5,0],[0,-1],[-1,-1],[1,-3],[2,3],[3,-1],[3,3],[1,-2],[2,2],[3,-2],[-2,-3],[-6,0],[0,-2],[5,1],[3,1]],[[11465,3491],[-4,-3],[-4,-1],[-4,-4],[6,1],[2,2],[2,-1],[0,3],[2,1],[0,2]],[[11408,3478],[-3,-2],[0,-3],[5,0],[-2,5]],[[11596,3372],[0,-2],[4,-1],[2,2],[-6,1]],[[11741,3115],[1,-2],[1,2],[-2,0]],[[10927,3977],[0,7],[2,0],[-1,-3],[2,-4],[3,0],[-1,-3],[2,-1],[4,0],[2,-1],[7,1],[2,-1],[3,2],[0,3],[6,2],[4,0],[-3,3],[2,1],[-1,2],[2,2],[3,-1],[3,1],[2,2],[3,-4],[3,-1],[4,-3],[4,-1],[1,1],[4,-3],[2,0],[3,-2],[4,-1],[2,2],[-3,0],[-3,3],[3,2],[1,1],[-2,3],[-4,0],[-3,-1],[-3,2],[3,0],[-1,2],[4,1],[-4,2],[7,-1],[2,1],[2,0],[2,-3],[2,1],[4,-2],[1,-3],[3,-1],[-2,-2],[1,-2],[2,-2],[-2,-1],[-1,-2],[2,-3],[3,1],[4,2],[3,-4],[-5,-3],[-1,-2],[-3,0],[3,-3],[3,1],[1,-2],[2,1],[4,-3],[-6,-1],[2,-5],[-2,1],[-4,2],[-2,-1],[1,3],[-9,6],[-3,-5],[-3,-1],[-2,0],[2,-3],[5,0],[4,-3],[2,-6],[-2,-2],[-5,2],[-3,0],[-2,2],[-2,0],[0,-4],[-2,0],[-4,-4],[4,-1],[0,-2],[-3,-1],[-1,-3],[1,-2],[4,0],[2,-2],[3,0],[2,-3],[-2,-1],[-3,1],[1,-4],[-5,-1],[-5,1],[-2,-2],[-2,2],[-3,-1],[2,-2],[7,0],[1,-1],[3,0],[1,-1],[0,-4],[2,-1],[1,-2],[2,0],[-3,4],[4,2],[1,1],[7,3],[7,-2],[4,1],[0,2],[6,1],[-1,-3],[1,-1],[2,1],[3,-1],[-3,-3],[-4,-1],[-1,-1],[-5,1],[-5,-1],[1,-3],[4,-1],[2,1],[1,-2],[4,0],[-2,-6],[2,-2],[8,0],[4,-1],[-1,-1],[-4,-1],[2,-3],[-6,1],[-2,-1],[-4,1],[-5,0],[-3,1],[3,1],[-2,2],[-3,1],[0,-6],[5,-4],[3,2],[4,0],[2,-3],[6,1],[1,-1],[3,1],[5,-1],[3,0],[2,-3],[0,-2],[1,-2],[3,0],[1,2]],[[11051,3885],[0,0]],[[11051,3885],[0,0]],[[11051,3885],[3,-1],[1,-2],[5,1],[0,-1],[3,-2],[1,1],[0,-2],[2,-1],[0,-8],[-3,-3],[2,-2],[-1,-7],[1,-4],[3,-2],[-4,1],[-2,-1],[-2,-3],[2,-5],[3,1],[-3,-3],[5,-2],[3,-4],[0,-3],[5,-3],[0,-5],[4,-4],[6,-1],[6,1],[2,2],[-1,3],[3,3],[0,2],[3,1],[5,-2],[11,-1],[4,1],[5,5],[0,3],[-3,2],[2,3],[-1,2],[2,3],[2,0],[0,6],[-2,3],[-3,1],[-1,3],[-3,3],[-4,2],[-5,1],[-3,1],[-2,-3],[-7,1],[-3,2],[-1,2],[0,4],[4,4],[0,3],[-2,0],[-4,3],[-4,2],[-2,-1],[-3,1],[1,3],[-5,0],[0,2],[4,3],[5,1],[5,2],[4,0],[4,4],[-6,3],[0,2],[3,0],[1,-1],[2,1],[1,4],[-2,7],[-6,5],[1,2],[2,0],[2,4],[2,2],[-1,2],[5,6],[4,5],[1,4],[-3,2],[-1,3],[2,2],[5,1],[0,3],[4,4],[-1,4],[-2,0],[1,2],[3,1],[1,2],[-5,2],[1,3],[2,2],[-1,3],[-2,5],[-4,4],[-4,5],[0,3],[-4,3],[-2,0],[-1,2],[0,3],[-4,4],[-4,-1],[-6,2],[-2,5],[1,6],[-1,4],[2,5],[-3,2],[-2,3],[2,2],[4,2],[6,-1],[0,1],[6,0],[1,3],[-1,7],[-6,4],[-5,-1],[-4,-2],[-2,-3],[-4,-1],[-4,3],[0,4],[-2,4],[2,3],[-2,1],[-2,-2],[-3,2],[5,3],[4,-1],[3,4],[6,3],[-1,1],[2,2],[0,1],[-2,0],[1,2],[-2,1],[-3,2],[1,2],[-4,6],[1,4],[-6,9],[-2,4],[-2,-1],[0,7],[3,0],[3,-2],[2,2],[1,5],[1,3],[0,2],[-2,1],[0,4],[2,2],[-2,4],[1,3],[-3,2],[-2,4],[-3,2],[1,2],[1,5],[3,5],[4,4],[1,3],[2,2],[1,2],[4,5],[-1,2],[2,2],[1,4],[2,4],[6,3],[-2,1],[-1,5],[4,5],[0,5],[1,3],[4,3],[-1,1],[3,3],[-4,3],[-3,5],[-4,3],[-1,6],[3,2],[1,2],[-4,1],[-1,2],[1,4],[-2,1],[-2,2],[-4,0],[2,2],[-6,2],[-4,0],[1,5],[2,4],[-1,1],[-3,1],[-1,3],[-1,2],[0,3],[-3,4],[-7,0],[-3,-2],[-3,0],[0,-3],[-2,-2],[-8,-2],[-2,0],[1,-3],[-2,-6],[-2,-1],[-5,-3],[-1,-3],[-2,-2],[0,-5],[3,-5],[-2,-3],[2,-1],[0,-3],[-3,-2],[-4,2],[-1,2],[-2,0],[1,-4],[4,-7],[0,-3],[-2,-4],[0,-6],[-7,-7],[-2,-4],[-4,0],[-10,-5],[-2,2],[-6,1],[-2,2],[-5,4],[-2,4],[-2,4],[-5,2],[-5,1],[-2,-3],[-1,-6],[-2,-2],[1,-3],[-2,-3],[2,-1],[0,-3],[5,-3],[3,0],[0,-2],[-3,-2],[0,-2],[3,-3],[0,-6],[-1,-4],[2,-1],[1,-4],[-7,0],[-1,2],[-6,1],[-5,-1],[-6,2],[-2,-2],[-11,1],[-5,-2],[0,-4],[5,-5],[-2,-5],[-3,-2],[1,-5],[8,-2],[-5,-2],[1,-2],[5,0],[5,-1],[0,2],[2,2],[5,0],[0,-1],[-3,-1],[-1,-2],[3,0],[2,-2],[-8,-2],[-1,0],[-6,0],[2,-3],[2,0],[0,-2],[-5,0],[-2,1],[-1,-4],[3,-7],[-1,-4],[1,-4],[-7,1],[-2,-3],[2,-3],[7,-5],[5,-5],[9,-8],[5,-3],[2,0],[-2,-2],[0,-2],[2,-1],[-3,-1],[-2,1],[-2,-3],[-9,-6],[-4,2],[0,4],[-1,2],[2,1],[-5,3],[-5,1],[-5,1],[-2,0],[-6,0],[0,-5],[3,-2],[1,-3],[2,-1],[2,0],[5,-1],[1,-2],[4,0],[2,-2],[5,-3],[-5,-4],[-4,1],[0,1],[-5,4],[-3,1],[-4,-2],[2,-3],[-2,-1],[3,-1],[0,-4],[-5,1],[-1,3],[0,4],[-2,0],[-1,-6],[4,-2],[0,-2],[-2,-5],[0,-2],[-2,0],[2,-3],[-2,-3],[-2,-1],[1,-4],[-3,-1],[-1,4],[-3,0],[1,-3],[0,-5],[1,1],[5,-1],[3,-2],[0,-1],[-4,-1],[-5,2],[-2,-2],[-2,0],[-2,-1],[1,-1],[2,-5],[3,0],[-1,1],[4,2],[-1,-3],[-4,-2],[-1,-2],[-2,3],[-1,-3],[-3,1],[0,2],[3,2],[-1,3],[-3,3],[0,2],[-2,3],[-2,0],[-2,-3],[4,-2],[-1,-7],[2,-1],[-1,-1],[3,-3],[-1,-5],[1,-4],[9,-2],[0,-4],[4,6],[4,-2],[-1,-3],[2,-1],[-1,-3],[0,-6],[3,2],[4,0],[1,-1],[-2,-4],[-2,1],[-4,0],[-1,-1],[3,-5],[3,-3]],[[10914,4234],[6,1],[2,1],[-2,3],[-3,2],[0,2],[5,2],[3,6],[-3,2],[-5,3],[-5,1],[-4,3],[-3,0],[-9,3],[-5,-1],[-3,-3],[3,-3],[3,-6],[4,-2],[5,-4],[-1,-2],[-2,2],[0,-2],[2,-2],[-1,-1],[2,-2],[11,-3]],[[10892,4243],[-3,-2],[1,-2],[6,0],[-3,1],[5,5],[-1,3],[-2,-1],[-3,-4]],[[11011,4205],[-2,-2],[0,-3],[4,-4],[0,3],[3,3],[-2,3],[-3,0]],[[10887,4049],[4,3],[0,2],[-4,1],[-2,-4],[2,-2]],[[10906,4034],[1,2],[5,2],[0,1],[-5,0],[-2,-1],[1,-4]],[[10907,4031],[-1,3],[-3,-2],[4,-1]],[[10908,3997],[-1,2],[-3,0],[3,2],[-4,3],[-4,1],[2,-4],[2,0],[0,-2],[5,-2]],[[10903,3985],[2,0],[0,3],[3,2],[-5,2],[-1,2],[-1,-6],[2,-3]],[[10925,3988],[2,0],[2,1],[-5,-1],[1,0]],[[10898,3985],[-2,3],[0,-3],[2,0]],[[11003,3968],[-2,3],[5,1],[-2,0],[-4,-1],[1,-3],[2,0]],[[10935,3941],[0,-4],[4,1],[-1,-2],[0,-2],[-2,-3],[6,3],[2,2],[6,-1],[2,-1],[1,1],[7,0],[0,2],[-3,3],[-7,4],[-1,1],[-2,0],[-4,1],[-7,4],[2,-6],[1,0],[-4,-3]],[[10928,3918],[2,4],[3,1],[1,3],[-2,5],[-5,5],[-3,4],[-3,0],[-2,-1],[1,-2],[6,-5],[-1,-3],[2,-2],[-1,-3],[1,-3],[-2,-3],[2,-4],[1,4]],[[10979,3900],[3,2],[0,5],[-6,3],[0,2],[-6,0],[-2,4],[-3,0],[-2,1],[-2,4],[-3,0],[-1,-1],[1,-5],[3,-3],[2,-1],[1,-2],[5,2],[6,-3],[-1,-1],[5,-2],[-4,-3],[4,-2]],[[10946,3908],[1,2],[0,5],[-2,3],[-2,0],[-3,-5],[2,-4],[1,-1],[3,0]],[[10968,3887],[3,4],[-3,-1],[-4,1],[2,-3],[2,-1]],[[10975,3890],[-1,-2],[2,-1],[-1,3]],[[11105,3881],[2,1],[-1,2],[-1,-3]],[[11048,3877],[2,0],[4,-2],[-2,4],[0,2],[-2,2],[-5,-3],[3,-3]],[[11098,3877],[3,2],[-2,1],[-3,-2],[2,-1]],[[11061,3875],[-2,-2],[0,-2],[4,-2],[2,2],[-1,3],[-3,1]],[[7541,6249],[4,1],[5,3],[6,7],[2,1],[1,5],[9,14],[1,9],[-1,3],[-7,4],[-2,5],[3,5],[4,2],[10,3],[1,2],[3,2],[-1,2],[1,4],[3,6],[4,2],[9,2],[8,6],[1,3],[2,1],[3,-1],[1,1],[7,2],[3,2],[1,2],[5,2],[2,-1],[2,2],[3,1],[-1,2],[4,2],[1,5],[0,4],[3,4],[11,6],[4,0],[5,-1],[2,2],[-5,4],[-3,-1],[-4,2],[0,2],[5,3],[1,2],[-5,2],[-3,-1],[-3,1],[-2,-1],[-5,1],[-1,2],[-2,-1],[0,5],[-3,3],[-1,3],[-2,1],[-5,0],[-1,5],[-5,0],[-4,4],[1,2],[0,3],[-3,3],[4,2],[2,0],[4,-3],[1,-2],[7,-2],[0,3],[2,5],[-4,2],[5,0],[3,0],[5,5],[-1,5],[-5,6],[-5,3],[-4,4],[-3,1],[-3,4],[-7,2],[-5,2],[-7,4],[-2,0],[-8,-1],[-5,-4],[1,-2],[3,-3],[-7,2],[-3,-1],[-4,2],[-8,-2],[-3,3],[-4,2],[-3,0],[-2,2],[4,3],[5,0],[2,-3],[4,-1],[1,1],[-1,3],[-4,3],[-2,4],[-3,9],[-2,2],[-1,-1],[-4,0],[-4,-1],[-8,-1],[-5,2],[13,4],[-4,3],[0,4],[-3,3],[-4,0],[1,2],[-2,1],[-9,5],[-2,2],[-3,2],[-4,-2],[-2,-3],[2,-4],[4,0],[2,-1],[-12,0],[-3,-1],[-1,-2],[4,-3],[0,-4],[-3,1],[-10,1],[-5,-3],[-3,1],[-1,2],[-5,1],[-5,5],[0,6],[2,2],[-1,2],[0,3],[4,2],[1,3],[-3,0],[-3,-5],[-2,-5],[1,-6],[0,-5],[-5,0],[-8,3],[-2,-1],[-7,0],[-4,3],[0,2],[2,1],[-4,0],[-2,2],[-5,1],[-2,-1],[2,-3],[-1,-2],[-5,-2],[2,-1],[0,-3],[-7,-2],[-7,2],[1,2],[-8,1],[-5,0],[-2,4],[-3,1],[1,2],[3,0],[-3,1],[-3,3],[1,1],[-3,4],[1,3],[-3,-1],[1,-2],[-1,-3],[-3,1],[-3,2],[-2,-1],[-5,1],[1,1],[4,2],[-3,2],[0,1],[-4,3],[-1,3],[-5,0],[-4,-4],[-7,0],[2,-5],[3,-3],[5,-2],[0,-1],[-5,-8],[-4,1],[5,-6],[2,1],[1,2],[-4,0],[1,2],[4,1],[1,-1],[3,1],[0,2],[6,-1],[-4,-5],[-1,1],[-5,-2],[2,-5],[-4,0],[-3,-1],[-1,-2],[-3,-1],[-3,1],[-3,-1],[3,-4],[2,0],[-2,-5],[-5,0],[4,-2],[-6,0],[-3,-7],[0,-3],[-4,-5],[-2,-3],[-6,-5],[-11,-6],[-7,-7],[0,-2],[0,-6],[6,-6],[4,-8],[-1,-6],[2,-5],[1,0],[1,-7],[0,-8],[-2,-4],[-1,-1],[2,-3],[0,-6],[-1,-4],[-3,-7],[-1,-4],[2,-4],[15,-6],[6,-5],[4,-6],[4,-3],[3,-5],[1,-3],[4,-6],[5,-8],[7,-3],[5,-1],[8,-4],[18,-2],[4,0],[1,-2],[4,-1],[3,-3],[6,-2],[4,-4],[3,0],[13,-2],[7,-2],[3,-2],[1,-2],[5,-6],[4,-7],[0,-2],[3,0],[2,-1],[-1,-3],[4,0],[3,-2],[3,-1],[5,-5],[10,-2],[5,0],[2,-2],[6,-2],[8,0],[11,-1]],[[7460,6508],[1,-2],[2,1],[-3,1]],[[7478,6502],[-5,-3],[-4,1],[-2,-2],[3,-1],[6,2],[4,2],[-2,1]],[[7620,6495],[3,-4],[0,-5],[9,2],[4,-4],[7,-2],[5,-2],[2,4],[-2,3],[-3,4],[0,3],[-7,-1],[-1,1],[-11,0],[-6,2],[0,-1]],[[7466,6495],[-2,-1],[2,-1],[0,2]],[[7689,6488],[0,-1],[-7,-3],[-1,-1],[1,-2],[1,-3],[2,-2],[1,-2],[2,-3],[6,0],[3,1],[3,8],[-5,7],[-6,1]],[[7613,6471],[0,1],[-6,1],[-1,0],[-4,2],[-1,2],[-5,1],[-3,1],[-4,3],[-1,3],[-4,3],[-3,0],[1,-2],[-2,-6],[-1,-3],[1,-7],[4,-1],[4,0],[5,-2],[6,0],[5,-2],[4,0],[4,1],[2,1],[-1,4]],[[7560,6456],[0,2],[-3,0],[3,-2]],[[7639,6414],[-2,-1],[-1,-4],[-2,-2],[3,-1],[-1,-5],[3,-2],[2,-4],[3,0],[3,3],[4,2],[3,-2],[-3,-1],[2,-3],[4,-1],[1,-1],[3,1],[-1,2],[2,3],[-2,3],[-2,0],[-3,3],[-10,6],[-2,4],[-4,0]],[[7386,6282],[2,2],[-1,5],[-3,-1],[-3,1],[-10,-3],[-1,-1],[5,-1],[4,1],[4,-1],[3,-2]],[[7353,6273],[4,0],[1,2],[-6,2],[-3,-2],[4,-2]],[[7335,6265],[3,2],[2,3],[-3,1],[-6,-1],[-2,1],[-2,-1],[4,-4],[4,-1]],[[7516,6243],[2,2],[-2,1],[-2,-3],[2,0]],[[6430,6468],[-11,-3],[-9,-6],[-8,-2],[-7,0],[-5,1],[-2,0],[-8,-2],[-5,-1],[-4,-1],[-4,-2],[-6,0],[-9,-2],[-3,-2],[-4,0],[-5,-2],[-5,-1],[-7,1],[-8,-2],[-10,-2],[-5,2],[-8,-1],[-1,0],[-11,3],[-5,2],[-8,5],[-6,2],[-12,0],[-3,1],[-8,1],[-3,1],[-5,0],[-4,1],[-7,3],[-14,1],[-4,-1],[-5,-2],[-10,-1],[-5,1],[-8,0],[-1,-1],[-8,0],[-6,5],[-8,1],[-7,1],[-8,3],[-4,0],[-4,2],[-6,0],[-5,1],[-6,2],[-7,-3],[-12,0],[-8,1],[-4,-2],[-9,3],[-9,2],[-5,0],[-3,-1],[-5,1],[-1,-2],[-5,-1],[-7,0],[-5,-1],[-3,0],[-3,4],[-7,-1],[-6,2],[-2,2],[-3,3],[-4,2],[-6,0],[-7,3],[-9,0],[-5,1],[-2,2],[-6,1],[-4,-3],[-4,0],[-10,-2],[-8,-1],[-18,-5],[-4,-1],[-4,-2],[-6,-2],[-8,-2],[-1,-4],[-3,-2],[-6,-3],[-7,-1],[-4,-5],[-1,0],[-3,-4],[-6,-2],[0,-6],[-3,-5],[0,-5],[-5,-4],[-4,-1],[-2,-2],[3,-5],[3,-1],[4,-4],[-1,-4],[1,0],[0,-4],[5,-1],[4,-5],[6,-5],[6,-5],[1,-2],[10,-7],[3,-1],[0,-2],[2,1],[6,-1],[1,1],[6,1],[6,-2],[5,-3],[5,0],[4,-2],[5,0],[4,3],[4,5],[-2,6],[-4,8],[1,3],[4,2],[8,0],[4,2],[6,0],[4,1],[3,3],[6,3],[4,0],[7,2],[5,-1],[8,-3],[8,-3],[5,-3],[7,-10],[3,-1],[-1,-6],[-3,-2],[-2,-3],[-1,-3],[1,-8],[3,-4],[1,-2],[2,-2],[5,-12],[4,-9],[3,-6],[1,-6],[2,-3],[-1,-2],[-5,-3],[-2,0],[1,-6],[2,0],[4,-4],[1,-3],[2,-1],[8,-6],[2,-3],[3,-3],[3,0],[5,2],[2,2],[4,-1],[3,-1],[3,-3],[1,-5],[2,-2],[2,-4],[-3,-5],[-2,-7],[1,-4],[-3,-1],[2,-1],[3,2],[3,1],[5,1],[1,1],[9,0],[10,-3],[4,0],[6,1],[2,1],[4,-1],[-1,-4],[1,0],[5,0],[6,0],[2,1],[7,-2],[4,-3],[4,-4],[4,-7],[4,-2],[6,-1],[5,1],[3,-1],[3,-1],[5,0],[2,-2],[3,0],[10,-1],[5,-3],[4,-7],[-2,0],[5,-4],[1,-2],[6,-3],[0,-3],[2,-3],[2,0],[5,-4],[3,-4],[3,-6],[0,-3],[10,-9],[3,-3],[7,-8],[6,-9],[12,-19],[3,-2],[4,0],[1,1],[3,-2],[13,-22],[8,-13],[5,-10],[3,-8],[3,-3],[-2,-1],[3,-10],[4,-17],[0,-3],[3,0],[-1,-4],[5,-1],[5,-4],[-1,-2],[-1,3],[-3,1],[-5,0],[3,-4],[2,-7],[1,-8],[0,-5],[2,1],[2,-1],[-3,-3],[2,-5],[0,-7],[-1,-8],[-2,-7],[-2,-4],[-5,-7],[-6,-3],[-4,0],[-1,-1],[3,-2],[1,-5],[2,0],[2,4],[4,1],[7,-5],[4,-6],[0,-4],[1,-4],[-1,-2],[3,-4],[0,-6],[1,-2],[-4,-3],[0,-4],[3,-7],[-1,-3],[4,-4],[1,-6],[-3,-7],[-1,-5],[1,-2],[4,-3],[4,-5],[6,-2],[7,0],[7,0],[7,2],[7,3],[5,0],[3,-1],[12,-5],[6,-4],[2,-4],[0,-3],[4,-6],[0,-4],[6,-6],[5,-1],[3,-2],[10,-13],[4,-1],[5,0],[3,-2],[4,-5],[6,-7],[3,-8],[0,-2],[4,-4],[2,0],[4,-1],[2,-3],[2,-5],[3,-7],[1,-5],[4,-5],[1,-4],[-1,-8],[-3,-5],[-11,-7],[-3,-5],[-1,-8],[1,-6],[5,-7],[-1,-7],[4,-3],[5,-5],[9,-5],[6,-7],[6,-9],[4,-7],[6,-4],[6,-7],[1,-5],[2,-3],[5,-4],[4,-2],[6,-3],[3,0],[9,-2],[4,-2],[10,-9],[9,-15],[4,-5],[7,-7],[7,-3],[11,-3],[6,-4],[2,-4],[4,-3],[2,0],[5,-3],[9,-5],[6,0],[-2,2],[-4,1],[-3,3],[1,1],[3,-1],[1,1],[-1,6],[1,2],[5,-6],[3,0],[0,-3],[7,-4],[3,-5],[1,3],[5,2],[0,3],[2,0],[1,4],[3,-3],[2,-5],[-2,-5],[-1,-4],[-4,-3],[-4,-2],[2,-3],[2,-1],[1,-3],[-6,-1],[3,3],[-2,3],[-6,-1],[-6,-9],[-3,-3],[0,-3],[2,-2],[-1,-9],[4,0],[2,3],[3,1],[4,-2],[4,-3],[1,-4],[-2,-6],[1,-1],[1,-5],[-3,-2],[9,1],[4,-1],[2,-2],[5,0],[2,1],[17,2],[3,0],[14,0],[12,0],[10,-1],[10,-2],[11,-2],[2,-4],[6,-4],[3,1],[6,-1],[7,-5],[7,-9]],[[6780,5530],[-2,26],[2,16],[4,19],[-3,6],[-8,14],[-2,19],[-4,34],[0,14],[2,21],[1,13],[1,8],[1,14],[4,24],[10,17],[9,77],[2,25],[1,6],[-5,25],[2,21],[-11,50],[-4,53],[2,17],[-2,40],[-4,23],[2,40],[-42,10],[-12,2],[-16,9],[-43,7],[-6,2],[-112,54],[-30,12],[-21,7],[-41,15],[-41,14],[-56,21],[-9,3],[19,23],[41,50],[24,30],[1,41],[-2,6],[1,3],[-3,7]],[[5614,6734],[4,1],[2,1],[5,2],[2,3],[-4,6],[-5,3],[-2,2],[1,2],[-3,2],[-5,1],[-9,0],[-6,-1],[-4,-3],[-3,-3],[1,-3],[4,-3],[7,-2],[7,-3],[3,-3],[5,-2]],[[5740,6639],[2,1],[8,3],[4,-1],[2,-2],[7,-1],[6,-1],[-1,-1],[2,-2],[4,-2],[0,-2],[3,-1],[2,-3],[0,-4]],[[5779,6623],[0,0]],[[5779,6623],[0,0]],[[5779,6623],[4,0],[3,-3],[1,2],[11,-1],[2,-2],[7,-2],[5,0],[6,-3],[1,-2],[-2,-2],[5,-4],[1,-5],[2,-1],[2,-3],[-2,-2],[4,-1],[1,-2],[4,0],[0,1],[3,2],[0,3],[2,2],[0,2],[3,2],[7,-1],[1,-1],[4,-1],[3,2],[0,2],[-3,0],[-4,4],[-1,3],[3,4],[3,1],[-5,4],[-3,-2],[-5,0],[-1,-1],[-3,-2],[-4,0],[-4,1],[-14,8],[-2,3],[0,4],[2,1],[0,3],[5,2],[8,2],[8,-1],[2,-1],[6,1],[5,-1],[-11,7],[1,3],[2,3],[-1,2],[-5,-4],[-5,1],[-2,2],[-1,5],[-2,4],[1,6],[-1,2],[-4,2],[-3,3],[-2,6],[-2,0],[-9,-2],[-7,2],[1,3],[3,2],[0,2],[-4,6],[-5,3],[-6,2],[-1,3],[-2,0],[-9,1],[-3,-3],[2,-1],[0,-4],[-2,-1],[-3,-1],[-5,3],[1,3],[-3,3],[-4,2],[-5,2],[-5,-1],[-6,2],[-3,-2],[-4,0],[-7,4],[-3,4],[-5,3],[0,2],[-6,4],[-16,6],[-11,3],[-6,0],[-3,1],[-7,1],[-7,0],[-3,0],[-4,0],[-3,-2],[-8,-6],[-3,-3],[1,-2],[3,-3],[4,-2],[7,-1],[3,-2],[-1,-5],[-1,-3],[0,-5],[-2,-5],[2,-5],[4,-4],[-1,-1],[3,-7],[3,-2],[5,-2],[4,0],[6,-4],[3,-1],[3,-1],[-2,-2],[5,-1],[2,-3],[0,-2],[2,0],[0,1],[2,1],[7,0],[6,-3],[8,-1],[1,-4],[-1,-2],[2,-3],[13,-4],[5,-4]],[[5905,6732],[0,-2],[2,1],[-2,1]],[[5891,6715],[-1,-7],[3,5],[-2,2]],[[5867,6709],[-8,2],[-6,0],[-1,1],[-3,0],[-2,-4],[4,-3],[-1,-3],[-4,-6],[-7,-1],[-3,2],[-1,-2],[-3,-1],[-2,1],[-7,-1],[2,-2],[-1,-2],[3,-1],[2,2],[4,0],[4,-1],[1,-1],[-1,-6],[0,-3],[3,-3],[7,-3],[5,0],[7,-3],[7,0],[8,-4],[-1,3],[3,3],[5,1],[10,2],[2,0],[-2,5],[3,1],[2,3],[-3,0],[0,3],[2,0],[2,3],[-9,0],[-2,3],[0,4],[2,2],[-3,0],[-5,2],[2,2],[-4,-1],[-4,1],[0,-1],[-3,-1],[-3,2],[-1,5]],[[5858,6618],[-2,-1],[4,-1],[-2,2]],[[5968,6560],[5,1],[6,-2],[2,1],[1,5],[0,5],[-2,3],[-3,2],[-3,1],[-3,4],[-5,0],[-5,0],[-2,1],[-3,-1],[-5,0],[-4,0],[-4,-1],[-3,1],[-3,2],[-3,3],[1,1],[-3,2],[-3,0],[-8,2],[-2,-1],[-3,0],[-5,2],[-5,1],[-5,3],[-10,0],[-7,1],[-5,1],[-11,3],[-2,-1],[4,-2],[5,-2],[3,-3],[8,-3],[5,-3],[6,0],[4,1],[8,-3],[5,-4],[6,-3],[7,0],[6,-3],[5,-2],[6,-2],[0,-4],[2,-1],[6,-1],[5,1],[4,-2],[7,-3]],[[6298,6000],[7,2],[-5,1],[-4,0],[0,-3],[2,0]],[[6306,5987],[1,1],[-4,4],[-3,-1],[4,-3],[2,-1]],[[6643,5502],[0,1]],[[6643,5503],[0,0]],[[6643,5503],[0,0]],[[6643,5503],[2,2],[1,-3],[4,-5],[3,-2],[3,-1],[2,-4],[5,2],[3,2],[1,-1],[5,2],[3,0],[0,4],[-2,4],[-7,7],[-5,4],[-1,4],[-2,2],[-2,4],[-4,1],[-3,0],[-1,1],[-3,-2]],[[6645,5524],[0,0]],[[6645,5524],[-3,1],[3,7],[-1,7],[1,3],[2,0],[-1,3],[-3,8],[-2,3],[-2,1],[-2,3],[-3,5],[-3,2],[0,4],[-2,5],[-2,2],[0,3],[-5,6],[-2,3],[-5,5],[-11,-1],[-1,-1],[-4,1],[-4,-1],[-6,-1],[-4,-2],[-1,-3],[-1,-3],[-6,-7],[-1,-5],[1,-5],[-2,-2],[0,-9],[8,-3],[-4,-3],[-1,-3],[1,0],[2,-6],[5,1],[4,-2],[5,0],[1,-3],[10,-2],[4,1],[7,-3],[0,-1],[5,-3],[0,-3],[4,-3],[3,-6],[0,-7],[-2,-3],[0,-2],[3,-1],[5,1],[5,-2],[0,-1],[3,0]],[[6570,5514],[1,1],[-3,4],[-4,1],[-2,2],[5,6],[3,-2],[1,-2],[6,-1],[3,2],[0,3],[-4,4],[-4,2],[-2,-1],[1,2],[-6,8],[-1,3],[-4,3],[-4,1],[-5,-2],[-3,-4],[-2,-4],[-1,-1],[-1,-2],[3,-3],[0,-4],[3,-4],[4,0],[1,3],[7,1],[1,-5],[-7,0],[-3,-1],[3,-1],[-1,-1],[3,-1],[6,-4],[6,-3]],[[6742,5537],[0,-4],[2,0],[-2,4]],[[6780,5530],[3,1],[3,3],[1,2],[4,4],[0,3],[3,2],[-2,1],[1,3],[4,0],[2,4],[1,5],[-1,3],[1,4],[-1,1],[1,8],[2,2],[3,-5],[-1,3],[0,3]],[[6804,5577],[0,0]],[[6804,5577],[0,1]],[[6804,5578],[2,1]],[[6806,5579],[4,0],[0,4],[2,3],[3,2],[8,1],[8,-2],[3,1],[2,3],[4,1],[9,1],[7,0],[7,-1],[5,1],[1,5],[2,2],[0,4],[4,7],[1,2],[3,3],[6,0],[6,-1],[4,-1],[2,-8],[0,-1],[1,-2],[0,-2],[3,-1],[2,-2],[-2,-2],[5,-1],[4,1],[1,3],[4,-3],[-2,-4],[-2,2],[-1,-1],[-5,-1],[-2,-2],[3,-4],[-1,-2],[5,0],[2,1],[2,7],[3,2],[3,-3],[4,-1],[4,-3],[2,1],[4,6],[-6,3],[-2,3],[2,2],[-2,1],[-3,-1],[-2,2],[-1,2],[2,2],[-3,0],[0,2],[2,2],[0,4],[-2,5],[-2,1],[1,6],[-1,1],[-1,5],[-2,3],[2,2],[0,2],[2,2],[3,0],[3,3],[7,-2],[11,3],[5,-2],[3,-2],[5,-1],[2,-1],[3,0],[5,-1],[3,-2],[6,-1],[6,1],[4,2],[-6,3],[-1,2],[-4,1],[-6,5],[-1,2],[-5,1],[-1,5],[-3,1],[0,2],[-3,-1],[-3,2],[-1,-1],[-4,2],[-1,3],[1,2],[3,0],[0,3],[-2,1],[0,9],[-1,1],[1,3],[-2,8],[-2,0],[-1,8],[2,2],[3,2],[6,-2],[1,3],[3,1],[-3,7],[1,3],[2,0],[1,3],[3,1],[2,2],[5,1],[4,-3],[4,3],[0,1],[-5,3],[-2,7],[1,1],[4,2],[-1,3],[2,3],[-4,2],[-3,-2],[-1,5],[4,6],[3,2],[8,0],[1,-2],[3,-1],[8,0],[2,1],[1,4],[4,2],[12,4],[8,4],[1,1],[4,2],[8,3],[3,0],[-1,2],[2,1],[1,5],[2,2],[0,4],[5,8],[4,5],[7,4],[5,5],[8,3],[10,3],[5,0],[-1,6],[-1,7],[-2,4],[-4,10],[0,2],[-1,6],[2,6],[-1,7],[-5,5],[-3,5],[-1,3],[-1,6],[-3,4],[-8,8],[-3,1],[-5,7],[-2,3],[1,2],[-1,4],[-6,1],[-1,-7],[-1,4],[-4,3],[-4,0],[-2,2],[-6,6],[-8,5],[-2,3],[-5,7],[-1,5],[3,6],[1,0],[3,3],[0,3],[-2,4],[-1,4],[1,6],[3,1],[-1,4],[1,5],[3,7],[6,7],[2,4],[-5,8],[-2,2],[-2,4],[0,4],[-3,14],[0,6],[1,3],[5,5],[0,2],[6,9],[2,1],[1,5],[-1,11],[-2,6],[-2,4],[-1,9],[-4,8],[-2,7],[-1,4],[1,5],[2,9],[2,3],[5,7],[0,3],[2,-1],[3,5],[5,5],[7,4],[7,3],[6,2],[1,1],[7,3],[10,2],[0,2],[4,3],[8,4],[2,5],[-2,2],[0,7],[-3,4],[4,4],[-2,2],[-6,0],[-3,4],[-8,5],[-2,5],[-3,-1],[-6,2],[-1,1],[-10,2],[-5,0],[0,3],[-4,0],[-2,-3],[-6,-1],[-3,1],[2,3],[-1,1],[-2,-3],[-3,-1],[-3,1],[-2,-2],[1,-3],[-3,0],[-1,1],[-5,-2],[-1,-2],[-7,-1],[-1,2],[-7,1],[-6,1],[-9,3],[-4,-1],[1,1],[-3,4],[0,2],[3,1],[-3,1],[-6,6],[5,-2],[-2,4],[4,1],[0,3],[3,4],[-1,2],[4,2],[-1,2],[2,0],[2,3],[-3,2],[-1,3],[1,2],[0,3],[-2,2],[2,1],[-3,1],[-1,1],[-4,1],[6,2],[-4,3],[1,2],[-1,2],[1,1],[-2,2],[-2,-3],[-6,1],[-1,1],[-5,1],[8,4],[-3,0],[-6,0],[-2,2],[-5,1],[-2,0],[0,3],[-9,-4],[-1,2],[-4,0],[0,-3],[-5,1],[-1,1],[3,1],[0,3],[-3,0],[-2,-2],[-6,2],[0,-2],[-3,-3],[-1,2],[-4,0],[1,5],[2,0],[-6,4],[-4,4],[0,2],[-2,3],[-6,6],[-7,8],[-1,2],[-10,8],[-10,8],[-9,6],[-5,3],[-7,6],[-8,10],[-19,10],[-7,2],[-12,5],[-2,0],[-12,6],[-7,6],[-5,5],[-2,4],[-5,0],[-3,-5],[-2,0],[2,5],[0,6],[-2,2],[-4,1],[-1,2],[-11,5],[-7,8],[-1,3],[1,2],[-3,2],[-3,-3],[-3,-8],[-7,-4],[-11,-2],[-7,0],[-7,2],[-3,-2],[0,-3],[-6,-1],[-5,1],[-3,-2],[-1,-2],[-4,4],[-6,0],[-12,4],[-6,0],[-10,2],[-12,-2],[-4,-2],[-6,-3],[-7,-2],[-10,-2],[-6,2],[-6,3],[-3,3],[-5,1],[-5,2],[-8,6],[-1,0],[-10,11],[-6,2],[-4,4],[-2,-1],[-4,5],[-2,0],[-1,2],[-4,1],[-1,1],[-3,2],[0,2],[-3,1],[0,2],[-4,0],[-4,-2],[-4,0],[-3,7],[-2,2],[0,1],[-4,0],[-2,3],[-2,1],[-1,4],[-2,0],[-2,2],[1,2],[0,2],[3,0],[5,1],[5,-2],[3,1],[-2,4],[2,2],[5,-2],[4,4],[-2,0],[5,3],[5,0],[2,4],[-5,0],[-9,0],[-2,-1],[-3,0],[-7,4],[-5,-1],[2,-6],[5,1],[4,-2],[-3,-1],[-2,1],[1,-3],[-7,2],[3,-5],[-5,0],[-1,-2],[-3,2],[0,-3],[-3,0],[0,3],[-2,-1],[-2,2],[0,3],[2,1],[2,3],[-5,2],[-2,0],[-3,-5],[3,-1],[2,-3],[-3,-4],[-1,1],[-2,3],[-3,-2],[-3,0],[-4,2],[-1,2],[-3,1],[-5,-1],[-1,-4],[-4,0],[0,4],[-1,1],[-4,-2],[-3,1],[-4,-4],[-3,-1],[-6,-4],[-6,0],[-4,1]],[[6819,5537],[-3,0],[0,-3],[3,0],[0,3]],[[6918,5571],[-3,-2],[-2,-1],[4,-2],[-4,-4],[3,-1],[5,3],[-1,5],[-2,2]],[[6812,5573],[-1,-1],[3,-2],[-1,3],[-1,0]],[[6915,5582],[-3,2],[-1,-2],[-4,-1],[-5,0],[2,-3],[4,0],[-1,-2],[3,-1],[-1,-2],[2,-2],[4,1],[4,2],[0,2],[-4,6]],[[6933,5636],[-3,-3],[0,-7],[3,-2],[0,2],[-1,4],[2,3],[-1,3]],[[6976,5658],[1,-4],[-1,-3],[0,-4],[6,-1],[4,-3],[3,-1],[2,2],[-4,3],[0,2],[4,3],[1,1],[-5,2],[-2,1],[-9,2]],[[6754,6417],[-2,-2],[3,-1],[-1,3]],[[6759,6430],[-3,-2],[-2,-4],[2,0],[3,4],[0,2]],[[6703,6444],[-4,-3],[3,1],[1,2]],[[6496,6491],[-3,-5],[1,-2],[2,1],[5,-2],[2,-3],[1,2],[-4,7],[-4,2]],[[4837,4571],[0,0]],[[4837,4571],[-1,-1],[-3,0],[0,-2],[-2,-1],[-2,-2],[5,-2],[-1,-2],[-4,-1],[-10,5],[-6,0],[1,-4],[2,1],[6,-1],[1,-3],[6,1],[-1,-2],[-2,-1],[3,-1],[6,1],[0,-2],[1,-2],[-1,-2],[-6,0],[-3,-2],[-4,0],[0,2],[-3,1],[-5,-2],[-6,3],[-6,0],[-2,-1],[0,-2],[2,-2],[-1,-4],[2,-1],[6,1],[0,2],[4,1],[1,-4],[-2,-2],[3,-1],[0,2],[4,2],[3,-3],[0,-2]],[[4822,4538],[0,0]],[[4822,4538],[4,2],[1,1],[6,0],[-1,-6],[-2,-3],[5,2],[3,-1],[0,2],[4,1],[4,-3],[2,1],[4,-3],[3,-4],[-5,-5],[0,-3],[3,-1],[0,-4],[-1,-1],[0,-4],[1,-5],[3,-3],[-1,-3],[1,-3],[2,-1],[-1,-2],[3,-1],[1,-2],[2,0],[0,-4],[1,-2],[9,2],[4,-1],[4,4],[11,3],[8,-3],[3,-2],[2,1],[7,-7],[0,-5],[-1,-4],[2,-3],[3,2],[8,-3],[4,-2],[2,-3],[1,-8],[0,-7],[-2,-9],[-1,-4],[-2,-1],[0,-5],[-2,-1],[-4,-7],[-2,-6],[-4,-4],[0,-3],[2,0],[-1,-3],[2,-1],[-2,-11],[-3,-6],[-6,-9],[-1,-1],[0,-3],[6,1],[1,-3],[0,-3],[-2,-5],[-4,-6],[-6,-6],[-3,1],[-1,-4],[-5,-7],[-9,-9],[-8,-5],[-6,-3],[-13,-5],[-7,-2],[-4,2],[-2,3],[-5,2],[-4,4],[-1,-2],[0,-2],[-3,-1],[-3,1],[0,2],[-4,0],[-2,-1],[1,-3],[4,-2],[2,-1],[2,-6],[3,1],[3,-1],[3,2],[4,-1],[1,-2],[0,-3],[2,0],[4,-3],[4,-1],[5,-5],[0,-4],[-6,-4],[-4,0],[3,-2],[0,-2],[-3,-3],[-2,-5],[-3,-2],[-4,-2],[-5,0],[-3,2],[1,2],[-7,0],[-1,1],[-10,0],[1,-2],[-2,-2],[-4,-1],[-3,1],[1,-2],[-4,-5],[4,1],[0,-5],[-3,-4],[-2,0],[-3,0],[-1,-1],[-3,-2],[-5,1],[-7,-4],[-2,-2],[0,-3],[-2,-3],[2,-2],[-1,-2],[-3,-4],[-3,-2],[-4,0],[-3,-5],[2,-1],[1,-2],[-2,-3],[-2,-2],[-10,3],[-2,-2],[-4,-1],[-1,-2],[-4,-1],[-2,-2],[-2,0],[-4,-3],[-3,1],[0,-3],[3,-1],[1,2],[2,-3],[-7,-3],[2,-3],[0,-2],[-4,0],[-12,2],[0,2],[-2,0],[-1,4],[-2,2],[-1,5],[-5,3],[-3,11],[2,1],[2,5],[2,1],[0,4],[1,4],[5,1],[0,3],[-3,-2],[-7,1],[-3,2],[3,3],[1,4],[-4,0],[-4,-1],[-1,3],[1,3],[-3,0],[0,2],[2,3],[5,-1],[2,2],[5,0],[2,-2],[2,3],[-1,2],[-4,0],[0,3],[-2,2],[-3,-2],[-3,-3],[-6,0],[-1,4],[-4,0],[-1,-3],[-2,-2],[-1,-4],[-2,-1],[-3,3],[-4,5],[-1,0],[2,-7],[-2,-4],[-4,-1],[-2,-1],[6,-1],[4,1],[2,0],[-1,-2],[-4,-1],[2,-2],[-6,-2],[-3,-1],[-3,0],[3,-2],[7,1],[4,0],[2,1],[3,-2],[0,-1],[-5,-2],[-2,-2],[4,-1],[4,1],[5,-2],[1,-2],[2,0],[3,-2],[-9,-5],[2,-3],[-2,-2],[-4,-2],[-7,3],[-2,-4],[-4,1],[-1,2],[-4,-1],[-1,2],[-4,-1],[-3,2],[-2,-1],[1,-2],[4,0],[3,-4],[1,0],[4,-3],[-3,-2],[2,-4],[-2,-3],[-5,-2],[-4,0],[0,-4],[-7,-2],[-3,1],[-4,2],[-3,5],[1,5],[-3,0],[-3,-4],[-7,0],[0,3],[2,4],[-1,3],[-4,-1],[-3,1],[-1,2],[-4,2],[-2,-7],[-4,-1],[-7,-2],[-1,3],[-3,0],[-1,-4],[-3,0],[-4,5],[-3,2],[-2,-2],[-6,-2],[2,-5],[1,-3],[2,-1],[0,-2],[-7,-2],[-4,-2],[0,-2],[3,-5],[-2,-1],[-3,-2],[-3,-1],[-1,1],[-2,-1],[-2,1],[-4,-1],[2,-3],[-1,-2],[4,-2],[5,-4],[-2,-2],[1,-4],[3,1],[3,3],[3,0],[1,-2],[5,0],[0,1],[6,1],[-1,3],[2,1],[4,0],[-1,1],[3,3],[1,4],[3,2],[5,3],[6,-1],[0,-5],[-3,-1],[0,-2],[3,0],[1,-3],[-5,-3],[2,-2],[3,-2],[1,-3],[6,-4],[-2,-2],[-6,-1],[-8,6],[-3,0],[-4,-3],[2,-4],[-2,-2],[-3,-1],[1,-3],[-5,-4],[2,0],[3,-3],[-2,-5],[-2,-2],[-7,-4],[-4,-1],[-3,1],[-7,4],[-1,1],[-3,1],[2,-2],[1,-3],[2,-1],[1,-2],[-1,-3],[-6,-5],[-4,1],[0,-2],[-4,-2],[-4,-1],[-6,3],[-1,4],[1,1],[-4,-1],[-2,0],[0,2],[-3,1],[0,2],[-2,-1],[-3,0],[4,-4],[-1,-2],[-3,-1],[-5,1],[0,-3],[4,0],[2,-1],[2,1],[7,-1],[1,-1],[2,-4],[2,0],[-2,-2],[3,-1],[2,2],[3,0],[3,-4],[-1,-2],[-5,-2],[-5,1],[-4,-2],[-4,0],[-5,1],[-1,-2],[3,0],[2,-3],[2,2],[4,-2],[3,-1],[1,-4],[-3,-3],[-2,-1],[3,-1],[0,-2],[-2,-4],[-2,0],[1,-2],[-3,-5],[-5,-1],[3,-1],[2,-3],[-1,-1],[-3,-2],[0,-3],[-3,-4],[-5,0],[-3,-3],[-4,0],[0,2],[-3,-2],[-3,-1],[-3,1],[-5,-1],[-1,1],[-1,-2],[-5,0],[-2,-1],[-6,-1],[-2,1],[-2,3],[-10,6],[-9,0],[-9,0],[-3,-1],[-2,-2],[-2,0],[-2,-1],[-3,-1],[0,-2],[-2,0],[-2,-3],[-1,-4],[-6,-2],[-7,-1],[-1,1],[-7,2],[0,3],[-5,2],[-2,-2],[-1,1],[-4,-2],[-1,1],[-3,-1],[0,-5],[2,-1],[-1,-5],[-3,-3],[2,-4],[6,-3],[-2,-2],[1,-5],[-2,-1],[0,-5],[2,-4],[-1,-1],[3,-3],[-3,-7],[-3,-1],[-2,-2],[2,-1],[-1,-2],[2,-1],[1,-3],[8,0],[4,-2],[5,2],[8,-3],[3,0],[1,-2],[-8,-2],[-1,0],[-3,-1],[0,-3],[-4,-2],[4,-3],[-6,-3],[1,-2],[-2,-2],[0,-2],[-3,-2],[-3,-3],[-4,0],[2,-3],[-3,-3],[0,-3],[-2,-2],[0,-2],[2,-4],[-1,-4],[2,-1],[0,-7],[-1,-2],[-5,0],[-1,3],[-4,3],[-5,-1],[3,-3],[-1,-4],[1,-1],[-4,-1],[-3,-2],[-2,4],[-3,-1],[0,-1],[-3,1],[-2,0],[-2,-1],[-3,3],[0,5],[-1,3],[1,1],[-4,4],[6,1],[-1,2],[2,2],[-2,4],[1,2],[-7,1],[-3,-1],[-2,2],[1,2],[-4,0],[-2,-1],[-2,2],[-4,-1],[-4,3],[0,1],[-5,1],[-1,4],[3,0],[1,1],[3,0],[3,-2],[3,-1],[2,2],[3,-2],[2,0],[3,-1],[2,1],[4,-3],[2,0],[-1,2],[1,3],[-1,2],[1,4],[-1,1],[-5,1],[-3,3],[0,2],[2,1],[4,-2],[1,6],[-1,3],[-7,5],[0,3],[3,0],[4,-2],[1,1],[-4,4],[0,4],[-5,4],[-4,-2],[1,-3],[2,-2],[-3,-3],[-2,-4],[-4,0],[-2,-3],[-3,0],[-1,-7],[2,-1],[0,-4],[-4,-1],[2,-5],[-1,-1],[-5,0],[-3,-1],[-3,-4],[-2,0],[0,-3],[-5,-1],[2,-3],[-1,-3],[-2,-2],[0,-3],[1,-2],[-1,-4],[2,-3],[-4,-5],[-3,-1],[-2,1],[-7,-2],[-2,0],[-2,4],[-3,0],[-5,-6],[-5,1],[-1,-3],[2,-4],[-1,-2],[-5,-2],[-1,-1],[-8,-4],[-3,0],[-2,2],[-3,-2],[-2,0],[-1,-2],[-3,0],[-1,-2],[-3,-4],[-11,1],[-1,3],[-3,-1],[1,-2],[-1,-3],[7,-1],[-2,-3],[2,-3],[-1,-3],[4,0],[1,1],[4,-1],[3,-5],[-2,-2],[-3,0],[-2,-2],[1,-2],[-3,-2],[-5,1],[-2,-1],[-2,-4],[3,-3],[0,-1],[-6,-4],[4,-1],[-3,-2],[2,-2],[1,-3],[-2,-2],[-3,-1],[-5,1],[0,-4],[-6,-2],[-5,-1],[2,-2],[-3,-2],[-2,0],[-2,-2],[-6,-1],[-3,1],[-5,-1],[0,-1],[2,-1],[0,-1],[-3,-4],[5,1],[3,-2],[-3,-5],[2,0],[3,-3],[0,-3],[-3,-2],[-1,-3],[-4,-2],[2,-2],[-1,-2],[-3,-3],[-4,-2],[-5,1],[-2,-5],[-5,-5],[-11,-4],[-4,1],[-1,-2],[-2,0],[-2,-5],[1,-4],[-2,-3],[-5,-4],[-4,-1],[-3,-6],[-3,-2],[-5,-1],[-1,-1],[-4,-3],[0,-4],[-5,-3],[0,-2],[-5,-7],[-9,-5],[-7,-2],[3,-2],[0,-2],[-4,-6],[-4,-1],[-6,0],[-1,-1],[-5,-3],[-5,-3],[-2,-5],[-7,-1],[-2,-3],[-2,0],[-3,-4],[-7,0],[-5,1],[-4,-3],[-4,-1],[-2,1],[-4,-1],[-2,-3],[-3,-2],[-5,0],[-5,-4],[-1,-4],[-4,-4],[-5,0],[-2,1],[-1,-3],[3,0],[-2,-2],[0,-3],[-8,-3],[-3,-2],[0,-2],[1,-2],[-1,-1],[-1,-6],[3,-2],[-2,-3],[-5,-2],[-4,-1],[-7,1],[-1,0],[-3,-3],[0,-2],[-3,-2],[-3,0],[-2,-2],[-3,-3],[-4,-1],[-3,4],[-4,-1],[-3,3],[-5,0],[1,3],[-4,0],[-3,-2],[-3,0],[-1,-2],[-3,0],[-4,-2],[1,-2],[-2,-1],[-6,-6],[0,-2],[-2,-2],[4,-1],[-1,-3],[3,-2],[3,-4],[0,-4],[-4,-2],[-1,-1],[2,-2],[0,-2],[-2,-3],[-1,-5],[-5,-8],[-3,1],[-7,-3],[-4,-3],[-3,1],[-3,-1],[-2,-3],[-8,-4],[-6,-8],[-3,-2],[-4,0],[0,-6],[2,-2],[-2,-3],[-4,-2],[-4,0],[-1,-2],[-2,-2],[-2,-3],[-4,-1],[-7,-4],[-6,0],[-7,-4],[-2,-1],[-2,-5],[-3,-2],[-2,-4],[-3,-1],[-4,3],[-2,1],[-5,-2],[-3,-4],[-7,-1],[-2,-1],[-3,-4],[-1,-4],[-2,-1],[-5,0],[-2,-2],[0,-2],[2,-2],[-1,-6],[-4,-2],[-1,-4],[1,-3],[-5,-4],[4,-4],[-5,-4],[1,-5],[-1,-3],[-2,-2],[0,-3],[-1,-2],[-3,0],[-9,-4],[-7,1],[-3,-1],[-4,-2],[-2,0],[-10,-3],[-3,0],[-5,2],[-4,-1],[-6,1],[0,-2],[1,-4],[-2,-6],[-4,-3],[-6,-2],[0,-2],[2,-5],[4,-3],[4,-7],[2,-4],[-1,-2],[-3,-1],[-6,0],[-2,-3],[-3,-1],[-5,-4],[2,-1],[-4,0],[-3,6],[-4,1],[-2,-2],[-4,0],[-1,-1],[-4,-1],[0,-2],[2,-2],[0,-2],[-2,-1],[1,-3],[-2,-3],[-6,1],[-1,1],[-3,-3],[-3,-1],[2,-4],[-2,-2],[-7,-3],[-5,-1],[-5,1],[-3,0],[-6,-4],[1,-3],[4,-4],[-4,-5],[-3,-1],[-6,1],[-1,-1],[-4,-1],[0,-2],[-2,-2],[-3,-1],[-5,-4],[0,-3],[5,-4],[-1,-3],[-6,-4],[-7,-2],[-4,2],[0,1],[-5,1],[-1,-2],[-5,-3],[-6,0],[-6,4],[-4,2],[-4,3],[1,4],[1,4],[4,4],[2,3],[-2,4],[-1,2],[-4,-4],[-6,-3],[-5,1],[-5,-2],[-3,-4],[-6,-2],[2,-1],[0,-4],[-2,-3],[-2,2],[-1,-2],[-3,1],[-4,4],[-4,0],[-2,-2],[2,-2],[-8,1],[-4,2],[-2,4],[-5,-2],[-4,2],[-1,-1],[-8,1],[-2,-2],[-1,-2],[-6,-1],[-7,-4],[-1,-1],[-6,-4],[1,-2],[-3,-2],[5,-1],[-5,-2],[-4,-2],[-5,0],[2,-1],[-3,-5],[-2,-1],[-2,-5],[-4,-2],[1,-1],[-3,1],[0,4],[-3,1],[-7,-3],[-2,-5],[-6,-1],[-6,-3],[-3,-3],[0,-3],[-1,-1],[-6,-2],[-5,0],[-6,7],[-3,-1],[-4,-6],[1,-2],[-3,-4],[-6,-3],[-9,0],[-3,-2],[-3,-4],[-4,-1],[-3,-3],[3,-4],[0,-3],[-3,-2],[-2,-1],[0,-2],[4,-1],[3,0],[-3,-5],[-9,-1],[-5,-5],[-3,-4],[1,-3],[-1,-5],[-4,-1],[-2,-2],[3,-3],[0,-2],[2,-4],[0,-4],[-1,-2],[-3,0],[-3,-3],[1,-5],[-2,-3],[-4,-4],[-1,0],[-4,3],[-1,-4],[-4,-2],[-7,1],[-5,5],[-4,-4],[-1,-3],[-3,-1],[-4,0],[-7,3],[-3,2],[-2,7],[1,2],[-1,2],[-2,-1],[-3,5],[-2,1],[-3,0],[-1,-2],[1,-3],[1,-5],[-2,-1],[-5,-3],[-8,-1],[-3,2],[-4,2],[-3,0],[-5,-6],[-2,-1],[-4,1],[0,-3],[-3,-3],[-2,-1],[-3,0],[-1,-3],[-4,-3],[-3,0],[-5,0],[-2,0],[3,-3],[-2,-4],[0,-2],[-8,-4],[3,-4],[0,-1],[-3,-6],[0,-5],[1,-2],[-1,-4],[-6,-1],[-1,-3],[-4,0],[-8,-5],[-1,-2],[-5,-1],[-2,-2],[-2,-5],[-4,-1],[-1,-2],[-1,-3],[-3,-2],[-10,-4],[-7,-1],[-4,2],[-1,-1],[-5,0],[-2,-1],[-3,1],[-3,0],[0,-2],[1,-7],[-3,-2],[-1,-4],[-2,-3],[-3,-1],[-8,1],[1,-3],[-2,-5],[-3,-2],[-6,-2],[-3,0],[0,-3],[-4,-3],[-2,0],[-1,-5],[-3,-4],[-7,-1],[-9,-4],[4,-4],[-2,-7],[-4,-5],[-3,-1],[-2,-4],[-4,-2],[-4,-1],[-2,1],[-5,-1],[0,-1],[-3,-4],[1,-5],[0,-2],[-5,-5],[-2,-4],[-3,-1],[-1,-4],[1,-3],[-1,-3],[-4,0],[-4,-2],[-1,-1],[-4,0],[-2,-2],[0,-3],[-2,-1],[-2,3],[-3,0],[-4,-4],[-1,-2],[-4,-3],[-3,-3],[-1,-2],[5,-2],[-2,-1],[3,-1],[1,-4],[2,0],[3,-3],[-7,-4],[0,-4],[-3,0],[-3,1],[-3,-3],[-2,0],[-3,-2],[-2,1],[-5,-1],[-7,0],[-4,-2],[-5,0],[-1,0],[-7,1],[-5,-2],[-5,0],[1,-2],[-3,-1],[-6,1],[4,-4],[-2,-2],[-2,1],[-1,-3],[-9,-2],[-2,-2],[-1,-3],[1,-8],[-6,-4],[-2,0],[-4,-3],[-7,-4],[-3,0],[-1,-3],[2,-1],[8,2],[5,3],[6,-1],[-2,-1],[-3,-1],[-6,-4],[-2,-4],[1,-2],[0,-3],[2,-1],[-1,-2],[-3,-1],[-3,1],[-7,-2],[-7,-1],[-9,-7],[0,-2],[-3,-2],[-3,2],[-2,-1],[-7,-7],[-4,-8],[-3,-3],[-5,-4],[3,-3],[0,-4],[-2,-3],[1,-3],[-5,0],[-2,-2],[2,-2],[-5,-2],[0,-1],[-3,2],[-2,7],[1,2],[-2,1],[-2,-2],[-4,-1],[-2,-3],[1,-3],[2,-1],[0,-3],[5,-4],[2,-1],[2,-5],[0,-2],[-7,-6],[-2,1],[-5,0],[-3,-3],[-1,1],[0,-3],[-3,2],[-5,-1],[0,-2],[4,0],[1,-4],[-4,-2],[-2,0],[-3,-4],[0,-1],[7,-2],[-1,-3],[-1,-2],[-5,-1],[-6,-6],[-2,1],[-2,-3],[-1,0],[-5,-3],[0,-3],[4,-2],[2,0],[0,-3],[-2,-4],[-4,-2],[-4,-1],[-2,-4],[-1,-6],[2,-1],[3,0],[2,-3],[1,-4],[-1,-8],[-4,-1],[-5,-2],[5,-1],[2,-2],[-1,-7],[1,0],[-2,-5],[1,0],[0,-8],[-3,-3],[-5,-1],[-2,-4],[-1,-4],[-4,-2],[-2,0],[-2,-2],[-1,-4],[-2,0],[0,-3],[-4,-4],[-1,-5],[-1,-2],[-2,-1],[-3,-3],[-2,-4],[-2,-8],[1,0],[-1,-3],[-3,-2],[0,-3],[1,-4],[-1,-3],[4,-2],[4,-4],[9,-2],[4,0],[2,2],[4,-1],[7,2],[1,2],[3,2],[5,8],[-3,1],[-3,-1],[2,3],[-3,0],[-1,3],[-3,0],[1,1],[8,1],[5,-4],[1,2],[3,2],[-1,2],[-4,1],[3,3],[1,-1],[3,0],[-1,-2],[3,-3],[6,4],[2,1],[7,6],[1,2],[4,4],[1,4],[5,3],[1,3],[6,7],[4,2],[2,-1],[3,2],[2,0],[3,-3],[4,1],[4,2],[-3,1],[4,5],[5,1],[1,1],[-3,2],[12,5],[7,4],[1,1],[5,3],[5,6],[2,-1],[4,1],[8,4],[1,1],[7,3],[0,3],[4,0],[1,1],[5,1],[5,5],[3,0],[3,-2],[4,1],[-3,3],[1,0],[6,6],[-1,4],[2,0],[2,-1],[6,0],[1,-1],[5,0],[4,0],[-1,1],[3,0],[4,-3],[4,4],[5,1],[6,3],[11,-1],[3,-2],[4,-1],[1,1],[-7,4],[0,3],[4,2],[0,-3],[3,-2],[5,0],[5,1],[8,1],[1,1],[0,5],[-1,2],[1,4],[4,1],[4,-3],[2,0],[-1,3],[2,-2],[0,-2],[-2,-2],[0,-3],[6,-1],[9,0],[4,-4],[3,0],[0,-3],[1,-2],[3,-1],[6,2],[6,4],[2,6],[3,4],[1,2],[5,8],[1,3],[7,7],[2,4],[3,2],[2,3],[3,2],[7,5],[2,5],[0,3],[2,2],[1,4],[3,8],[-2,5],[-2,1],[0,1],[-3,2],[-1,3],[0,2],[-3,5],[-4,2],[0,1],[6,4],[1,3],[-3,3],[0,2],[2,0],[3,3],[3,1],[5,5],[5,2],[3,5],[6,5],[6,3],[6,0],[3,-1],[9,-1],[3,-2],[4,-1],[3,-1],[7,-4],[7,-1],[11,-3],[4,1],[4,2],[4,0],[3,-1],[1,3],[4,2],[6,1],[3,-1],[4,2],[5,0],[4,1],[5,-1],[8,4],[3,4],[5,3],[4,1],[6,1],[9,-1],[3,-2],[4,0],[4,1],[3,0],[5,2],[6,-1],[5,2],[3,-1],[5,5],[7,3],[5,5],[4,1],[4,3],[8,2],[4,2],[0,3],[4,3],[2,3],[4,1],[4,4],[0,5],[2,1],[2,5],[4,3],[0,1],[4,7],[5,4],[3,2],[7,1],[5,-1],[1,-1],[7,-1],[0,-2],[4,2],[3,4],[6,3],[0,1],[4,5],[5,2],[4,0],[1,5],[3,2],[2,7],[4,4],[4,2],[5,0],[1,3],[4,4],[3,1],[7,1],[7,5],[3,3],[6,3],[5,0],[2,-2],[7,0],[1,2],[2,3],[5,2],[3,0],[4,4],[6,4],[3,0],[3,2],[4,1],[2,-1],[2,4],[4,0],[1,-3],[11,1],[2,0],[2,4],[-2,1],[4,4],[2,0],[5,-2],[2,1],[6,-1],[1,1],[2,4],[-1,2],[4,3],[1,2],[-3,2],[0,4],[5,1],[3,-1],[3,4],[2,0],[1,4],[4,4],[1,9],[5,9],[4,3],[1,-1],[4,-1],[3,2],[3,5],[2,4],[-1,0],[-1,4],[1,2],[4,0],[2,3],[3,2],[-1,3],[5,3],[-5,4],[1,3],[3,1],[2,-2],[4,0],[2,2],[-2,3],[-2,2],[-4,0],[0,4],[3,1],[2,-1],[8,0],[6,2],[2,2],[1,5],[-2,0],[0,2],[2,-1],[3,3],[0,3],[-2,0],[0,2],[-3,0],[-2,3],[-5,0],[1,2],[-4,3],[-1,2],[2,-1],[7,0],[5,2],[2,0],[1,2],[4,1],[3,-5],[2,-1],[6,4],[0,8],[2,1],[-1,2],[2,2],[-1,4],[2,3],[0,5],[1,2],[-1,4],[-3,2],[2,1],[0,4],[4,2],[0,4],[6,3],[0,2],[2,2],[1,3],[1,6],[3,7],[6,4],[8,0],[3,-1],[2,-4],[2,0],[1,-3],[4,-2],[5,3],[-2,4],[2,3],[4,-1],[8,2],[0,2],[3,2],[5,0],[3,-2],[5,-1],[6,2],[3,4],[5,0],[4,3],[6,1],[0,2],[3,1],[5,0],[4,-5],[0,-3],[11,3],[9,2],[5,0],[8,3],[4,0],[2,3],[8,2],[13,2],[14,3],[5,0],[8,-1],[5,-1],[0,-1],[7,-1],[1,-1],[4,0],[2,-2],[2,2],[0,-1],[4,2],[5,1],[3,-1],[4,2],[1,2],[6,4],[3,0],[2,2],[-2,1],[3,2],[3,-1],[1,2],[-3,2],[2,2],[-2,5],[2,1],[7,3],[3,-2],[1,1],[-2,2],[2,2],[2,-3],[3,2],[-3,2],[3,2],[2,-1],[0,4],[3,0],[2,-2],[1,0],[-2,3],[2,2],[0,2],[3,0],[2,2],[1,3],[2,2],[13,1],[7,1],[4,-1],[-2,5],[0,5],[1,4],[3,1],[3,6],[3,3],[4,2],[6,-1],[1,-2],[3,0],[4,6],[5,6],[9,5],[5,1],[6,1],[0,-1],[4,0],[7,-2],[2,-4],[3,1],[2,8],[3,1],[0,2],[2,1],[1,5],[4,6],[5,3],[3,1],[4,-1],[2,1],[1,5],[2,2],[2,4],[4,6],[7,3],[3,0],[1,-2],[2,1],[0,3],[-1,1],[1,2],[4,2],[0,2],[-3,-1],[-4,1],[-1,6],[2,6],[2,3],[4,3],[3,1],[-1,1],[4,2],[-1,2],[3,0],[3,4],[2,2],[5,1],[1,1],[-2,4],[7,-2],[0,1],[-3,4],[2,-1],[1,4],[2,1],[-1,2],[2,3],[3,4],[4,1],[4,0],[2,-2],[3,1],[1,2],[-2,1],[-1,3],[1,3],[6,4],[2,-1],[4,2],[4,0],[3,3],[1,3],[3,5],[-2,1],[3,2],[0,2],[4,3],[5,-3],[3,-2],[5,-3],[1,2],[0,2],[-4,0],[4,2],[-1,1],[-6,1],[1,5],[-1,8],[4,0],[1,2],[5,-2],[1,-3],[6,3],[0,3],[4,3],[2,5],[-1,4],[7,8],[3,9],[4,6],[5,1],[5,0],[4,1],[6,4],[-1,2],[4,3],[2,1],[0,1],[2,-1],[2,2],[-1,2],[3,0],[4,3],[1,3],[-1,1],[4,5],[-1,2],[5,7],[5,3],[3,3],[3,1],[3,3],[4,1],[3,3],[1,2],[5,3],[1,3],[2,1],[0,3],[1,3],[-4,0],[-3,-2],[-7,1],[1,2],[-3,0],[0,1],[5,2],[-3,2],[2,0],[7,-3],[0,2],[3,1],[-1,-3],[1,-2],[4,4],[0,2],[3,2],[3,-1],[1,-3],[3,0],[8,5],[2,0],[2,2],[1,3],[-2,0],[1,6],[2,3],[0,3],[-2,2],[-6,0],[-3,-1],[0,-2],[-6,-2],[-4,1],[-4,0],[-1,-3],[-4,3],[0,1],[3,5],[4,2],[-6,2],[-1,1],[-2,-2],[-5,-1],[-1,-3],[-2,0],[-1,-4],[-5,-2],[-2,2],[-5,-4],[-2,0],[1,3],[-1,3],[1,1],[4,0],[5,4],[3,0],[0,3],[2,0],[-1,2],[3,2],[3,0],[3,2],[-5,0],[-1,2],[-2,1],[-3,0],[-3,-2],[-3,-1],[0,2],[-3,-2],[-5,0],[-4,1],[-5,2],[2,4],[-3,4],[5,2],[2,2],[-2,4],[-2,2],[3,0],[0,2],[-2,3],[-4,3],[-1,5],[-1,3],[1,3],[-1,0],[1,5],[4,3],[1,2],[3,-3],[5,3],[1,-1],[6,-3],[3,0],[1,2],[2,3],[-2,3],[1,4],[4,0],[-2,-1],[0,-2],[4,-2],[1,-4],[-3,-2],[5,-3],[3,3],[0,3],[2,-2],[3,1],[-1,-4],[1,-3],[-2,-3],[5,-5],[0,-3],[-3,-1],[1,-4],[-8,0],[-1,-3],[2,-1],[3,-6],[8,0],[4,-1],[3,1],[2,-2],[5,1],[3,-3],[5,-1],[5,-1],[4,5],[1,3],[-1,3],[0,10],[1,5],[-2,8],[3,4],[-2,2],[1,3],[0,3],[-1,4],[2,2],[-2,6],[-3,7],[-3,1],[-3,3],[-4,0],[-3,-1],[-2,2],[0,2],[3,3],[-2,3],[-4,2],[-5,4],[-3,0],[-1,5],[3,3],[-1,5],[2,2],[-2,2],[1,2],[-2,2],[2,3],[1,5],[1,5],[-2,2],[0,7],[-4,0],[3,3],[2,8],[2,2],[4,5],[-2,5],[3,2],[5,1],[-1,-4],[1,-2],[4,-2],[-1,-4],[2,-2],[2,1],[-1,5],[-1,1],[0,5],[3,1],[3,-2],[2,1],[2,2],[0,3],[1,2],[8,2],[8,2],[5,-2],[2,-2],[3,-1],[1,-2],[3,1],[14,0],[3,2],[3,4],[6,3],[2,2],[8,8],[8,5],[3,2],[12,4],[16,2],[9,-1],[2,-1],[0,2],[5,-2],[1,-2],[9,0],[3,0],[5,1],[2,2],[5,0],[4,-1],[3,1],[7,-1],[4,1],[4,2],[5,2],[2,-1],[5,1],[2,-1],[8,1],[3,-1],[8,2],[3,0],[4,4],[2,0],[5,1],[7,3],[11,1],[2,-2],[8,2],[5,4],[6,1],[4,1],[13,2],[6,-1],[3,1],[4,2],[5,0],[3,3],[4,1],[7,0],[4,2],[11,0],[5,2],[9,-1],[3,0],[2,2],[8,0],[3,0],[2,1],[4,-1],[2,1],[7,0],[6,1],[4,2],[2,0],[6,2],[5,2],[4,2],[5,3],[2,1],[6,0],[2,2],[5,0],[7,4],[0,1],[4,1],[-4,2],[2,5],[2,-1],[1,3],[8,5],[2,2],[-1,4],[1,5],[-1,2],[1,8],[3,3],[3,6],[3,2],[-1,3],[0,4],[-1,2],[-1,3],[1,2],[-1,1],[1,4],[3,0],[3,3],[3,0],[-1,3],[-4,2],[-1,9],[3,5],[2,2],[-1,2],[9,-1],[5,2],[-2,2],[-2,0],[-1,7],[3,6],[5,9],[7,8],[1,5],[4,-1],[4,6],[6,4],[3,3],[8,4],[2,6],[2,8],[3,2],[-1,1],[3,2],[0,2],[3,-1],[5,3],[7,4],[4,5],[6,4],[3,3],[0,2],[9,2],[7,1],[8,0],[6,0],[-1,4],[3,5],[6,3],[3,5],[3,2],[7,2],[7,2],[1,-1],[7,-1],[3,0],[-1,4],[6,-2],[3,-1],[5,1],[8,6],[8,0],[4,-3],[4,3],[4,0],[3,6],[4,3],[6,1],[7,4],[7,1],[8,-3],[4,-1],[10,1],[3,-1],[2,0],[5,-2],[1,-2],[7,1],[4,-2],[2,-2],[5,2],[7,0],[13,4],[1,-1],[6,2],[9,-1],[4,2],[8,0],[5,0],[3,4],[0,3],[2,5],[2,1],[-1,3],[0,5],[2,2],[5,4],[3,4],[-2,1],[3,4],[1,-1],[9,2],[3,2],[6,3],[3,2],[4,1],[3,3],[3,3],[3,1],[8,0],[8,4],[7,5],[1,3],[3,0],[3,2],[0,2],[1,4],[4,0],[2,3],[3,2],[5,4],[1,2],[4,1],[2,3],[3,1],[1,-1],[6,1],[3,1],[1,2],[5,2],[0,-5],[4,0],[3,2],[3,3],[3,1],[2,3],[4,1],[2,2],[-4,2],[3,2],[2,0],[0,2],[-2,1],[-2,3],[-5,5],[-1,1],[-7,-1],[-2,-6],[-3,-2],[0,3],[0,3],[-3,-1],[3,3],[-1,2],[2,0],[2,3],[1,-1],[2,2],[3,-1],[0,2],[-3,2],[-5,-3],[-6,4],[-4,-3],[-2,3],[-5,1],[-1,-2],[-4,-1],[-4,1],[1,3],[3,2],[-1,5],[-3,1],[-2,-1],[-2,3],[-1,-1],[-2,2],[-3,5],[3,3],[-1,3],[-4,4],[1,4],[-1,2],[-4,1],[1,1],[-2,3],[0,6],[2,1],[-5,-2],[-4,1],[-5,-2],[-1,4],[3,0],[-1,2],[2,1],[-3,2],[-1,5],[-5,0],[-4,-3],[-4,1],[0,2],[3,0],[1,2],[3,3],[1,-1],[5,2],[0,3],[-2,0],[-1,4],[-4,4],[-3,1],[0,3],[-2,1],[2,2],[-2,2],[-3,-1],[0,3],[4,0],[1,1],[2,-1],[1,-2],[3,0],[0,-3],[3,1],[1,0],[0,-5],[2,1],[0,4],[2,1],[2,-2],[3,0],[-2,-1],[2,-2],[5,1],[-1,4],[6,2],[7,-2],[1,-1],[2,1],[-5,2],[0,3],[-4,-2],[-2,2],[-3,-2],[-4,1],[-2,2],[0,5],[8,1],[-3,1],[-3,0],[-2,1],[-4,0],[-5,4],[0,6],[-3,1],[2,-3],[0,-3],[-3,-1],[-8,6],[0,-3],[-3,1],[0,-4],[-4,1],[3,-3],[5,-1],[1,-1],[-2,-3],[-3,-1],[2,-2],[-4,1],[-2,2],[-3,1],[-2,0],[2,-3],[-1,-2],[-3,0],[0,-2],[-4,2],[-7,2],[-3,0],[-1,-2],[1,-2],[-1,-2],[-6,1],[-1,4],[-3,0],[-3,-2],[-1,-2],[-4,-3],[-4,0],[-4,4],[0,2],[4,4],[0,5],[-1,1],[5,1],[2,0],[5,3],[-2,4],[2,2],[-2,1],[3,2],[3,-2],[1,2],[-4,3],[3,0],[-1,1],[3,0],[0,2],[3,1],[-3,3],[1,3],[-1,1],[5,4],[3,0],[1,2],[-1,4],[-2,-1],[-4,3],[-2,-1],[-3,2],[0,2],[-2,6],[3,1],[0,6],[4,2],[-1,2],[2,3],[-1,4],[-3,-1],[-5,2],[-3,0],[-2,2],[0,5],[-4,0],[2,2],[5,-1],[2,-3],[2,2],[0,5],[5,2],[2,4],[-2,3],[0,2],[-5,3],[-2,0],[-3,2],[-4,0],[0,1],[5,1],[1,-1],[7,-1],[6,-2],[1,3],[-3,2],[0,4],[3,0],[-2,2],[-5,0],[1,5],[-5,2],[-2,2],[-7,-2],[-3,3],[-8,-1],[0,-2],[-7,-3],[-2,0],[-7,-2],[-3,-3],[-8,-3],[1,-1],[-3,-3],[-3,0],[-3,3],[-1,3],[-3,1],[-3,2],[-8,2],[-1,-2],[-5,3],[2,2],[-3,2],[0,4],[5,5],[0,1],[-4,2],[-1,7],[-5,0],[-1,2],[-6,3],[-6,2],[-5,1],[-1,1],[0,5],[2,1],[2,-1],[4,4],[0,3],[-3,1],[3,8],[2,2],[-1,2],[-1,-3],[-1,4],[3,4],[2,4],[2,3],[-2,8],[-1,1],[-1,4],[2,4],[-3,5],[-6,4],[1,2],[5,0],[3,4],[-2,2],[-3,0],[0,1],[2,4],[0,5],[-1,4],[4,3],[1,0],[3,3],[2,3],[-1,2],[1,2],[4,0],[3,4],[9,2],[5,-5],[2,1],[0,3],[4,-3],[5,0],[1,2],[2,-2],[4,-6],[3,-2],[2,1],[4,0],[5,0],[5,-4],[6,3],[-2,2],[3,3],[-3,3],[-1,3],[1,2],[-2,2],[2,2],[-3,4],[0,4],[-3,2],[-2,3],[-1,6],[0,2],[-1,3],[-4,0],[-1,3],[1,3],[3,2],[0,2],[3,2],[0,4],[3,2],[-1,2],[-7,-3],[-1,-2],[-3,0],[-9,-6],[-3,-1],[-4,4],[-2,1],[0,7],[-4,3],[-1,4],[-9,1],[-4,1],[1,4],[-2,5],[1,1],[-2,4],[-4,5],[-2,0],[-3,4],[0,4],[4,4],[0,3],[5,2],[3,1],[3,0],[2,3],[3,3],[5,2],[9,7],[2,4],[0,7],[3,1],[-1,2],[0,5],[-4,0],[5,2],[3,3],[1,2],[3,2],[3,5],[3,3],[1,8],[2,4],[-2,4],[5,7],[0,2],[2,3],[2,8],[1,1],[1,4],[-1,2],[-1,3],[2,4],[-1,1],[2,2],[-2,4],[-3,2],[-1,9],[-5,5],[-3,0],[0,5],[2,1],[-1,5],[-3,2],[3,2],[-8,1],[-1,-5],[-2,-1],[-2,-4],[1,-2],[-5,-2],[-4,0],[-6,2],[-6,3],[-4,-2],[-6,4],[-1,4],[2,3],[0,5],[-3,3],[-1,3],[0,5],[3,1],[-3,5],[0,3],[-2,3],[1,4],[2,3],[0,9],[-5,3],[0,2],[2,5],[-7,2],[-2,-3],[-2,0],[-4,2],[0,2],[-2,2],[0,1],[-4,-2],[-5,0],[0,3],[-2,0],[-2,-7],[3,-1],[3,-3],[-3,-4],[-5,1],[-3,-2],[1,-3],[2,-4],[0,-2],[2,-3],[-1,-3],[4,-3],[0,-2],[-3,-7],[-3,-3],[-7,-7],[-6,-2],[-5,0],[-1,-1],[-1,-5],[2,-3],[1,0],[-2,-3],[-3,0],[-6,2],[2,3],[-1,2],[-10,2],[-3,-4],[-4,0],[5,-4],[-2,-4],[-1,-4],[-2,-4],[-4,-3],[-5,-1],[-6,0],[4,-2],[3,0],[1,-2],[-2,0],[0,-4],[3,-3],[0,-3],[-2,-3],[2,-4],[-2,-1],[2,-3],[-1,-5],[-2,-3],[2,0],[2,-3],[-1,-5],[-7,-5],[4,0],[3,-3],[2,-5],[1,-3],[-2,-5],[-2,-1],[-3,-2],[2,-7],[-3,-4],[-4,-2],[-5,0],[-4,-2],[-2,0],[0,-2],[-3,-2],[1,-3],[-5,-5],[-1,-2],[-4,-2],[-2,1],[-3,6],[-4,-1],[-2,-2],[-1,-4],[2,-4],[6,-1],[2,-4],[5,-1],[2,3],[3,0],[2,-3],[1,-7],[-1,-3],[0,-4],[-4,-2],[3,-5],[5,-3],[1,2],[4,0],[-2,4],[1,2],[9,2],[3,0],[6,2],[-1,-1],[4,-7],[-4,-6],[-2,0],[1,-2],[-1,-5],[0,-4],[3,-2],[0,-2],[-4,-2],[-5,3],[0,-3],[4,-2],[0,-5],[4,-5],[-1,-2],[1,-2],[-2,-3],[-5,-3],[1,-3],[-2,-2],[1,-2],[0,-6],[-1,-3],[-1,-5],[1,-2],[0,-4],[2,0],[-1,-2],[-4,0],[-1,-4],[-3,4],[-2,3],[0,3],[-3,-8],[-8,1],[-3,2],[-5,1],[-4,2],[0,5],[-6,-5],[-3,1],[-9,7],[-1,3],[-5,7],[-2,2],[-7,2],[-2,1],[2,4],[-2,2],[1,1],[5,0],[2,2],[-2,2],[-2,-1],[-4,2],[-3,-1],[-1,-3],[-2,1],[-2,7],[-3,3],[1,3],[-2,0],[-3,-2],[-4,2],[-1,2],[-2,-1],[1,-2],[-2,-2],[1,-2],[3,-2],[0,-5],[1,-2],[-2,0],[0,-4],[1,-4],[0,-4],[1,-1],[-3,-5],[0,-2],[3,2],[0,-2],[2,0],[2,-1],[-2,-2],[5,-1],[3,2],[0,2],[5,1],[2,-3],[-3,-3],[0,-1],[-3,-1],[-10,-5],[2,-3],[4,-4],[0,-2],[3,2],[2,-1],[1,3],[2,0],[1,-4],[2,0],[-1,-3],[3,1],[4,-4],[3,0],[2,-5],[4,-3],[2,2],[3,0],[0,-2],[-3,0],[1,-2],[-4,-4],[-2,-1],[-4,2],[-5,1],[-1,-1],[2,-3],[-2,-5],[-1,0],[-3,2],[-5,1],[-1,3],[-3,2],[-3,5],[1,5],[2,3],[-3,-1],[-2,2],[2,1],[-3,1],[-1,2],[-4,1],[-1,3],[-2,0],[-3,-2],[0,-2],[-4,0],[1,-3],[-1,-2],[-2,-2],[-3,-7],[-3,1],[0,-8],[4,-2],[1,-7],[-2,-5],[1,-4],[2,-3],[-2,-4],[5,-4],[-1,-4],[5,1],[5,0],[-2,-3],[2,-1],[4,1],[1,2],[3,1],[1,-3],[-4,-1],[-4,-3],[-3,2],[-3,-2],[-2,2],[-3,-2],[-3,0],[3,-3],[4,1],[5,0],[0,-1],[-3,-2],[5,1],[2,-1],[0,-2],[4,0],[-3,2],[2,2],[-1,1],[5,1],[2,-1],[3,3],[2,-1],[3,0],[2,3],[2,0],[8,-1],[1,-4],[2,-1],[2,-2],[-3,-3],[-2,-3],[1,-3],[-4,-1],[-1,-3],[-3,0],[0,-3],[-3,-1],[3,-4],[-2,-1],[-2,2],[-3,0],[0,-2],[-3,0],[3,-3],[-4,-2],[-3,-3],[0,-3],[2,0],[2,1],[3,0],[5,2],[2,-2],[-2,-1],[2,-2],[3,0],[0,-2],[4,-2],[-4,-1],[2,-3],[-4,0],[-1,-4],[3,-1],[-2,3],[4,1],[5,-3],[3,1],[3,-1],[1,-2],[2,0],[2,-2],[0,-3],[2,-1],[6,1],[2,-2],[1,2],[4,2],[0,2],[4,2],[2,0],[2,-2],[2,2],[7,1],[3,-3],[7,3],[3,-2],[2,-3],[-2,-1],[-1,-6],[3,0],[6,-3],[1,4],[2,0],[4,-5],[0,-2],[7,-6],[3,0],[-1,4],[8,3],[5,-5],[-5,-3],[1,-1],[3,-1],[4,-2],[-3,0],[-3,-3],[-6,0],[-2,2],[-3,-2],[-3,1],[-2,0],[-3,1],[3,-5],[3,-1],[2,-8],[-3,-3],[2,0],[-1,-4],[-1,-2],[-3,1],[2,-2],[2,1],[3,-6],[3,-5],[-2,-2],[0,-3],[2,-2],[0,-3],[3,-3],[3,-4],[1,-5],[1,0],[1,-4],[2,-1],[3,-6],[1,-8],[1,-2],[2,0],[-6,-3],[-7,1],[-4,-1],[0,2],[-5,1],[-8,-2],[-2,-3],[-2,4],[1,1],[-1,7],[-2,1],[2,3],[-4,7],[-6,7],[0,3],[-2,1],[-3,-1],[2,-4],[-2,0],[-1,-3],[-3,0],[-1,-1],[-5,2],[-2,0],[-5,1],[1,3],[-5,2],[2,2],[4,-4],[3,0],[2,3],[3,1],[-3,1],[1,4],[-3,3],[0,3],[-5,-2],[-3,1],[0,3],[-2,0],[0,4],[-4,3],[-8,0],[-3,-1],[0,-2],[-1,-2],[-6,2],[1,3],[-2,1],[-3,2],[2,1],[-2,3],[-4,2],[-2,-2],[-5,1],[4,-4],[-3,-2],[-2,2],[-5,-1],[-1,2],[0,3],[6,1],[-1,6],[-2,0],[1,2],[3,0],[3,-2],[2,2],[0,3],[-5,-1],[-2,2],[-2,0],[-1,3],[-2,0],[1,-5],[-5,3],[-3,-2],[5,-3],[-2,-3],[-4,1],[-4,-3],[-2,3],[-3,2],[-3,0],[-2,4],[2,3],[-3,2],[2,1],[0,2],[-2,2],[-2,-1],[-1,6],[-1,2],[-2,-2],[0,-3],[-2,-1],[3,-2],[1,-2],[-5,-2],[-6,5],[-3,1],[-1,1],[-5,0],[-3,4],[-3,-1],[-2,2],[-6,1],[1,4],[4,-1],[2,2],[-1,2],[3,-1],[-1,2],[-4,0],[0,2],[4,0],[2,2],[0,2],[3,0],[2,-2],[4,0],[5,4],[1,1],[-5,-2],[-3,1],[7,3],[-1,3],[-4,0],[-1,-3],[-8,-1],[1,-1],[-3,-1],[-2,0],[-9,-1],[-3,-2],[-5,0],[-2,3],[-2,0],[-1,2],[2,2],[4,0],[2,2],[0,3],[1,2],[6,-2],[1,2],[3,0],[1,-2],[3,1],[2,2],[-1,2],[4,-1],[-1,3],[5,0],[-2,1],[-5,2],[-5,-3],[-5,-1],[-3,1],[-1,2],[4,2],[-4,3],[4,5],[3,-1],[6,-1],[3,2],[-2,1],[2,2],[-7,0],[-3,3],[0,5],[-7,0],[-1,4],[1,1],[2,-2],[0,2],[6,4],[-2,0],[-3,-1],[-5,1],[-1,2],[-4,1],[-1,2],[1,4],[-3,-1],[-6,-5],[1,-2],[-5,-2],[-2,2],[-2,-3],[1,-2],[2,0],[1,-2],[-2,-2],[6,-5],[-5,-4],[-3,0],[-7,-2],[0,2],[1,3],[-2,3],[2,1],[-4,1],[1,2],[3,1],[-11,2],[2,3],[4,1],[3,0],[-1,1],[3,4],[-1,3],[-3,1],[1,2],[-3,1],[-8,-4],[-1,1],[0,3],[2,2],[-4,1],[-1,-2],[-4,-1],[-2,2],[1,-7],[-1,-1],[-5,-1],[-1,-2],[3,-2],[5,0],[3,2],[3,-1],[4,-4],[-4,-2],[1,-1],[-3,-3],[3,-2],[-4,-5],[-3,1],[-4,-5],[-3,-1],[0,-1],[4,0],[5,2],[2,0],[3,-4],[6,-1],[-1,4],[4,0],[5,-1],[0,-2],[3,1],[3,-2],[1,-3],[4,-2],[2,-3],[2,-1],[0,-5],[-3,0],[-2,2],[-7,-1],[0,1]],[[5470,5640],[4,0],[5,4],[8,2],[-6,2],[-5,-1],[-6,-3],[-2,-4],[2,0]],[[5830,5630],[3,-2],[1,3],[-9,3],[0,2],[-1,-2],[2,-3],[4,-1]],[[5523,5626],[2,0],[4,2],[0,1],[-6,-3]],[[5835,5618],[4,0],[1,2],[-6,3],[1,-5]],[[5653,5365],[1,0]],[[5654,5365],[0,0]],[[5654,5365],[0,0]],[[5654,5365],[0,-1]],[[5654,5364],[0,0]],[[5654,5364],[2,-6],[3,2]],[[5659,5360],[0,0]],[[5659,5360],[1,-1]],[[5660,5359],[0,0]],[[5660,5359],[2,-6],[4,-2],[2,0],[0,3],[3,5],[4,0],[0,1],[4,2],[5,-2],[1,0],[1,4],[-1,5],[-3,0],[-1,-4],[-3,-1],[-2,3],[-3,0],[1,3],[-2,5],[-3,2],[-1,-1],[-5,3],[2,3],[2,1],[4,-2],[3,-3],[2,-2],[5,-5],[3,1],[0,2],[5,-2],[5,1],[0,2],[3,1],[0,1],[-2,3],[0,1],[9,0],[-3,4],[-1,0],[-1,2],[-2,0],[-2,1],[1,2],[-6,3],[0,3],[3,3],[-2,1]],[[5691,5400],[0,0]],[[5691,5400],[0,0]],[[5691,5400],[4,0],[3,2],[3,0],[5,-5],[5,-1],[-1,2],[3,1],[5,0],[-4,-1],[2,-2],[4,-1]],[[5720,5395],[0,0]],[[5720,5395],[4,0],[2,1],[2,3],[0,3],[3,-1],[8,-2],[2,-2],[-1,-8],[3,-4],[6,0]],[[5749,5385],[0,0]],[[5749,5385],[1,0]],[[5750,5385],[6,-3],[0,-2]],[[5756,5380],[8,-1],[3,-1],[-1,-1],[5,-2],[-1,1],[6,1],[-1,-2],[1,-2],[4,0],[1,1],[2,-2],[-1,-2],[4,-1],[3,-3],[2,3],[0,3],[2,1],[4,3],[2,1],[7,-1],[3,1],[-2,3],[3,0],[4,4],[2,0],[6,-1],[3,-1],[2,3],[3,-2],[3,-5],[11,-5],[0,-2],[3,0],[2,-2],[6,-2],[4,0],[3,-1],[2,0],[0,2],[-2,3],[-1,2],[1,1],[3,-1],[3,0],[2,2],[1,3],[6,-1],[0,3],[2,-1],[5,0],[6,-3],[6,-1],[-4,4],[1,4],[4,3],[4,3],[-2,3],[-3,1],[-1,2],[-4,-1],[3,0],[0,-3],[-3,2],[0,3],[-6,6],[1,5],[-2,0],[-3,2],[-1,-2],[-2,0],[-1,-2],[1,-4],[-3,-1],[-5,1],[1,7],[2,1],[4,-1],[0,4],[3,0],[4,-1],[5,1],[3,-2],[4,3],[0,2],[2,3],[2,0],[2,3],[-2,3],[-4,6],[1,3],[-3,2],[-1,0],[-4,1],[-2,2],[1,4],[5,1],[1,3],[-9,4],[-2,-1],[-1,-2],[-2,-1],[-3,0],[-8,5],[0,2],[-5,2],[3,3],[-1,2],[2,1],[-2,4],[-10,1],[-2,-4],[-6,1],[-2,2],[0,7],[-3,2],[-3,3],[1,2],[-5,5],[-3,-4],[0,-3],[-4,-3],[-5,1],[-2,-1],[1,-4],[-5,1],[-1,1],[-3,2],[-4,0],[-1,1],[4,6],[3,1],[-1,3],[-4,0],[-6,2],[2,2],[6,-1],[1,1],[-3,3],[-2,0],[-4,3],[1,4],[1,2],[-1,4],[1,2],[-4,1],[-1,2],[0,6],[1,4],[3,3],[0,1],[-4,-2],[-6,0],[0,2],[-9,-1],[-2,3],[0,4],[2,0],[-4,1],[-4,4],[0,3],[3,6],[-3,-2],[-2,1],[-2,-2],[-3,-2],[-2,0],[0,-1],[2,0],[6,-3],[1,-3],[-2,-1],[1,-1],[-1,-2],[6,-6],[0,-3],[0,-3],[-3,-3],[-2,-6],[-1,-4],[-5,-6],[-2,0],[2,-2],[-1,-4],[8,-6],[-1,-3],[1,-5],[-2,-2],[-3,-1],[-3,1],[-12,2],[-7,2],[0,-1],[2,-2],[-9,0],[0,-4],[5,-2],[4,0],[1,-3],[-3,-1],[0,-2],[-8,0],[-9,3],[-5,1],[-1,-2],[-1,3],[-3,3],[-3,0],[0,3],[-2,2],[-3,-1],[-4,2],[0,-3],[2,-2],[-1,-1],[-7,5],[4,1],[0,2],[3,1],[-3,2],[-4,-1],[1,2],[-7,1],[-2,-1],[-1,3],[-5,0],[-1,4],[-3,4],[-4,0],[-2,2],[-5,0],[-5,7],[-4,-1],[-3,1],[-1,4],[-1,-3],[-7,0],[0,-1],[-4,-1],[2,4],[3,0],[5,2],[-3,1],[0,2],[3,-1],[3,1],[-2,2],[-2,0],[-4,3],[3,3],[7,-1],[6,-4],[2,0],[-1,3],[1,2],[-10,5],[-11,2],[-5,-2],[4,0],[-1,-4],[-2,0],[-7,-4],[-3,1],[-4,0],[0,2],[-4,-3],[-2,0],[-1,3],[0,2],[-2,2],[0,2],[-6,6],[-1,0],[-3,4],[0,5],[-1,4],[-4,0],[-3,5],[-2,-1],[-6,1],[-5,3],[-1,0],[-7,1],[-5,6],[0,3],[-3,0],[-2,2],[-5,0],[-7,4],[-6,-2],[-7,1],[-6,3],[-4,5],[-8,0],[-6,-1],[-3,-2],[-4,0],[-3,-2],[-6,1],[-2,1],[-7,2],[-3,0],[-2,2],[-4,3],[5,1],[1,-1],[8,4],[-2,4],[2,1],[-3,1],[-3,-1],[-2,2],[-5,2],[-2,3],[0,3],[2,3],[-1,4],[3,1],[-1,3],[-5,2],[-4,0],[-3,2],[-1,-1],[-7,0],[-3,3],[-7,2],[-1,0],[-6,-1],[-8,0],[-1,-3],[-3,-2],[-3,-4],[-4,-2],[-4,-1],[-1,-4],[4,-1],[0,-2],[1,-5],[4,-1],[-3,0],[-3,-2],[2,-1],[4,0],[7,0],[-1,-2],[-4,-2],[2,-1],[0,-2],[-5,0],[-3,-2],[2,-1],[-2,-2],[1,-5],[6,2],[0,1],[7,1],[0,1],[6,2],[-2,-2],[4,-1],[3,3],[7,0],[2,1],[10,1],[3,-3],[-7,-1],[-1,-3],[-3,1],[-3,-2],[-6,0],[-2,-1],[-4,0],[-4,-1],[-4,0],[-4,1],[-6,-4],[0,-2],[-2,-2],[-3,-1],[-4,1],[2,2],[-4,-1],[1,-1],[-2,-2],[0,-4],[-2,-3],[1,-7],[3,3],[3,0],[0,-2],[3,0],[1,-2],[3,0],[4,-3],[0,-2],[-5,-6],[-6,-6],[2,-1],[-1,-3],[0,-3],[-3,-5],[-2,0],[-7,-5],[-2,-2],[-2,-5],[0,-6],[3,0],[2,-3],[1,-4],[-3,-3],[1,-4],[2,3],[3,1],[2,2],[3,5],[-1,2],[-3,1],[3,1],[4,5],[-1,3],[3,0],[4,6],[1,2],[3,5],[2,4],[4,2],[5,0],[6,-2],[2,0],[2,-2],[0,-7],[5,-2],[0,-3],[2,-2],[-5,-12],[14,-5],[6,-5],[5,-6],[-1,-3],[6,0],[0,-1],[-2,-3],[5,-7],[1,-3],[-3,-6],[-1,-1],[-1,-6],[0,-3],[3,-3],[0,-4],[2,-2],[6,1],[3,-2],[3,0],[3,-2],[-1,-2],[1,-2],[-7,1],[-3,1],[-3,-3],[6,-1],[3,-2],[4,-4],[1,-5],[1,-1],[2,2],[4,0],[3,4]],[[5533,5425],[0,0]],[[5533,5425],[0,0]],[[5533,5425],[0,0]],[[5533,5425],[0,0]],[[5533,5425],[1,0]],[[5534,5425],[0,0]],[[5534,5425],[0,-1]],[[5534,5424],[1,0]],[[5535,5424],[0,0]],[[5535,5424],[0,0]],[[5535,5424],[5,3],[2,-5],[-2,-1],[2,-3],[-1,-2],[1,-6],[3,-3],[-3,0],[-1,-4],[0,-4],[2,-3],[5,0],[3,4],[3,-2],[-1,2],[3,2],[2,-2],[7,-4],[2,1],[-4,-3],[-3,1],[-2,4],[-2,0],[1,-4],[-2,1],[-1,-2],[-4,1],[5,-4],[-3,-2],[-5,3],[-1,-2],[2,-4],[7,-2],[6,1],[0,-3],[5,-2],[1,1],[-1,2],[6,1],[8,-2],[4,1],[2,-2],[-3,-3],[3,0],[2,0],[-1,-5],[4,-2],[1,2],[3,0],[3,2],[8,2],[4,-4],[2,1],[4,1],[3,5],[-2,3],[10,2],[-1,2],[-7,4],[4,1],[4,-1],[7,-4],[3,-1],[9,-5],[8,-2],[2,-1],[-1,-3],[-3,-1],[-3,1],[-1,-6],[3,-1],[2,-3]],[[5930,5568],[2,2],[3,0],[-1,2],[-2,3],[-2,6],[-2,5],[-1,8],[-3,2],[-3,4],[-2,1],[-2,-1],[-3,0],[-1,2],[-5,0],[-1,-3],[6,-4],[3,-4],[4,-3],[2,-4],[3,-2],[0,-3],[-3,-2],[3,-3],[5,-6]],[[5665,5572],[1,0],[-3,2],[-4,2],[6,-4]],[[5924,5556],[1,0],[-4,5],[-1,3],[-2,0],[3,-5],[3,-3]],[[5419,5553],[9,3],[0,1],[-9,-4]],[[5616,5552],[0,1],[-2,3],[2,-4]],[[5655,5548],[3,1],[-4,3],[1,-4]],[[5951,5535],[2,-3],[1,0],[-1,3],[1,4],[-1,3],[3,4],[1,2],[-3,1],[-3,-2],[-3,1],[-4,0],[3,-2],[1,-6],[3,-5]],[[5805,5527],[2,3],[-3,5],[0,-2],[1,-6]],[[5960,5521],[1,1],[-3,4],[-3,2],[0,-3],[5,-4]],[[5705,5524],[-2,0],[11,-9],[2,-2],[-3,-3],[0,-3],[6,-2],[2,-2],[4,-1],[3,2],[3,-3],[1,0],[4,-4],[2,-2],[3,0],[-1,-2],[4,-1],[5,1],[0,-2],[3,0],[4,-3],[5,-1],[0,-1],[-5,-1],[3,-2],[6,3],[-1,3],[-2,4],[-4,0],[-2,3],[-4,1],[-1,1],[-7,-2],[-3,1],[-1,2],[-2,1],[-5,4],[-4,1],[0,2],[-7,3],[-2,5],[-3,1],[-2,2],[-3,2],[-4,3],[-3,1]],[[5947,5514],[0,2],[-3,1],[3,-3]],[[5701,5512],[-2,3],[1,-3],[1,0]],[[5816,5495],[2,1],[0,4],[2,5],[-1,1],[-1,6],[-2,1],[-5,-4],[0,-6],[2,-4],[3,-1],[0,-3]],[[5453,5501],[2,1],[0,4],[-3,4],[-2,2],[-2,-2],[0,-2],[2,0],[-2,-4],[5,-3]],[[5717,5498],[3,2],[-2,2],[-3,-1],[2,-3]],[[5441,5476],[-1,-4],[-1,-1],[-5,-1],[1,-1],[4,-2],[5,0],[3,-1],[2,4],[-2,5],[-1,6],[1,2],[0,5],[2,7],[-3,2],[-2,5],[-3,-3],[-1,-9],[-1,-2],[-1,-6],[3,-6]],[[5389,5484],[1,1],[3,6],[1,4],[0,1],[-5,-2],[-1,-7],[1,-3]],[[5732,5489],[2,0],[-1,2],[5,2],[-3,2],[-2,-1],[-4,2],[-1,0],[1,-4],[3,-3]],[[5452,5496],[-3,-2],[4,-1],[1,2],[-2,1]],[[5824,5485],[4,5],[-1,1],[-10,2],[3,-5],[2,-3],[-3,-2],[3,0],[2,2]],[[5727,5484],[-4,2],[2,-4],[3,0],[-1,2]],[[5744,5480],[4,-1],[1,1],[-5,0]],[[5458,5481],[-4,-2],[3,-1],[2,-4],[1,5],[-2,2]],[[5428,5461],[1,1],[-4,3],[-3,3],[-1,8],[-2,0],[-2,-2],[-1,-5],[3,-3],[-1,-4],[4,2],[6,-3]],[[5491,5475],[-1,-4],[3,-1],[1,1],[-2,2],[2,2],[-3,0]],[[5425,5455],[1,2],[-6,0],[-1,-1],[3,-2],[3,1]],[[5871,5454],[2,2],[-4,0],[2,-2]],[[5447,5438],[3,1],[-3,1],[0,-2]],[[5900,5434],[-1,3],[-2,-2],[3,-1]],[[5369,5416],[1,3],[-2,1],[0,2],[-6,-3],[-2,-2],[5,0],[4,-1]],[[5472,5420],[-1,-1],[4,-2],[1,2],[-4,1]],[[5525,5418],[-1,-3],[3,-3],[4,1],[0,4],[-6,1]],[[5468,5410],[6,4],[0,2],[-10,-4],[4,-2]],[[5447,5413],[5,1],[-8,-1],[-5,2],[0,-1],[8,-1]],[[5919,5400],[1,1],[-2,6],[0,4],[-3,-1],[-1,-3],[3,-4],[2,-3]],[[5486,5400],[-1,0]],[[5485,5400],[-3,4],[-4,2],[0,-2],[3,-1],[-1,-4],[2,-3],[0,-3],[6,4],[-2,3]],[[5522,5402],[-2,-2],[-4,-2],[-3,-7],[2,1],[3,4],[4,0],[0,3],[1,1],[-1,2]],[[5491,5391],[2,4],[0,3],[-2,4],[0,-2],[1,-2],[-3,-6],[2,-1]],[[5461,5391],[4,2],[0,2],[2,-1],[-2,4],[-5,-1],[1,-3],[-3,-2],[3,-1]],[[5735,5379],[4,0],[1,-2],[6,2],[2,2],[-3,3],[-5,2],[-5,1],[-8,-2],[-2,2],[-4,1],[0,2],[-6,4],[-3,0],[0,-2],[9,-5],[1,-3],[2,-1],[8,-2],[3,-2]],[[5469,5390],[2,0],[1,3],[-5,-1],[2,-2]],[[5450,5388],[5,-2],[2,0],[1,3],[-2,1],[-3,0],[-3,-2]],[[5512,5389],[1,-5],[1,2],[-2,3]],[[5444,5385],[0,2],[-3,1],[3,-3]],[[5461,5383],[-3,2],[-1,-2],[4,0]],[[5427,5377],[0,0]],[[5427,5377],[0,1]],[[5427,5378],[4,0],[0,-1],[7,-4],[9,2],[-4,0],[-6,2],[-1,2],[-15,0],[-6,-1],[0,2],[-3,-1],[-2,-8],[11,1],[5,0],[1,1],[0,4]],[[5710,5374],[0,3],[-2,2],[-1,0],[2,-4],[1,-1]],[[5507,5370],[3,-1],[5,1],[2,-3],[5,0],[3,1],[3,1],[4,1],[2,2],[-2,2],[-5,0],[-2,2],[-4,-1],[-2,1],[-4,-2],[-4,2],[-5,-2],[3,-2],[-3,0],[1,-2]],[[5631,5370],[1,-9],[2,-2],[-1,-3],[1,-4],[1,-1],[4,2],[3,-1],[2,-3],[5,1],[1,4],[-1,5],[-4,3],[0,3],[-2,3],[-7,6],[-4,2],[-3,0],[2,-3],[0,-3]],[[5945,5373],[-1,3],[-1,0],[-1,-4],[3,1]],[[5760,5365],[0,1],[-2,1],[-4,2],[-2,3],[-3,1],[-4,0],[-3,-2],[-9,-4],[-4,0],[-4,1],[-9,1],[-5,0],[-3,2],[0,1],[-3,0],[-5,2],[3,-4],[-6,-1],[4,-4],[-1,-2],[-3,-2],[4,-1],[4,-3],[7,1],[2,2],[8,1],[-2,-2],[0,-2],[2,0],[4,-1],[5,2],[-3,2],[1,2],[7,3],[6,1],[2,-2],[-4,0],[-3,-3],[6,1],[3,-2],[-2,-2],[5,1],[3,-2],[-2,-2],[8,1],[1,1],[3,-1],[2,6],[-5,-2],[2,2],[-1,3]],[[5581,5368],[-2,-3],[4,1],[5,-2],[3,-5],[3,-1],[2,2],[-1,2],[-3,1],[-3,5],[0,2],[-2,-1],[-5,0],[-1,-1]],[[5457,5367],[4,0],[-2,2],[-5,0],[3,-2]],[[5821,5301],[-3,5],[-4,4],[-2,2],[5,9],[4,-1],[3,-3],[4,1],[2,6],[2,1],[2,-1],[5,2],[-2,2],[0,3],[2,2],[-4,2],[2,6],[-2,1],[1,3],[-5,2],[-1,0],[-1,4],[3,3],[3,0],[-1,3],[-3,1],[-3,2],[-4,1],[-2,2],[-5,1],[-4,2],[-4,4],[-1,-3],[2,-2],[1,-3],[-5,-1],[-3,-1],[-4,-5],[-4,0],[-2,-3],[-3,-2],[-3,2],[-3,-2],[0,-2],[-4,0],[-3,-2],[-3,-2],[1,-2],[-2,0],[1,-2],[-4,0],[-1,-2],[-2,0],[-2,2],[-4,2],[-1,2],[-2,1],[1,-12],[-3,1],[3,-3],[5,-2],[4,-3],[1,-2],[3,-5],[1,-4],[4,-3],[1,-2],[6,-4],[4,-5],[3,-6],[3,-3],[1,-4],[2,-2],[1,-8],[-1,-3],[3,-7],[4,-4],[0,-2],[5,-4],[5,-7],[4,-6],[3,1],[-2,-1],[3,-1],[1,-3],[3,-1],[2,3],[1,6],[-1,2],[-3,-1],[2,-3],[-4,-1],[-2,3],[1,2],[-1,3],[-5,2],[-2,6],[3,3],[-2,1],[-4,0],[-2,3],[2,1],[5,1],[2,4],[4,2],[-1,4],[1,4],[-1,3],[0,3],[2,5],[-2,5]],[[5765,5367],[-2,1],[-2,-2],[1,-1],[3,0],[0,2]],[[5544,5367],[4,-3],[2,1],[3,-1],[-1,-2],[5,1],[-2,2],[-5,3],[-6,-1]],[[5689,5364],[3,1],[-1,1],[-2,1],[-2,-2],[2,-1]],[[5438,5361],[2,2],[3,0],[2,1],[4,0],[3,2],[-6,1],[-9,-2],[-3,0],[-13,1],[-3,-2],[-1,-5],[-2,-2],[-2,-4],[-5,-5],[-2,0],[-3,-2],[-3,-9],[-3,-1],[7,-1],[-1,4],[4,1],[2,-1],[0,2],[6,3],[3,4],[1,3],[2,5],[5,2],[2,4],[6,-1],[4,0]],[[5509,5351],[0,0]],[[5509,5351],[0,0]],[[5509,5351],[0,0]],[[5509,5351],[1,-3],[4,1],[9,-2],[3,1],[-2,2],[3,1],[-4,1],[1,3],[5,-2],[5,1],[5,0],[4,-1],[2,0],[-1,3],[-6,2],[-3,-2],[-4,2],[3,0],[1,2],[-5,3],[-2,0],[-9,1],[-2,2],[-6,0],[-4,-2],[4,-4],[4,-3],[-1,-1],[-3,-2],[-2,-3]],[[5568,5302],[-4,0],[-4,1],[-3,4],[2,2],[5,0],[18,6],[2,0],[2,2],[6,-1],[6,2],[1,1],[-4,2],[-3,0],[1,3],[-1,2],[-3,-1],[-2,1],[-1,3],[-2,2],[-5,0],[-3,-1],[-1,-2],[3,-1],[0,-1],[-2,-2],[-4,0],[-1,5],[-2,3],[-5,-1],[-3,-5],[-3,1],[-2,-2],[-5,-2],[-1,-2],[2,-4],[3,-2],[-9,-6],[-4,1],[2,1],[1,2],[5,6],[-3,2],[-7,0],[-6,-3],[1,7],[-4,1],[0,-2],[2,-7],[-3,1],[-1,-1],[4,-4],[0,-2],[3,-1],[-2,0],[-4,-3],[-3,3],[-2,0],[-10,5],[8,0],[3,1],[-3,4],[-3,6],[-5,3],[4,3],[0,1],[-3,3],[0,1],[3,-1],[5,0],[5,1],[6,-1],[2,3],[-1,0],[-8,1],[-1,2],[-3,1],[0,2],[-3,-1],[0,1],[-3,0],[-2,-2],[-4,0],[-5,3],[-6,-1],[-1,2],[-7,1],[-3,4],[-1,0],[-2,5],[-2,1],[-6,2],[1,1],[-4,3],[-4,0],[-8,-7],[-1,4],[-2,2],[-2,0],[-8,-3],[-2,-1],[0,-4],[1,-2],[-3,1],[0,4],[-2,-1],[-1,-5],[3,-5],[1,-1],[5,3],[3,0],[2,-3],[4,-2],[1,-3],[2,0],[2,-3],[-1,-3],[-2,-2],[-4,-2],[2,-1],[0,-2],[4,1],[1,-3],[-6,-3],[-6,2],[-3,2],[0,2],[-3,2],[1,2],[-3,5],[-3,3],[-3,-1],[-1,-3],[-5,-1],[-4,1],[2,1],[0,4],[-3,4],[-4,2],[-5,-3],[-1,-4],[5,-4],[6,-3],[3,-3],[0,-3],[3,0],[1,1],[4,0],[3,-2],[0,-4],[-1,-2],[0,-3],[-2,-3],[1,-5],[-1,-2],[1,-4],[3,-4],[4,-3],[1,-4],[4,-3],[5,2],[3,-1],[2,-4],[-1,-1],[2,-2],[1,-5],[5,-1],[0,-2],[4,-2],[3,0],[3,-3],[2,0],[-1,-2],[4,-3],[-1,-2],[-5,-1],[-4,2],[-4,-3],[2,-3],[-3,-3],[-4,2],[-1,-3],[4,-2],[3,-1],[4,-2],[-3,-6],[0,-2],[3,1],[4,-2],[2,-3],[0,-4],[-1,-3],[-4,-2],[3,-1],[3,-2],[4,-2],[6,-5],[2,-4],[-2,-5],[2,-1],[0,-2],[3,-1],[4,-1],[3,1],[7,1],[4,1],[4,0],[4,-2],[4,2],[2,-1],[2,2],[-4,0],[1,1],[3,1],[0,2],[-2,1],[0,2],[1,2],[-1,1],[1,5],[-3,0],[-1,2],[3,3],[0,2],[-5,0],[7,3],[5,0],[0,-3],[6,-4],[3,4],[3,0],[0,-2],[2,3],[0,2],[4,1],[2,0],[-1,-2],[3,-1],[2,-4],[-7,-4],[0,-1],[4,1],[1,-2],[5,2],[1,2],[3,0],[3,-1],[-1,-3],[-3,0]],[[5569,5222],[-7,-5],[6,-1],[0,-1],[-3,-1],[0,-2],[-5,0],[-6,1],[-3,-1],[-3,-2],[-4,-1],[-3,-2],[0,-4],[-2,0],[0,-2],[2,-1],[2,-3],[-4,-3],[-3,2],[1,1],[-5,-2],[-6,-1],[0,-3],[1,-2],[-2,-3],[3,-2],[3,2],[1,-1],[7,-1],[2,-3],[0,-3],[7,-2],[1,-2],[-1,-3],[-4,0],[-2,1],[0,3],[-2,3],[0,1],[-2,4],[-6,0],[-1,-2],[-7,3],[-2,-1],[-2,-4],[-1,3],[2,3],[-2,2],[1,1],[-1,2],[-2,0],[-5,-4],[-2,-2],[-1,-5],[2,-5],[0,-3],[-3,-1],[2,-3],[2,1],[2,-3],[1,0],[-1,-3],[0,-4],[-2,-1],[1,-2],[-2,-2],[1,0],[0,-6],[0,-2],[3,2],[3,0],[1,-2],[4,-2],[0,-7],[-4,-1],[-1,2],[-3,0],[-1,-3],[2,-2],[1,1],[6,1],[4,-2],[4,2],[2,0],[0,5],[3,1]],[[5536,5140],[0,0]],[[5536,5140],[3,-3],[0,5],[-5,11],[-4,4],[2,0],[4,-3],[3,0],[2,-2],[-3,0],[3,-3],[2,-3],[2,0],[2,-3],[2,0],[2,-6],[3,3],[2,0],[1,6],[2,2],[2,0],[1,-3],[10,0],[3,4],[0,4],[1,3],[4,1],[3,2],[7,1],[4,3],[1,4],[4,4],[8,4],[3,0],[4,-1],[2,0],[2,2],[-3,2],[0,2],[-1,7],[3,0],[3,-2],[1,4],[2,2],[1,3],[-3,2],[3,0],[-2,2],[0,1],[4,4],[-4,2],[-8,-2],[2,-2],[-5,-1],[-4,1],[-3,2],[3,4],[4,1],[5,5],[4,3],[2,4],[3,0],[8,3],[4,0],[5,3],[-4,1],[-3,-1],[-3,1],[0,2],[-4,2],[3,2],[-2,2],[-4,3],[-7,-1],[-4,1],[-2,2],[1,3],[-4,1],[-2,-4],[-4,-1],[-1,-1],[-3,1],[2,3],[3,2],[0,3],[2,2],[-5,1],[-2,2],[8,2],[-2,1],[-1,3],[3,2],[11,2],[2,1],[-8,-1],[-1,1],[-8,6],[-4,0],[1,-1],[-5,-3],[-5,-1],[1,2],[3,1],[1,4],[0,1],[2,1],[6,1],[2,2],[1,-2],[6,-3],[5,-3],[4,-1],[-2,3],[-1,4],[4,-2],[5,-1],[5,2],[-2,1],[3,2],[3,-1],[-1,3],[6,-1],[2,2],[-4,2],[-7,-1],[-1,2],[2,1],[-1,2],[-5,-1],[0,-1],[-5,0],[3,2],[0,2],[-9,1],[2,-3],[1,-3],[-2,-2],[-6,0],[1,2],[-1,1],[2,2],[-2,2],[0,3],[-5,1],[-3,1],[-4,0],[-4,1],[2,4],[-2,1],[0,-3],[-5,-1],[-1,2],[1,2],[3,1],[0,3],[-9,3],[-4,-1],[-1,1],[-6,0],[-5,-3]],[[5592,5346],[-2,4],[-3,-3],[-11,4],[-5,0],[0,4],[-4,2],[-5,0],[-5,-2],[-1,-2],[-3,-1],[7,-3],[-3,-1],[-6,1],[-2,-1],[-3,0],[5,-2],[4,0],[3,-2],[-3,-1],[-2,-2],[2,-2],[4,1],[3,-3],[3,0],[-1,3],[2,2],[8,0],[1,-3],[3,-2],[7,1],[-5,2],[1,3],[5,1],[6,2]],[[5877,5356],[-2,-1],[3,-3],[2,2],[-3,2]],[[5731,5352],[-1,-1],[-6,-1],[6,0],[-3,-3],[5,1],[0,2],[2,2],[-3,0]],[[5676,5347],[0,1],[-4,3],[-2,1],[6,-5]],[[5546,5343],[2,1],[-3,1],[-2,-1],[3,-1]],[[5582,5342],[4,-2],[1,1],[-5,1]],[[5597,5342],[-3,-2],[3,0],[3,-4],[2,1],[-6,4],[1,1]],[[5540,5339],[5,0],[-1,2],[-6,1],[-1,-2],[3,-1]],[[5572,5336],[-6,2],[-1,-2],[7,-2],[0,2]],[[5564,5335],[-1,1],[-5,1],[4,-4],[2,2]],[[5593,5334],[-1,-1],[3,-2],[0,2],[-2,1]],[[5550,5332],[-2,-1],[-3,1],[0,-3],[6,1],[-1,2]],[[5611,5332],[-3,-3],[0,-1],[-5,0],[0,-2],[4,-1],[3,0],[3,-3],[-1,-3],[2,0],[2,2],[5,-1],[3,-2],[4,0],[3,1],[5,0],[1,1],[0,3],[-4,3],[-3,3],[-5,1],[-5,1],[1,-3],[-6,3],[-4,1]],[[5595,5328],[-3,-1],[3,-1],[0,2]],[[5611,5318],[-2,1],[-2,-2],[4,1]],[[5611,5318],[7,-2],[0,2],[-7,0]],[[5647,5284],[-3,0],[0,-2],[5,-5],[3,0],[3,1],[3,1],[-6,2],[-2,3],[-3,0]],[[5658,5269],[-3,2],[-3,0],[2,-2],[-2,-2],[-3,-1],[-6,3],[-1,0],[-2,3],[-3,-3],[1,-2],[4,-4],[4,-2],[7,-2],[-4,-2],[-2,0],[3,-1],[0,-2],[6,-3],[1,-2],[2,0],[4,-3],[2,2],[2,-1],[3,-3],[5,-1],[7,-1],[0,2],[-4,1],[4,4],[-2,2],[2,4],[-6,0],[-5,-2],[-4,-1],[-3,1],[0,3],[4,3],[-1,3],[2,1],[-2,3],[1,2],[-8,-1],[-2,2]],[[5874,5253],[0,6],[4,0],[2,2],[1,4],[-3,2],[3,1],[2,2],[-5,1],[-2,0],[-5,-4],[-2,-1],[-1,-5],[0,-2],[4,-2],[2,-4]],[[5880,5267],[2,-3],[0,2],[-2,1]],[[5624,5255],[0,2],[-2,1],[0,-2],[2,-1]],[[5615,5251],[0,0]],[[5689,5239],[1,3],[8,1],[0,3],[-2,1],[2,2],[-2,3],[-2,0],[-2,-2],[1,-2],[1,-4],[-5,0],[-4,-4],[-4,0],[1,-2],[-1,-2],[1,-3],[2,3],[2,-2],[4,0],[1,3],[-2,2]],[[5615,5251],[-5,-1],[2,-1],[3,2]],[[5634,5245],[3,1],[0,2],[-4,-2],[-2,4],[-1,-3],[-4,0],[0,-2],[3,0],[2,1],[3,-1]],[[5688,5247],[-3,-1],[4,-1],[1,1],[-2,1]],[[5621,5242],[-1,2],[-3,-1],[0,-2],[4,-1],[0,2]],[[5682,5230],[-1,-3],[-4,-2],[5,1],[1,2],[-1,2]],[[5550,5224],[3,1],[-2,1],[-1,-2]],[[5555,5223],[-1,-2],[2,-2],[5,1],[-6,3]],[[5549,5220],[2,0],[1,3],[-3,-1],[0,-2]],[[5740,5222],[-4,-1],[-4,0],[2,-2],[5,-1],[0,2],[9,-4],[2,-2],[-2,-1],[-3,1],[-2,0],[3,-5],[2,0],[1,-4],[5,-1],[-5,-3],[-1,2],[-4,1],[-1,-3],[-3,0],[1,4],[2,1],[-2,1],[-4,-2],[-7,1],[1,2],[0,2],[-5,1],[0,-2],[-2,-2],[-2,2],[0,2],[-3,0],[2,3],[-4,-1],[0,-3],[-3,-1],[1,-2],[-5,0],[-3,2],[-1,3],[2,3],[-2,2],[-1,2],[-3,0],[-1,-4],[3,-1],[1,-4],[-4,-1],[5,-2],[0,-2],[5,-4],[-6,-2],[5,0],[8,1],[6,-2],[0,-3],[1,2],[5,0],[3,-4],[7,-1],[4,2],[1,4],[3,1],[4,0],[6,2],[2,0],[0,-3],[4,3],[-2,4],[1,3],[-2,0],[-3,1],[0,3],[-2,0],[0,3],[-2,2],[0,3],[-3,0],[-4,1],[-5,0],[-2,1]],[[5541,5217],[4,1],[0,2],[-4,-1],[-4,1],[0,-2],[2,-1],[2,0]],[[5626,5207],[0,2],[7,5],[5,0],[-2,2],[-3,0],[-5,-2],[-3,-1],[-2,-3],[3,-3]],[[5788,5212],[-2,0],[-2,-2],[3,0],[3,1],[-2,1]],[[5523,5197],[-3,-4],[4,1],[3,3],[3,-1],[2,2],[5,2],[0,1],[-4,1],[-5,-1],[-5,-4]],[[5501,5179],[1,3],[2,1],[-1,3],[6,3],[-3,4],[1,1],[-3,2],[-3,-2],[-5,0],[3,-4],[0,-3],[1,-1],[1,-7]],[[5668,5192],[0,-4],[-2,-1],[4,-3],[0,-2],[-2,0],[0,-3],[-2,-2],[2,0],[8,6],[-1,2],[-3,-1],[-2,6],[-2,2]],[[5721,5183],[-2,-2],[1,-2],[0,-5],[3,6],[-2,3]],[[5547,5175],[-5,-1],[1,-2],[3,1],[1,2]],[[5715,5156],[-10,-2],[0,-3],[4,-3],[3,2],[3,6]],[[5616,5148],[-1,3],[-2,0],[-5,2],[-2,-1],[4,-3],[0,-3],[-4,-2],[1,-3],[4,2],[4,0],[0,3],[1,2]],[[5587,5149],[3,2],[1,2],[-4,-1],[0,-3]],[[5675,5136],[-1,-2],[1,-2],[1,-6],[-3,-2],[2,-1],[1,3],[9,3],[3,1],[-1,1],[-6,4],[-6,1]],[[5532,5131],[1,2],[-2,0],[1,-2]],[[5540,5123],[-3,6],[-1,-1],[-2,-4],[-4,1],[-2,3],[-3,3],[-4,-1],[0,-2],[2,-4],[3,-1],[0,-2],[4,-2],[0,-2],[2,-3],[1,2],[6,-1],[1,-2],[3,1],[0,3],[-3,5],[0,1]],[[5485,5095],[2,-2],[0,3],[-2,-1]],[[5436,5084],[2,2],[-4,4],[-2,5],[-2,-1],[3,-5],[3,-5]],[[5499,5073],[3,-1],[1,4],[3,1],[5,0],[4,-2],[3,-3],[0,1],[-2,5],[-2,0],[-8,1],[-4,2],[-2,-2],[-2,-3],[1,-3]],[[5491,5069],[1,2],[-4,2],[3,-4]],[[5444,5061],[-2,3],[-2,-2],[1,-2],[3,1]],[[5459,5058],[0,-3],[-1,-5],[3,0],[2,6],[-2,3],[-2,-1]],[[5421,5051],[6,-2],[3,2],[2,0],[1,2],[-1,3],[-4,1],[-7,0],[-1,-3],[1,-3]],[[5469,5057],[-1,-3],[2,0],[1,2],[-2,1]],[[5448,5050],[0,4],[-1,1],[-2,-5],[1,-2],[4,0],[-2,2]],[[5385,5047],[7,1],[2,1],[-1,2],[-8,-1],[-5,1],[2,-3],[3,-1]],[[5484,5041],[2,-1],[1,3],[-2,2],[-1,-4]],[[5453,5035],[5,4],[2,-1],[-2,3],[-4,0],[-3,-2],[-1,-3],[3,-1]],[[5410,4994],[-3,0],[1,-2],[-3,-2],[4,-2],[1,-2],[-2,0]],[[5408,4986],[-4,-1],[-2,2],[-4,2],[-2,2],[0,2],[-5,0],[-3,2],[-4,1],[-2,-1],[1,-1],[-1,-3],[3,-4],[2,0],[3,-3],[-2,-1]],[[5388,4983],[0,0]],[[5388,4983],[-4,-1],[-3,1],[-1,-1],[-4,0]],[[5376,4982],[-3,2],[-2,0],[-3,3],[-1,1],[4,2],[-3,5],[-9,7],[7,1],[0,2],[-4,-1],[-4,2],[-6,4],[0,1],[-3,-1],[0,-1],[5,-3],[-2,-2],[2,-3],[-3,-1],[-7,2],[-1,-2],[-3,1],[0,-2],[2,0],[0,-3],[7,-1],[1,-2],[2,2],[5,-1],[1,-2],[2,2],[1,-3],[0,-7],[-3,-2],[-2,2],[-4,0],[-1,3],[-3,0],[-2,-1],[-2,1],[-2,-2],[1,-2],[-2,-2],[3,-3],[0,-3],[3,-2],[3,0],[-4,-2],[-4,2],[-1,-2],[-5,3],[1,2],[-3,2],[-3,5],[-5,2],[-5,0],[-1,3],[-4,4],[-5,0],[-1,-2],[-5,2],[1,4],[4,0],[0,1],[-4,2],[0,2],[-5,-2],[-1,-1],[-5,-1],[0,-1],[-4,1],[1,-4],[-2,-3],[4,-2],[1,1],[4,-2],[0,-3],[4,-4],[5,3],[3,0],[3,-3],[1,-3],[-4,-3],[-1,0],[-4,3],[-3,-5],[1,-4],[10,-2],[1,-2],[5,-2],[3,-6],[3,0],[0,3],[2,2],[4,0],[5,-4],[2,-5],[-2,-5],[4,-3],[4,0],[3,-1],[2,-3],[3,6],[3,1],[-1,3],[-4,3],[0,2],[3,3],[7,4],[4,-2],[4,1],[5,-1],[2,-4],[4,-1],[4,3],[1,4],[3,2],[9,1],[2,-2],[-1,-2],[2,-2],[-1,-5],[-1,-1],[-5,0],[-2,2],[-2,-3],[2,-1],[-3,-1],[-2,-5],[-4,5],[-3,-1],[0,-2],[-2,-2],[2,-3],[4,1],[4,1],[1,-3],[2,-6],[-6,-3],[-1,-3],[3,-1],[5,0],[3,-1],[4,2],[7,-1],[2,4],[-2,1],[0,4],[4,5],[5,3],[1,2],[2,3],[6,3],[2,0],[3,5],[1,6],[-5,2],[1,3],[5,1],[2,-2],[5,5],[-2,2],[1,2],[-1,1],[2,2],[2,0],[3,2],[-4,4],[1,2],[-3,2],[1,5],[4,2],[0,3],[3,1],[-2,2],[-1,5],[2,2],[2,1],[-1,4],[-2,3],[0,3],[-5,0],[0,2],[-8,-1],[0,2],[-3,-1],[-4,2],[-2,3],[-2,0],[-4,-2],[-4,1],[2,-3],[-3,-1],[-1,2],[-4,-2],[-3,2],[0,2],[-2,-1],[-3,1],[-6,3],[-4,1],[3,-3],[1,-5],[1,-1],[4,-3],[7,1],[1,0],[4,-6],[4,2],[4,-1],[1,-4],[5,-5],[0,-1],[-5,0],[0,-1],[4,-1],[0,-2],[-2,-2],[-5,1],[0,2],[-8,0],[-6,2],[5,-4],[-2,-1],[3,-2],[4,1],[1,-4]],[[5262,5007],[2,9],[4,2],[-6,2],[-5,-2],[-3,2],[3,5],[-7,3],[2,-5],[-2,-4],[-2,0],[3,-4],[6,-3],[1,-4],[4,-1]],[[5458,5007],[6,1],[2,-3],[4,0],[-1,1],[4,1],[-1,1],[-1,5],[0,5],[-2,2],[-6,-1],[-1,-2],[-5,-3],[-2,-4],[3,-3]],[[5413,5012],[-3,-3],[5,0],[-2,3]],[[5245,5003],[0,-4],[1,0],[3,6],[2,3],[-3,-1],[-3,0],[0,-4]],[[5447,5002],[3,0],[-1,5],[-3,0],[-1,-4],[2,-1]],[[5238,4995],[1,2],[2,1],[0,3],[-8,2],[0,-5],[5,-3]],[[5452,4997],[-1,3],[-6,2],[-1,-3],[8,-2]],[[5289,5000],[-1,0],[3,-2],[-2,2]],[[6361,4990],[2,-5],[2,-1],[2,-3],[1,0],[1,3],[2,1],[0,2],[-3,0],[-1,2],[-6,1]],[[5721,4967],[4,0],[3,3],[6,-1],[6,3],[1,2],[6,5],[6,1],[9,0],[2,2],[-3,2],[-3,0],[-6,3],[0,3],[-3,0],[-6,-2],[-5,-8],[-6,-3],[-3,-3],[0,-3],[-3,-1],[-4,-2],[-3,1],[-1,-2],[3,0]],[[6356,4981],[1,4],[-1,2],[-3,-1],[-1,-3],[4,-4],[0,2]],[[5227,4980],[-3,2],[0,-1],[3,-1]],[[6378,4980],[-2,-2],[-6,0],[3,-4],[2,-9],[0,-1],[4,-5],[3,-2],[3,3],[4,2],[6,0],[5,2],[-2,1],[-8,5],[-9,6],[0,3],[-3,1]],[[6323,4971],[-2,5],[-4,2],[1,-6],[1,-1],[-1,-3],[3,-3],[6,-2],[2,3],[-5,3],[-1,2]],[[5084,4962],[1,-2],[3,1],[0,7],[2,4],[-4,1],[-2,3],[-3,0],[-1,-1],[0,-2],[-1,-1],[3,-4],[2,-6]],[[5297,4974],[2,1],[-4,1],[2,-2]],[[5284,4970],[3,0],[-1,2],[-2,-2]],[[6362,4952],[1,0],[4,5],[0,3],[-5,0],[-2,3],[0,7],[-5,-2],[2,-4],[0,-3],[1,-2],[4,-4],[0,-3]],[[5238,4941],[2,3],[-2,0],[-2,3],[4,6],[6,4],[-4,1],[-2,-3],[-6,-1],[-2,-2],[-3,1],[-4,2],[-1,5],[1,2],[-2,3],[-3,-2],[0,6],[-5,-3],[1,-3],[4,-2],[1,-5],[0,-4],[4,-2],[1,-4],[5,-3],[3,1],[3,-1],[1,-2]],[[6312,4964],[-1,2],[-5,0],[6,-2]],[[5736,4955],[6,8],[3,3],[-5,-1],[-6,-6],[1,-4],[1,0]],[[5283,4964],[1,-3],[3,1],[-4,2]],[[5299,4954],[-3,0],[0,-5],[-2,-3],[4,-3],[2,1],[-2,3],[1,4],[3,2],[-3,1]],[[5709,4949],[1,1],[-4,3],[-5,-2],[5,-1],[3,-1]],[[6371,4944],[-1,3],[-1,-3],[2,0]],[[5382,4934],[1,4],[-1,1],[-1,-5],[1,0]],[[5040,4933],[1,3],[-2,2],[-1,-3],[2,-2]],[[5658,4926],[-1,-3],[1,-4],[5,-1],[11,0],[3,1],[-1,3],[2,1],[2,3],[0,2],[-3,5],[-3,1],[-4,-1],[-1,-1],[-3,0],[-9,5],[1,1],[-4,0],[-1,-1],[-5,0],[-1,-2],[2,-3],[1,2],[6,1],[6,-2],[-1,-3],[-4,-2],[1,-2]],[[5111,4918],[2,1],[5,1],[2,3],[4,0],[-5,3],[-3,0],[0,-3],[-5,-2],[-3,0],[0,-2],[3,-1]],[[4993,4907],[0,2],[6,3],[1,4],[3,3],[-6,0],[-3,-2],[0,-3],[-4,-1],[2,-5],[1,-1]],[[6281,4909],[6,-4],[1,1],[-4,5],[-8,6],[-4,-1],[2,-4],[2,0],[5,-3]],[[5276,4897],[3,0],[5,2],[1,-1],[2,3],[3,0],[1,2],[-6,0],[-3,2],[-3,3],[-2,-2],[2,-1],[-2,-4],[-1,0],[0,-4]],[[5253,4846],[2,-2],[4,7],[-2,4],[0,3],[2,1],[1,2],[5,3],[1,2],[2,2],[2,6],[2,2],[2,5],[-2,3],[1,3],[-1,2],[-3,1],[-4,-1],[-4,-2],[-2,0],[1,-2],[-2,-3],[-2,-3],[-1,-1],[-9,0],[-2,3],[-2,-3],[-4,-3],[-3,-4],[1,-5],[3,-3],[1,-6],[2,-2],[1,-4],[2,-2],[6,-2],[2,-1]],[[6236,4886],[-3,0],[-4,-1],[-4,-6],[-2,-4],[5,0],[1,1],[-3,0],[3,1],[5,-3],[5,-4],[-2,-2],[-2,2],[-6,1],[2,1],[-4,1],[0,-2],[9,-6],[4,2],[5,1],[4,2],[1,3],[-5,2],[2,2],[-1,2],[2,3],[0,2],[-4,2],[-7,1],[-1,-1]],[[4931,4851],[0,2],[-2,0],[2,-2]],[[4945,4838],[0,4],[-3,2],[-2,0],[0,3],[-1,3],[-2,2],[-3,-4],[3,-5],[3,-2],[1,-1],[4,-2]],[[5204,4822],[3,2],[-1,1],[1,3],[-1,0],[2,4],[3,0],[-1,4],[4,2],[-1,4],[-6,3],[-3,-3],[0,-2],[-1,-2],[0,-2],[-2,-6],[1,-1],[-2,-3],[2,-4],[2,0]],[[5274,4820],[3,1],[1,3],[8,3],[4,4],[3,-1],[4,4],[4,1],[2,0],[4,2],[0,3],[-7,-1],[-7,2],[-1,-1],[-5,2],[-1,-3],[2,-2],[-3,-4],[-3,0],[-3,0],[0,-3],[-2,-5],[-3,-4],[0,-1]],[[6479,4841],[-6,-2],[0,-4],[-2,-1],[-2,-4],[2,-4],[0,-3],[5,-2],[3,0],[7,3],[3,7],[-1,5],[-6,4],[-3,1]],[[4994,4834],[1,1],[-2,2],[1,-3]],[[5259,4832],[-3,-4],[2,0],[6,-2],[-2,3],[1,3],[-2,1],[-2,-1]],[[4934,4818],[-1,-2],[-3,-1],[-3,1],[2,-3],[-1,-3],[1,-1],[3,-1],[0,-3],[2,0],[3,-1],[4,-1],[3,2],[8,-3],[2,-3],[4,0],[3,0],[3,-1],[2,-3],[2,1],[-3,5],[-2,0],[0,5],[-1,2],[0,3],[1,2],[1,4],[-2,1],[-2,-1],[-2,-5],[-3,1],[-2,-1],[-7,0],[-3,6],[0,4],[-2,4],[2,1],[-1,5],[-3,-1],[-4,2],[-2,-1],[0,-3],[2,-1],[-2,-6],[1,-2],[0,-2]],[[6397,4828],[0,-2],[3,0],[1,2],[-3,1],[-1,-1]],[[5836,4825],[-2,3],[-3,-4],[3,-1],[2,2]],[[6609,4813],[1,2],[0,3],[-2,2],[-4,0],[-3,-2],[0,-3],[2,-1],[6,-1]],[[4860,4790],[2,1],[-1,8],[1,0],[-5,3],[0,3],[-1,7],[-4,3],[-1,2],[-2,1],[-2,-3],[-2,2],[-1,-3],[2,0],[2,-2],[2,0],[-4,-2],[-2,1],[0,-6],[1,1],[3,-1],[5,-4],[0,-2],[3,-7],[4,-2]],[[6302,4808],[7,-1],[3,2],[0,2],[-2,1],[-8,0],[0,-4]],[[4886,4795],[1,3],[0,4],[-4,8],[-2,1],[-1,-3],[1,-1],[0,-4],[1,-2],[-1,-2],[5,-4]],[[4871,4753],[2,0],[0,4],[-2,4],[2,7],[-1,4],[3,2],[2,2],[0,3],[2,3],[-1,3],[1,2],[-6,2],[-6,8],[1,7],[-2,4],[-3,1],[-2,-2],[0,-3],[5,-6],[1,-9],[3,-7],[1,-10],[-1,-2],[-1,-5],[1,-4],[-1,-3],[2,-5]],[[6240,4807],[-1,1],[-1,-2],[2,1]],[[4924,4795],[4,4],[-1,3],[-2,2],[-3,-2],[2,-2],[-1,-3],[1,-2]],[[5146,4754],[9,1],[3,1],[3,4],[5,0],[8,-4],[2,3],[1,4],[-1,8],[6,-2],[4,-3],[1,-3],[5,4],[2,0],[8,4],[3,0],[3,6],[2,2],[0,4],[-2,1],[-1,3],[1,2],[-3,0],[0,2],[-4,1],[-5,0],[-2,-1],[-2,2],[-7,1],[-3,2],[-4,1],[-6,-4],[-1,-7],[1,-1],[-2,-5],[-7,4],[-2,0],[-6,1],[-8,-1],[-6,-2],[1,-1],[-4,-2],[0,-4],[-2,-4],[0,-4],[1,-3],[6,-6],[0,-3],[3,-1]],[[5254,4792],[-4,-2],[4,-1],[2,2],[-2,1]],[[5124,4768],[3,1],[6,6],[1,3],[-4,2],[-2,-2],[-1,-3],[-2,-2],[-2,-4],[1,-1]],[[5246,4777],[1,-2],[4,-1],[1,2],[-2,4],[-4,-3]],[[6499,4749],[3,1],[5,0],[4,1],[4,3],[2,4],[6,3],[2,0],[2,3],[4,2],[-1,2],[2,3],[-1,5],[-3,1],[-1,2],[-5,1],[-2,-2],[-3,-1],[-2,-2],[-6,-1],[-3,-3],[-6,0],[-3,-1],[-5,0],[-5,-2],[-4,-3],[0,-7],[6,-5],[7,-3],[3,-1]],[[5230,4775],[-2,1],[0,-2],[2,-4],[3,2],[-3,3]],[[5123,4773],[1,2],[-2,1],[1,-3]],[[4907,4769],[-3,-2],[-3,1],[-3,-1],[-1,-3],[-4,-5],[2,-2],[2,1],[3,-1],[2,3],[4,-3],[-1,1],[4,0],[0,4],[3,0],[0,2],[-3,1],[-2,2],[3,-2],[4,0],[0,1],[-4,0],[0,2],[-3,1]],[[5275,4768],[-2,0],[0,-2],[-5,-3],[1,-1],[3,1],[3,4],[3,1],[-3,0]],[[5246,4756],[-2,-2],[4,0],[-2,2]],[[4839,4746],[-1,5],[-3,1],[-4,3],[-3,0],[0,-2],[8,-3],[1,-3],[2,-1]],[[5237,4751],[-1,3],[-1,1],[-1,-3],[3,-1]],[[4907,4753],[-3,-2],[-2,-4],[7,6],[-2,0]],[[4922,4745],[2,1],[-1,3],[-5,0],[-1,-2],[5,-2]],[[6683,4746],[-3,-4],[2,-3],[6,2],[-1,5],[-4,0]],[[4851,4735],[-1,7],[-3,3],[-8,0],[1,-3],[4,-1],[4,-4],[3,-2]],[[5255,4727],[1,0],[4,2],[3,-6],[-1,-3],[2,0],[-1,-3],[-3,-1],[-2,-4],[-3,0],[0,-3],[7,5],[2,0],[2,-1],[4,2],[3,1],[-2,2],[0,1],[5,2],[0,3],[0,4],[-4,1],[-3,2],[0,7],[1,2],[-4,3],[-1,2],[-2,-3],[-3,0],[-2,2],[-4,1],[-2,-2],[-3,0],[-3,-1],[2,-4],[1,-3],[4,0],[1,-1],[-2,-4],[3,-3]],[[4977,4744],[-2,-2],[3,-2],[3,0],[-1,4],[-3,0]],[[5277,4740],[3,2],[-2,1],[-3,0],[-2,-2],[4,-1]],[[5329,4740],[-3,0],[-2,-1],[3,-1],[2,2]],[[4918,4740],[-3,0],[0,-3],[4,0],[5,-2],[-1,3],[-5,2]],[[5188,4730],[1,2],[-2,0],[1,-2]],[[4991,4732],[-4,0],[0,-2],[3,-4],[2,1],[-1,2],[0,3]],[[6246,4730],[-1,-1],[2,-1],[2,1],[-3,1]],[[5179,4722],[2,1],[0,3],[-3,1],[-1,-4],[2,-1]],[[5213,4650],[1,7],[1,4],[6,4],[1,2],[0,5],[-1,1],[-1,3],[-2,3],[1,2],[-5,-4],[-4,1],[-1,1],[-4,1],[3,4],[0,2],[-5,2],[2,3],[-2,0],[-2,2],[-1,2],[3,0],[-2,3],[-2,-1],[-2,5],[1,2],[-1,2],[0,2],[6,4],[0,1],[1,2],[-4,3],[-3,-3],[-4,0],[-3,2],[-3,-3],[-3,0],[0,3],[-3,3],[-2,0],[1,-3],[-2,-1],[-2,1],[-6,0],[-2,2],[0,2],[-1,5],[-4,0],[-1,-1],[0,-6],[-4,-3],[-1,-1],[-5,-3],[-1,-4],[-3,-2],[-1,-2],[-3,-2],[-2,-3],[-2,-5],[2,-3],[1,-6],[3,-1],[5,1],[5,-1],[4,-4],[10,-2],[2,-3],[4,3],[3,0],[-2,-3],[-1,-4],[1,-1],[-1,-4],[2,0],[0,-4],[2,-1],[2,1],[4,-1],[3,-3],[2,-1],[2,3],[8,6],[-1,2],[2,2],[3,1],[2,-1],[2,1],[2,-5],[-4,-4],[3,-4],[2,-6],[1,-2]],[[4977,4726],[-4,-4],[1,-3],[2,-2],[0,-1],[6,-3],[3,1],[2,-4],[4,-3],[3,3],[0,3],[-6,8],[-5,-1],[-1,3],[-5,3]],[[5250,4718],[3,2],[-3,0],[-1,-2],[1,0]],[[5306,4711],[1,-6],[-1,-2],[6,-1],[3,-1],[1,1],[-1,5],[-9,4]],[[5274,4702],[-1,-1],[-4,1],[-3,3],[-1,1],[-3,0],[-1,-2],[3,-3],[-1,-1],[-7,2],[3,-2],[1,-2],[-3,-3],[-5,1],[-1,-3],[-1,-7],[0,-3],[0,-5],[2,-1],[1,-2],[5,4],[0,1],[7,7],[4,0],[0,3],[2,3],[0,3],[3,6]],[[4959,4705],[-2,-2],[-1,-5],[5,0],[0,2],[-2,5]],[[5285,4695],[-1,-1],[-4,0],[-3,-2],[1,-6],[-2,-1],[0,-9],[5,-3],[5,2],[3,2],[6,2],[5,-2],[1,-2],[0,8],[0,1],[-5,-1],[-4,4],[0,6],[-7,2]],[[6,4690],[6,1],[-5,3],[-3,-3],[-4,-1],[6,0]],[[4893,4686],[2,2],[-2,1],[-1,-2],[1,-1]],[[6414,4685],[-2,-3],[4,-1],[3,1],[-1,2],[-4,1]],[[6679,4680],[2,-2],[1,2],[-3,0]],[[5308,4675],[0,-1],[-6,-1],[1,-4],[1,-2],[5,-4],[2,-3],[7,1],[3,2],[2,4],[-4,3],[-3,2],[-5,0],[0,1],[-3,2]],[[5248,4668],[0,2],[-4,3],[-1,-1],[1,-4],[4,0]],[[4869,4622],[2,0],[4,-4],[2,0],[3,-2],[6,1],[1,2],[-1,1],[3,2],[0,3],[-3,0],[-2,1],[0,3],[-3,0],[6,6],[-2,1],[-3,-1],[-5,3],[1,4],[2,4],[2,1],[9,3],[-3,4],[1,3],[-1,2],[0,3],[2,0],[2,3],[-3,1],[0,1],[-3,2],[-2,-1],[-4,2],[-6,-8],[-3,1],[-1,2],[2,0],[-1,2],[-4,0],[-1,1],[-4,1],[-4,-2],[5,-3],[-3,-2],[2,-1],[-4,-5],[-1,-1],[5,-1],[1,-2],[-3,-4],[-3,-1],[-2,-3],[-3,-2],[1,-4],[5,-2],[1,-3],[2,-4],[-1,-5],[1,0],[5,0],[3,-2]],[[5176,4665],[-2,1],[-2,-2],[1,-1],[3,2]],[[6375,4663],[-3,-1],[-5,0],[-3,-3],[3,-3],[6,1],[3,2],[3,1],[0,2],[-4,1]],[[5275,4652],[0,4],[-1,0],[-1,-4],[2,0]],[[6325,4656],[-4,2],[-2,-2],[-6,-3],[0,-1],[3,1],[7,0],[2,3]],[[6639,4653],[-1,-2],[5,-1],[1,2],[-5,1]],[[6491,4635],[2,1],[4,0],[3,-1],[3,0],[3,4],[3,0],[0,2],[-1,3],[-4,3],[-6,4],[0,2],[-7,-1],[-6,-2],[-2,-6],[3,-6],[5,-3]],[[6748,4633],[0,-2],[7,-2],[4,-3],[0,-2],[3,-1],[3,0],[-3,2],[0,3],[2,2],[2,1],[1,2],[4,-1],[-5,3],[-1,2],[-8,2],[-7,0],[0,-1],[1,-2],[-3,-3]],[[5116,4633],[3,0],[-8,2],[0,-1],[5,-1]],[[6269,4627],[4,-5],[4,-2],[1,0],[6,8],[-1,3],[-4,2],[-6,0],[-4,-4],[0,-2]],[[5198,4616],[-1,2],[0,4],[-2,4],[-3,2],[0,-2],[1,-6],[3,0],[0,-3],[2,-1]],[[5291,4608],[1,2],[-1,4],[1,2],[1,6],[-2,2],[1,3],[-3,0],[-3,-2],[-2,-5],[2,-2],[2,-9],[3,-1]],[[6769,4624],[-2,0],[1,-3],[5,-2],[3,0],[1,2],[-6,3],[-2,0]],[[4925,4605],[3,0],[2,4],[-3,0],[-2,-2],[0,-2]],[[4939,4603],[-2,-1],[1,-2],[3,1],[1,1],[-3,1]],[[4883,4601],[-4,-2],[0,-2],[-3,-1],[0,-1],[3,0],[4,3],[3,-1],[-3,2],[0,2]],[[6586,4586],[2,1],[0,4],[-4,2],[-5,0],[-2,-3],[5,-1],[1,-2],[3,-1]],[[5086,4590],[0,2],[-2,-2],[2,0]],[[6544,4536],[-1,-4],[-2,-1],[6,-2],[-1,-2],[3,-2],[0,-3],[3,-1],[4,-4],[-1,-4],[1,-1],[9,-4],[3,0],[2,1],[5,-1],[2,-1],[5,1],[4,1],[0,2],[-1,1],[0,3],[6,0],[6,-3],[4,2],[2,-1],[4,1],[-1,3],[2,4],[-3,1],[-1,3],[-2,3],[-1,4],[0,3],[0,3],[1,2],[5,1],[3,-1],[1,2],[3,-1],[-2,2],[6,0],[4,3],[1,5],[-4,4],[0,2],[-1,1],[-6,3],[-3,-1],[-4,0],[-2,3],[1,4],[-1,2],[5,3],[10,2],[1,-1],[2,4],[-1,5],[-4,3],[-7,2],[-8,-1],[-2,-1],[-4,0],[-2,-2],[1,-9],[2,-2],[-1,-3],[-4,-3],[-3,-5],[-2,0],[-3,3],[-5,-2],[-2,0],[-2,-2],[-3,-3],[-3,2],[-5,-4],[-2,-2],[-4,1],[-5,-3],[0,-1],[-4,0],[1,-2],[2,-3],[0,-3],[-2,-2],[1,0],[-6,-4]],[[5200,4574],[3,5],[-3,2],[-1,-2],[1,-5]],[[6592,4572],[0,3],[1,3],[-5,-2],[0,-4],[4,0]],[[6733,4573],[-1,-2],[5,-3],[0,-2],[3,0],[6,2],[2,2],[-3,3],[-8,2],[-4,-2]],[[4907,4571],[2,-4],[0,-1],[4,0],[2,-2],[2,1],[-3,1],[-1,3],[-6,2]],[[5198,4565],[2,2],[-1,4],[-2,-6],[1,0]],[[4933,4567],[-2,-2],[-5,0],[0,1],[-6,-2],[-2,-3],[1,-4],[3,0],[-1,-2],[4,1],[0,2],[3,0],[0,-5],[3,5],[0,5],[4,0],[-2,4]],[[6481,4561],[4,1],[-2,2],[-2,0],[0,-3]],[[4949,4560],[-3,-2],[6,0],[-3,2]],[[5213,4545],[1,13],[-4,-1],[-6,-3],[-3,-4],[5,-2],[4,0],[3,-3]],[[4943,4553],[-2,-1],[3,0],[-1,1]],[[4910,4550],[5,1],[-3,2],[-7,-1],[1,-3],[4,1]],[[4929,4545],[-3,-3],[4,1],[1,2],[-2,0]],[[4892,4543],[1,2],[-4,-1],[-5,1],[4,-3],[3,0],[1,1]],[[5212,4507],[1,1],[7,2],[-1,2],[2,1],[-1,4],[-1,0],[0,3],[2,1],[0,3],[-4,1],[-2,0],[-1,3],[-3,1],[-2,3],[1,2],[-5,2],[-1,-3],[-3,-1],[0,-3],[3,-2],[8,-1],[-9,-2],[-6,2],[1,-3],[7,-1],[3,0],[1,-4],[2,-1],[-2,-2],[-3,1],[-4,-2],[-1,-1],[3,-1],[1,2],[2,-2],[3,-2],[-2,-1],[4,-2]],[[4936,4535],[-2,-2],[0,-1],[2,1],[0,-2],[3,-1],[-1,5],[-2,0]],[[4826,4531],[2,4],[-3,-1],[1,-3]],[[6516,4515],[3,1],[4,-1],[6,2],[-1,1],[0,4],[2,4],[-3,2],[-1,2],[-5,-1],[-6,-3],[-6,1],[-1,1],[-6,-4],[1,-3],[4,-1],[4,1],[1,-6],[4,0]],[[4921,4529],[-5,1],[-2,-2],[1,-3],[6,4]],[[5203,4518],[-1,1],[-3,0],[4,-1]],[[5224,4506],[3,2],[1,1],[-3,2],[-1,-5]],[[6611,4475],[-5,2],[-2,0],[0,-4],[7,0],[0,2]],[[5235,4468],[4,0],[-3,3],[-1,-3]],[[6439,4460],[7,-7],[5,0],[4,4],[0,4],[-5,3],[-10,0],[-2,-3],[1,-1]],[[5214,4456],[0,2],[-7,2],[-1,-1],[2,-2],[6,-1]],[[5272,4424],[4,3],[0,5],[4,4],[-2,5],[-3,1],[-1,6],[3,2],[-1,2],[1,3],[-1,1],[-4,-2],[-1,-5],[-3,-1],[0,-2],[-1,-4],[1,-4],[0,-4],[2,-2],[-1,-2],[2,-3],[1,-3]],[[6344,4452],[0,3],[-6,-1],[6,-3],[0,1]],[[5210,4442],[5,2],[1,2],[-1,5],[-6,1],[-4,0],[2,-2],[-2,-2],[-4,-1],[2,-3],[2,0],[1,3],[2,-1],[0,-4],[2,0]],[[5877,4450],[-2,0],[-1,-2],[2,0],[1,2]],[[5828,4449],[-2,-3],[-3,-1],[-4,2],[-3,-5],[1,-2],[4,-3],[0,-2],[-3,-3],[3,0],[8,0],[1,2],[-1,3],[4,3],[-1,2],[-4,3],[0,4]],[[6435,4442],[-1,-1],[3,-2],[-2,3]],[[4893,4427],[5,2],[2,3],[-1,1],[2,5],[-3,-1],[-3,2],[-2,-2],[-1,-6],[1,-4]],[[5833,4433],[-1,-1],[2,-2],[-1,3]],[[4884,4430],[4,1],[-2,1],[-2,-2]],[[5888,4422],[5,2],[-5,0],[0,-2]],[[5168,4424],[-5,-6],[5,1],[1,2],[-1,3]],[[5183,4421],[-3,-3],[2,-1],[1,4]],[[5806,4402],[2,-4],[0,-3],[2,0],[2,-5],[-1,-3],[9,1],[1,1],[-2,3],[-4,1],[-2,3],[3,2],[-1,1],[3,3],[-2,4],[1,2],[-2,3],[-3,1],[-3,7],[0,-7],[-4,-6],[1,-4]],[[5380,4248],[7,3],[3,-2],[5,3],[5,2],[3,0],[2,1],[8,2],[4,0],[5,3],[5,1],[8,0],[5,0],[3,2],[5,0],[1,1],[0,4],[-3,2],[-7,-1],[-1,3],[-6,3],[-3,5],[2,0],[3,-3],[4,0],[2,1],[1,4],[4,-4],[5,1],[1,-2],[5,1],[4,-1],[2,-2],[1,2],[4,-1],[6,1],[2,2],[0,-3],[3,1],[4,-4],[4,0],[8,4],[0,2],[-3,3],[-1,2],[-2,3],[-5,0],[1,2],[-3,4],[0,3],[-4,1],[1,9],[-4,2],[-1,-1],[-4,-1],[-1,2],[1,3],[0,2],[2,3],[-2,1],[1,2],[2,1],[-1,2],[-4,-2],[-3,0],[-4,3],[0,2],[-4,3],[3,-1],[3,1],[6,1],[1,-2],[9,-3],[-3,-1],[4,-3],[0,-3],[-3,-1],[6,-2],[2,-7],[3,0],[-5,-3],[1,-1],[8,2],[5,-1],[1,-2],[3,-3],[-1,-2],[3,-3],[2,2],[4,0],[-1,4],[1,2],[-1,1],[2,3],[-2,1],[0,4],[3,3],[4,2],[6,1],[-2,-4],[-3,-2],[-1,-3],[4,-2],[0,-1],[6,0],[3,-1],[3,0],[6,4],[0,3],[6,2],[3,0],[2,-2],[6,2],[3,4],[-4,2],[0,2],[-8,1],[-3,2],[0,3],[8,2],[-2,5],[2,2],[3,0],[-4,3],[0,2],[3,0],[2,2],[1,-3],[6,-2],[0,-6],[-3,-1],[1,-3],[6,1],[6,-1],[1,1],[-2,3],[4,7],[-3,1],[-5,2],[-3,2],[-2,5],[2,7],[2,1],[-7,2],[-3,4],[-4,0],[-5,2],[-1,-3],[-7,0],[-7,1],[-4,1],[-3,0],[-3,2],[-3,-1],[-1,2],[-5,2],[-5,-1],[-4,-1],[-8,-1],[-3,0],[-3,-2],[-10,0],[-2,3],[-3,1],[-4,3],[-2,0],[0,2],[-5,3],[-4,-1],[-3,2],[-8,5],[-2,4],[-3,-1],[0,3],[-4,-2],[0,-3],[-1,-2],[-1,-4],[-1,4],[-2,0],[-1,2],[-2,1],[-2,5],[-7,2],[-1,1],[-3,0],[0,2],[-3,4],[1,2],[-3,1],[-2,-2],[-5,0],[-3,2],[1,-5],[4,-3],[0,-4],[0,-4],[1,-5],[0,-4],[0,-4],[-7,-2],[-2,-1],[-1,-4],[-2,-5],[-4,1],[-2,-1],[-7,-3],[-3,-3],[-3,-5],[0,-1],[-2,-3],[-3,-2],[1,-2],[7,0],[0,-2],[-3,-1],[-1,-2],[-2,0],[-2,2],[-5,-1],[-1,-2],[2,-2],[3,0],[-1,-2],[2,-1],[-1,-2],[-2,0],[-1,-3],[-2,-1],[-3,3],[-3,5],[-4,2],[-4,0],[-5,1],[-2,-1],[-2,-1],[-1,3],[2,2],[-6,0],[-5,-3],[-5,0],[-3,-3],[-2,0],[0,-3],[-4,-2],[0,-2],[3,0],[3,2],[0,3],[3,-7],[-7,-1],[0,-3],[0,-7],[-2,-2],[0,-2],[5,-1],[2,-3],[3,2],[-2,3],[4,5],[3,-2],[1,2],[2,1],[4,-3],[-2,-4],[2,-3],[-1,-5],[2,-3],[2,-2],[0,-6],[-3,-2],[1,-4],[1,-1],[-1,-2],[1,-3],[3,-2],[0,-4],[-5,0],[-2,-1],[0,-5],[7,-6],[0,-3],[3,-1],[8,2],[4,-1],[11,0],[7,-4],[1,-4]],[[5324,4355],[3,1],[1,5],[-3,-1],[1,-2],[-3,-2],[1,-1]],[[4716,4326],[2,3],[3,0],[1,2],[3,0],[0,-3],[5,3],[1,-1],[3,2],[6,1],[4,3],[-1,3],[1,0],[1,2],[4,0],[5,-3],[3,-1],[1,1],[6,3],[9,0],[3,-4],[3,0],[0,1],[4,0],[1,-1],[2,1],[3,-1],[1,2],[-5,2],[-6,0],[0,1],[-3,3],[-5,1],[-5,3],[-3,-1],[6,-2],[-1,-2],[-7,-1],[-3,-1],[-2,1],[-4,1],[-1,2],[2,1],[-1,2],[-1,0],[-2,2],[4,2],[0,5],[-8,-2],[-2,-3],[-4,-1],[0,-2],[-4,-2],[-4,3],[1,2],[-2,1],[-4,-4],[-4,0],[-2,3],[3,3],[-7,-1],[-3,-2],[-1,-4],[1,-3],[3,0],[3,1],[4,-1],[2,-3],[3,1],[0,-3],[-3,-2],[-3,0],[-3,-2],[1,-1],[3,-1],[0,-2],[-6,-2],[0,-2],[-4,-1],[0,-1],[3,-1]],[[5322,4345],[3,2],[1,3],[-2,4],[-2,-1],[-2,-2],[0,-5],[2,-1]],[[5319,4339],[-2,-7],[3,2],[3,0],[1,1],[-2,4],[-3,0]],[[5294,4336],[2,0],[0,2],[-2,-2]],[[5282,4330],[4,2],[-2,4],[-3,-2],[-2,-2],[3,-2]],[[4790,4331],[-2,-1],[2,-3],[5,2],[-5,2]],[[4705,4328],[2,2],[-4,0],[2,-2]],[[5576,4327],[2,-2],[-1,-2],[4,-2],[1,2],[-3,3],[-3,1]],[[5312,4315],[4,0],[3,2],[-2,2],[-5,2],[1,1],[-2,3],[-3,0],[3,-3],[0,-2],[-3,-1],[1,-2],[3,-2]],[[4709,4319],[2,0],[-2,2],[0,-2]],[[5594,4318],[-2,-1],[-1,-2],[-2,0],[0,-2],[4,0],[1,2],[0,3]],[[5302,4315],[5,1],[-3,1],[-2,-2]],[[5577,4304],[-2,-2],[3,0],[-1,2]],[[4670,4280],[2,0],[0,3],[1,2],[-1,2],[3,2],[1,3],[-3,0],[-2,2],[2,1],[-1,4],[-4,-1],[-4,1],[-3,-2],[-2,0],[-8,-3],[2,-3],[5,-2],[-5,-2],[0,-2],[-3,-2],[4,-1],[5,2],[2,-1],[3,1],[3,-2],[0,-2],[3,0]],[[4726,4298],[-2,-2],[2,-1],[0,-2],[-2,-2],[1,-5],[3,4],[2,1],[6,-2],[2,-2],[6,-2],[-3,4],[-2,0],[-3,3],[1,2],[-4,1],[0,1],[-5,-1],[-2,3]],[[5569,4289],[-3,-2],[-4,1],[0,-4],[5,-1],[2,6]],[[4744,4285],[0,-3],[2,2],[-2,1]],[[4750,4278],[2,-3],[2,2],[-4,1]],[[4754,4270],[-1,-3],[3,0],[-2,3]],[[4743,4266],[-2,-2],[2,0],[0,2]],[[4759,4264],[-5,-2],[1,-2],[4,2],[7,-1],[3,-1],[5,-5],[-1,3],[-3,2],[-1,3],[-3,-1],[-7,2]],[[4596,4250],[4,3],[1,2],[-3,1],[-1,2],[4,2],[-4,1],[-3,-1],[-2,-4],[2,-1],[0,-3],[-1,-1],[3,-1]],[[4616,4231],[4,6],[3,-1],[-1,3],[1,5],[-8,0],[-3,5],[-3,-1],[0,-4],[-1,-3],[3,-2],[0,-4],[4,-2],[1,-2]],[[4731,4233],[-1,-2],[2,-1],[-2,-3],[2,-1],[-1,-3],[3,2],[0,5],[-3,3]],[[4543,4168],[4,0],[1,3],[-6,-3],[-2,2],[-4,-1],[7,-1]],[[5065,4158],[2,1],[-3,1],[1,-2]],[[4976,4146],[2,1],[1,2],[-3,1],[-1,-2],[1,-2]],[[5037,4133],[0,1],[-3,0],[3,-1]],[[4940,4123],[3,2],[5,2],[1,2],[0,3],[-4,1],[-3,-1],[-2,-4],[2,-2],[-4,-1],[2,-2]],[[5073,4121],[8,2],[-2,1],[-6,-3]],[[4971,4109],[2,-1],[-1,4],[-3,0],[2,-3]],[[4910,4102],[0,-1],[4,-1],[4,0],[2,2],[0,3],[-3,1],[-2,3],[-2,0],[-3,-7]],[[4892,4098],[1,2],[-3,2],[-3,-1],[1,-2],[4,-1]],[[4840,4031],[3,3],[0,3],[-4,3],[-2,0],[0,-7],[3,-2]],[[4826,3991],[3,0],[1,1],[5,7],[2,4],[0,9],[-5,8],[-4,0],[-5,-3],[1,-2],[0,-11],[0,-3],[-4,-7],[4,0],[2,-3]],[[4385,3998],[-1,-2],[0,-6],[-1,-1],[-1,-7],[2,-1],[0,8],[1,3],[0,6]],[[4810,3971],[3,1],[3,3],[0,3],[3,1],[3,2],[1,4],[0,2],[-2,4],[-3,-1],[-3,-8],[-3,-3],[-4,-3],[-3,-1],[0,-3],[5,-1]],[[4515,3880],[5,-2],[0,-3],[4,-1],[4,3],[3,2],[-3,4],[-9,2],[-4,-5]],[[4454,3878],[0,-3],[4,1],[-2,3],[-2,1],[0,-2]],[[4392,3873],[2,1],[2,3],[-6,0],[0,-4],[2,0]],[[4442,3870],[3,0],[-2,2],[-3,-2],[2,0]],[[4476,3865],[0,-3],[1,-3],[2,0],[3,2],[1,3],[-6,2],[-1,-1]],[[4425,3854],[1,0],[-2,3],[5,0],[-3,1],[-5,-3],[4,-1]],[[4393,3841],[1,-1],[3,1],[-5,1],[-5,3],[3,2],[-4,-1],[-4,2],[-3,-1],[1,-5],[6,0],[1,2],[6,-3]],[[4415,3837],[1,-1],[3,-1],[-3,4],[-2,0],[1,-2]],[[4366,3818],[2,1],[1,3],[-2,1],[-7,-2],[6,-3]],[[4378,3807],[1,4],[-7,1],[2,-3],[1,2],[2,-2],[1,-2]],[[6770,3673],[2,2],[3,-1],[0,6],[1,3],[-4,-3],[-4,-9],[2,2]],[[6771,3670],[2,1],[0,2],[-2,0],[0,-3]],[[6727,3614],[3,1],[4,4],[3,1],[2,6],[7,3],[2,0],[3,3],[4,0],[2,-1],[1,-2],[5,0],[6,2],[-3,1],[-4,-1],[-3,0],[1,4],[5,3],[1,3],[-2,2],[1,3],[2,1],[-4,3],[0,1],[1,5],[-1,1],[3,8],[0,3],[2,2],[-3,-1],[-3,-3],[0,-7],[-2,-4],[-2,-3],[0,-5],[2,-5],[-7,-4],[-9,-3],[-5,-4],[-14,-9],[-3,-3],[-2,-3],[7,-2]],[[6816,3654],[-8,-2],[-5,-5],[0,-1],[-4,-2],[1,-2],[-5,-1],[-1,1],[-5,-2],[-4,-4],[0,1],[-8,-5],[1,-1],[3,2],[6,2],[5,3],[7,3],[6,3],[4,4],[7,4],[0,2]],[[6553,3643],[9,1],[-2,2],[-9,3],[-3,-1],[-3,-2],[3,-3],[5,0]],[[4237,3525],[1,3],[1,7],[-2,2],[-3,1],[-3,-1],[-6,-5],[-1,-3],[-4,-1],[-3,0],[-1,-7],[1,-1],[1,-5],[3,0],[4,1],[1,2],[0,3],[4,-3],[3,1],[4,6]],[[4190,3472],[2,4],[-3,0],[-2,-2],[2,-3],[1,1]],[[3712,3458],[2,1],[-4,0],[-2,2],[0,2],[-4,-1],[2,-4],[3,1],[3,-1]],[[3585,3416],[6,-3],[-3,7],[-3,1],[-4,-1],[4,-1],[0,-3]],[[3622,3418],[-1,-1],[2,-4],[1,-3],[2,1],[-2,7],[-2,0]],[[3564,3401],[1,1],[-2,5],[1,2],[2,1],[4,3],[0,2],[-5,-3],[-3,-3],[-6,0],[-1,-2],[5,-2],[2,-4],[2,0]],[[6361,3402],[9,3],[1,2],[-7,-1],[-6,-2],[-3,-2],[6,0]],[[3569,3395],[2,3],[-3,0],[-2,3],[-2,-1],[-4,0],[-1,-1],[3,-2],[7,-2]],[[3516,3389],[2,1],[-2,3],[-3,-1],[-2,-2],[5,-1]],[[4039,3353],[2,1],[4,2],[8,-1],[10,2],[4,3],[1,3],[1,3],[-5,7],[-5,2],[-7,-1],[-1,3],[2,3],[0,3],[-3,0],[-6,-3],[-1,-4],[0,-4],[2,-2],[0,-4],[-3,-4],[-3,-1],[-2,-4],[0,-3],[2,-1]],[[3480,3378],[4,1],[3,2],[-2,1],[-7,-2],[-2,-1],[4,-1]],[[3995,3350],[-2,2],[0,-3],[2,1]],[[3782,3290],[1,3],[-2,1],[-3,0],[1,-3],[3,-1]],[[3753,3274],[1,2],[-5,1],[4,-3]],[[3746,3267],[3,1],[1,3],[-4,2],[-4,-1],[-1,-2],[1,-2],[4,-1]],[[3778,3262],[1,4],[-6,1],[2,-3],[3,-2]],[[3756,3246],[5,1],[2,4],[-5,2],[-5,-2],[1,-4],[2,-1]],[[3739,3234],[1,2],[0,2],[-4,-1],[0,-3],[3,0]],[[3071,2797],[-3,-2],[3,-1],[3,1],[-3,2]],[[2912,2768],[-4,-3],[3,1],[1,2]],[[2908,2762],[-4,-1],[2,-1],[2,2]],[[2890,2751],[-1,-3],[-2,-1],[-2,-4],[2,1],[3,3],[1,4],[-1,0]],[[2881,2743],[-2,0],[-7,-5],[2,-2],[9,6],[-2,1]],[[2956,2732],[-4,-3],[0,-3],[2,2],[4,0],[1,2],[-3,2]],[[3156,2725],[-5,-1],[0,-2],[2,0],[3,3]],[[2823,2661],[4,1],[6,4],[1,-1],[3,1],[2,0],[10,3],[-2,0],[3,1],[1,-1],[4,0],[2,-2],[4,0],[3,0],[5,3],[0,-1],[5,2],[3,3],[5,3],[7,3],[5,3],[6,3],[1,5],[4,7],[-2,1],[-1,4],[-1,2],[-3,-1],[-3,2],[-4,0],[-7,-6],[-6,1],[0,1],[2,2],[-6,-2],[-3,1],[-1,2],[-4,0],[1,3],[3,2],[2,4],[3,1],[2,3],[0,3],[-2,1],[-2,-1],[-5,-8],[0,-2],[-4,-3],[-1,-2],[-3,-1],[-4,-5],[-7,-4],[-3,-1],[-5,-3],[-1,-3],[-3,-2],[-2,0],[-15,-4],[-3,0],[-2,-1],[-1,1],[-6,1],[8,-8],[1,-3],[3,0],[1,-3],[-2,-2],[2,-6],[2,-1]],[[2930,2611],[-2,-3],[6,0],[0,-3],[2,0],[5,4],[12,4],[4,1],[12,2],[7,2],[11,10],[0,2],[-3,15],[-1,8],[0,7],[2,5],[4,4],[2,8],[2,3],[-1,8],[-2,2],[-6,10],[-4,-1],[-4,4],[-2,0],[-3,2],[-2,3],[-3,4],[-2,-1],[-4,3],[-4,1],[-3,1],[-6,0],[-1,-5],[-3,-2],[1,-1],[-3,0],[-3,-3],[-5,3],[-3,0],[-4,2],[-5,1],[-4,-4],[-4,-4],[0,-3],[-3,-2],[-1,-7],[0,-8],[3,-6],[0,-4],[-2,-2],[2,-9],[2,-8],[-2,-5],[-3,-2],[2,0],[3,-3],[-6,0],[4,-2],[-4,-1],[-1,-4],[0,-3],[-1,-5],[7,-7],[3,-1],[5,-3],[1,0],[5,-3],[1,-1],[3,0],[4,-1],[0,-1],[-6,1],[1,-2]],[[2981,2703],[-2,-2],[3,1],[-1,1]],[[2827,2696],[2,1],[0,3],[-2,0],[0,-4]],[[2773,2679],[1,4],[-1,2],[-2,0],[-4,-3],[0,-1],[6,-2]],[[2764,2632],[2,1],[4,0],[4,1],[0,1],[-1,4],[-5,5],[-2,4],[-4,3],[-17,5],[-10,1],[-6,-1],[-2,-2],[0,-10],[1,-5],[1,-3],[4,-3],[6,-1],[10,0],[13,-1],[2,1]],[[2842,2618],[1,1],[-4,2],[-4,2],[-3,-1],[6,-2],[4,-2]],[[2922,2607],[2,-1],[0,3],[-4,0],[2,-2]],[[2676,2600],[1,2],[-16,5],[-1,-1],[5,-3],[11,-3]],[[2818,2584],[7,1],[8,0],[7,1],[6,1],[4,1],[-1,4],[-1,4],[-2,3],[-6,3],[-5,2],[-3,3],[-1,-2],[-12,1],[-10,0],[-7,1],[-11,-1],[-5,1],[-5,0],[-3,-2],[0,-3],[7,-7],[6,-4],[3,-5],[4,1],[7,-2],[13,-1]],[[2884,2605],[-4,-2],[2,-3],[3,-1],[5,-1],[9,0],[-6,6],[-9,1]],[[2864,2593],[-1,-4],[9,-1],[2,-1],[2,3],[-5,5],[-3,1],[-4,-3]],[[2777,2571],[5,-7],[5,-2],[5,-4],[4,0],[5,0],[1,2],[-2,2],[-5,1],[-3,1],[-5,1],[-5,3],[-5,6],[-1,0],[1,-3]],[[2671,2528],[3,1],[2,2],[4,0],[7,2],[2,1],[2,-1],[2,3],[7,-1],[1,1],[4,0],[4,1],[1,2],[-4,6],[-2,2],[-3,1],[0,4],[-2,7],[0,4],[-5,3],[-6,3],[-7,2],[-4,0],[-3,-1],[-6,-5],[-3,0],[-4,-4],[-2,1],[-4,-3],[0,-1],[-4,0],[-6,-4],[-4,-4],[-1,-4],[1,-1],[0,-3],[4,-2],[2,0],[5,4],[3,-1],[3,1],[1,-2],[0,-3],[-6,-2],[4,-5],[5,0],[3,-4],[6,0]],[[2636,2533],[2,4],[4,3],[-3,1],[0,4],[-3,-2],[-2,-3],[2,-4],[0,-3]],[[2754,2544],[-3,-1],[-6,-14],[5,-1],[5,0],[3,8],[-4,8]],[[2725,2541],[-4,1],[1,-4],[3,-2],[3,2],[-3,3]],[[2702,2466],[-1,1],[0,4],[4,4],[2,-2],[3,1],[2,4],[5,0],[1,1],[5,-1],[3,1],[0,7],[-4,0],[-4,-2],[-4,1],[0,3],[5,1],[6,0],[1,1],[0,6],[-2,1],[2,2],[-2,2],[2,0],[2,7],[0,7],[-2,1],[-1,6],[-1,3],[-5,8],[-5,2],[-6,-1],[-2,-2],[0,-2],[-5,1],[-3,-2],[-4,-2],[-5,-3],[-3,-1],[0,2],[-2,1],[-5,-2],[-5,1],[-3,-1],[-6,0],[-1,-1],[-10,0],[-8,-2],[3,0],[5,-5],[-4,-2],[4,-3],[0,-4],[-5,0],[-2,-1],[-1,-5],[-5,1],[-3,0],[2,-5],[-1,-2],[-5,-1],[-5,1],[-3,-3],[-7,-4],[-2,1],[2,6],[-1,6],[-4,-4],[1,6],[5,3],[2,0],[2,2],[-1,4],[-2,1],[0,3],[-3,0],[-5,-6],[-4,-6],[-3,-7],[4,-1],[1,-2],[-5,-7],[4,1],[0,-3],[-3,-3],[-3,-4],[-3,-2],[5,-2],[5,-4],[2,-5],[2,-8],[2,-1],[-1,-2],[4,-1],[-2,-4],[-9,-3],[2,-2],[7,-1],[-2,-3],[-5,-4],[-5,-3],[-3,-1],[-4,-4],[-5,-3],[-7,4],[0,3],[-2,1],[-5,-3],[3,-4],[5,-6],[-2,-5],[2,-1],[5,0],[3,1],[2,2],[4,0],[2,0],[4,-4],[-1,-3],[4,-4],[5,-3],[-1,-2],[3,1],[1,-6],[3,-4],[2,-2],[1,-3],[0,-4],[1,0],[2,-4],[3,0],[-1,-3],[2,-6],[6,-2],[4,-1],[3,2],[5,0],[-2,-4],[1,-3],[-6,-2],[-1,-3],[2,-5],[2,-3],[0,-4],[-2,0],[-1,-3],[4,-3],[3,-1],[6,-2],[2,0],[1,-1],[9,-1],[5,1],[-1,3],[-3,2],[-3,1],[-3,5],[4,2],[3,-2],[2,1],[1,-3],[1,0],[3,-3],[3,2],[2,3],[3,1],[6,3],[1,2],[-2,3],[3,0],[3,-1],[12,8],[1,2],[4,4],[2,3],[-1,4],[1,1],[5,1],[4,6],[0,3],[2,4],[0,1],[-8,2],[-3,3],[1,4],[1,3],[6,3],[4,1],[4,-2],[3,4],[0,5],[-2,8],[0,5],[1,1],[-2,3],[-3,0],[1,3],[3,1],[1,2],[-5,0],[-1,4],[4,2],[-4,2],[2,3],[-2,1],[1,1],[-1,3],[-2,1],[2,1],[0,2],[-3,2],[2,1],[-2,4],[-2,7],[-9,-4],[-2,0],[-2,1],[-3,-2],[-4,0]],[[2690,2531],[-2,-1],[3,-2],[-1,3]],[[2663,2524],[3,1],[-3,2],[-6,1],[-6,-1],[0,-1],[12,-2]],[[2865,2417],[-2,-2],[4,1],[-2,1]],[[2859,2354],[-4,-6],[8,1],[6,-1],[-1,2],[-9,4]],[[2940,2156],[-6,2],[0,-1],[6,-1]],[[2945,2129],[3,1],[-11,1],[5,-2],[3,0]],[[2954,2119],[3,1],[-1,3],[-2,1],[-5,-3],[3,-2],[2,0]],[[7484,5531],[-4,-7],[-3,-6],[1,-5],[0,-7],[4,-3],[1,-3],[0,-4],[1,-3],[2,-1],[4,0],[6,0],[4,-1],[4,4],[3,2],[2,-1],[-2,-2],[3,-1],[0,-3],[-6,-3],[0,-3],[-3,-2],[3,0],[4,-5],[5,-2],[1,-3],[3,0],[3,-3],[3,-7],[4,-6],[2,-4],[4,-1],[3,4],[2,0],[1,4],[0,5],[1,2],[-1,8],[-4,0],[0,3],[2,1],[-4,1],[1,4],[3,1],[0,3],[3,2],[3,-2],[2,2],[-1,2],[3,2],[0,4],[6,4],[1,3],[5,3],[1,2],[4,2],[3,-1],[2,-6],[5,-1],[2,1],[5,2],[1,1],[2,5],[-3,5],[-4,2],[-4,-3],[-3,2],[1,1],[-1,4],[-2,-1],[-6,-5],[-3,1],[-1,2],[2,1],[0,2],[2,1],[0,5],[3,2],[-4,0],[1,3],[-1,0],[-2,4],[-2,2],[4,1],[3,-2],[1,1],[-3,1],[-1,2],[-2,0],[-3,2],[3,2],[3,0],[1,2],[2,1],[1,4],[5,0],[-2,2],[5,6],[-2,2],[-1,3],[2,4],[2,1],[4,5],[0,2],[4,1],[0,2],[2,3],[3,10],[3,1],[3,5],[2,2],[4,1],[2,3],[-6,3],[-1,2],[6,7],[3,8],[3,3],[5,9],[1,5],[-4,7],[1,6],[-1,6],[2,4],[5,1],[1,6],[2,2],[-1,6],[1,4],[2,2],[-2,4],[1,3],[-1,5],[2,5],[1,6],[-3,4],[3,2],[3,8],[-1,2],[1,6],[1,1],[-1,3],[0,3],[4,4],[4,4],[-2,3],[2,4],[2,5],[1,3],[5,3],[3,0],[8,4],[-1,2],[-3,4],[0,3],[3,3],[-6,5],[0,2],[4,3],[1,5],[2,4],[-2,4],[-4,3],[-1,4],[0,4],[2,3],[-3,1],[-4,4],[-2,0],[-2,2],[-1,2],[3,5],[1,5],[2,2],[5,0],[1,-2],[5,-3],[3,0],[10,2],[9,1],[1,1],[-4,4],[1,7],[-3,4],[-4,5],[-7,-2],[-2,3],[-6,-1],[-5,2],[-3,0],[-5,2],[-2,3],[-2,0],[-3,2],[-6,1],[5,-4],[6,-1],[-2,-5],[-1,-3],[-4,-1],[-8,-3],[-1,-3],[-7,-1],[-2,-2],[1,-1],[-10,-4],[-3,1],[3,-3],[-2,-1],[-2,1],[-2,-3],[-4,-1],[1,-3],[-5,-2],[-10,-1],[-10,2],[-10,-1],[-2,-2],[-4,0],[-2,-1],[-1,-5],[-3,-1],[-4,0],[-4,-1],[-2,-2],[-7,-1],[-2,-1],[-5,-1],[-3,-2],[0,-5],[-2,-4],[0,-4],[-5,-3],[-2,-4],[4,-6],[5,-3],[5,-4],[3,-6],[-2,-5],[-1,-2],[-1,-8],[5,-5],[1,-4],[0,-4],[-1,-1],[-5,-1],[0,-3],[8,1],[3,-4],[-2,-3],[-2,0],[0,-4],[-3,-1],[-2,1],[-2,-1],[5,-5],[-1,-3],[-2,-1],[2,-8],[-3,-2],[-3,0],[-1,-2],[3,-3],[1,-2],[-2,-4],[-2,-2],[-5,-2],[0,-4],[-3,-4],[-6,-3],[1,-3],[2,-1],[0,-2],[-1,-2],[-5,-3],[-5,-2],[-12,-1],[-6,2],[-3,-2],[0,-2],[-3,0],[0,2],[-2,2],[-2,-1],[-1,-4],[-5,-2],[-2,-1],[-1,-5],[1,-7],[1,-3],[-1,-4],[-1,-1],[-2,-4],[1,-2],[-2,-2],[-2,0],[-4,-3],[-3,-3],[-1,-3],[8,-1],[2,-1],[0,-3],[-4,-2],[-3,-3],[-1,-5],[-3,0],[-5,-2],[-1,-5],[2,-3],[-2,-3],[0,-4],[2,2],[2,-1],[1,-3],[-3,-1],[4,-4],[3,0],[4,-1],[3,4],[0,4],[1,1],[9,-2],[-1,-4],[-1,-3],[1,-2],[2,-3],[1,-1],[4,-2],[4,2],[3,-1],[3,2],[3,-2],[-1,-3],[-3,-3],[-1,-5],[4,-3],[3,-1],[5,1],[2,3],[4,1],[1,-1],[7,-3],[2,-2],[4,0],[4,-4],[2,-2],[6,-2],[9,-7],[2,-3],[-3,-6],[-4,0],[0,-2],[-4,-1],[-4,-2],[-1,2],[-4,-2],[-2,-3],[-3,-7],[2,-3],[-1,-4],[-3,-2],[-3,0],[-8,3],[-1,2],[-3,0],[-1,2],[2,3],[-2,3],[1,6],[-3,3],[2,5],[-1,3],[-2,1],[-2,4],[-3,-1],[-2,-7],[3,-5],[0,-6],[-1,-2]],[[7549,6068],[4,0],[0,-2],[2,-3],[-1,-2],[5,0],[7,-2],[2,2],[0,-3],[2,-1],[0,-4],[2,-1],[-1,-3],[-6,-3],[0,-1],[2,1],[4,0],[4,-6],[-2,-2],[4,-2],[3,3],[4,0],[0,-3],[2,2],[7,1],[7,3],[-1,1],[4,3],[3,3],[-1,1],[3,3],[0,3],[3,4],[-1,4],[1,3],[2,2],[0,4],[-2,2],[-6,-1],[-9,3],[-6,1],[-3,-1],[-8,0],[-2,1],[-6,-2],[0,-1],[-4,2],[-6,0],[-7,-4],[-4,-1],[-1,-4]],[[7240,6029],[3,3],[6,1],[0,2],[-4,-1],[-3,3],[-1,3],[2,3],[5,-5],[0,5],[2,1],[4,-4],[2,1],[-1,1],[2,3],[-1,2],[4,5],[-1,2],[-6,2],[-1,2],[0,2],[-3,2],[0,3],[-4,-1],[-1,2],[-5,-2],[-3,0],[-1,3],[-2,0],[-3,1],[-6,-2],[-4,1],[-1,-2],[-5,1],[-1,-1],[4,-1],[0,-2],[-7,-2],[1,-1],[-3,-1],[2,-3],[-4,-1],[4,-1],[1,-2],[-1,-4],[2,-2],[5,0],[3,-4],[0,-2],[4,-1],[2,-1],[-2,-1],[2,-3],[2,-1],[5,8],[1,-1],[1,-3],[1,-3],[1,-2],[3,-2]],[[7566,5946],[4,1],[3,1],[5,2],[3,4],[2,4],[3,4],[2,1],[1,3],[2,3],[5,4],[1,0],[3,6],[3,3],[1,4],[-4,1],[-5,-1],[-1,-3],[-4,-4],[-6,-2],[-8,0],[-3,-1],[-2,-2],[-6,-2],[-13,-1],[-5,-4],[-5,-2],[-4,-5],[-3,-2],[0,-1],[6,-2],[5,3],[0,4],[2,0],[1,-6],[-4,-3],[2,-3],[7,0],[6,-2],[6,-1],[0,-1]],[[7547,5955],[0,2],[-2,-1],[2,-1]],[[7749,5849],[1,1],[3,4],[2,2],[1,8],[-3,2],[-4,1],[-3,-2],[-1,-2],[-4,-2],[0,-3],[2,-2],[0,-2],[6,-2],[0,-3]],[[7765,5825],[5,3],[2,4],[3,1],[-1,3],[-3,1],[-8,-1],[-4,-3],[-3,0],[-3,-2],[-3,1],[0,-2],[-4,-3],[3,-1],[1,2],[4,-1],[5,0],[4,-1],[2,-1]],[[7804,5816],[-2,3],[1,4],[1,1],[-1,3],[2,2],[-7,0],[-3,4],[-3,0],[-4,-2],[-1,-4],[1,-1],[-1,-2],[-7,-4],[-2,-2],[-1,-6],[-2,-2],[1,-1],[7,2],[1,-3],[-3,-3],[-3,-1],[3,-2],[-5,-5],[0,2],[-2,0],[-2,2],[-2,-1],[-6,-1],[0,-2],[-4,-1],[-6,-1],[3,-2],[4,-1],[3,0],[-1,-3],[-4,-2],[2,-2],[0,-3],[-2,0],[1,-2],[3,0],[3,-1],[5,-5],[1,-4],[-4,-3],[-5,-1],[-3,-2],[3,-2],[5,0],[-1,-3],[2,-1],[1,-5],[5,-4],[2,-6],[3,-7],[6,-3],[0,-1],[7,-3],[1,-2],[7,1],[9,-2],[7,5],[5,1],[3,2],[2,1],[0,2],[5,6],[3,2],[1,4],[-2,5],[2,3],[-2,3],[1,4],[-1,3],[1,5],[-3,2],[-2,3],[-6,2],[-1,2],[-6,2],[-3,4],[2,1],[0,3],[3,1],[0,2],[-5,2],[-1,3],[-2,-1],[-3,2],[1,2],[-5,2],[2,3],[1,3],[-3,6]],[[7751,5803],[5,2],[2,-2],[-1,3],[4,5],[0,6],[-5,-3],[1,-3],[-2,-2],[-5,-2],[1,-4]],[[8047,5746],[-4,0],[-6,-2],[-4,-3],[-2,1],[-5,-3],[-3,0],[-5,-3],[2,2],[-8,1],[-4,1],[-9,-1],[-1,2],[-4,-1],[0,-2],[-5,0],[-4,-2],[-1,-2],[-7,1],[-4,-5],[-3,1],[-4,2],[-2,-3],[-4,-1],[-7,-7],[-1,-3],[-5,-3],[-4,0],[-4,-1],[-5,-3],[-1,-2],[0,-5],[-4,-4],[1,-8],[3,-3],[6,-11],[2,-2],[6,-5],[9,-5],[11,-3],[3,0],[7,-2],[3,1],[7,-3],[7,-1],[3,0],[5,-1],[6,-5],[4,-1],[3,-2],[6,0],[8,-1],[3,-3],[10,-4],[9,-7],[3,-3],[1,-5],[3,-4],[4,-10],[0,-3],[3,-5],[5,-1],[3,-2],[8,-3],[7,0],[3,1],[6,0],[5,-2],[2,-2],[6,-1],[9,-8],[6,-6],[5,-6],[4,-2],[1,1],[-3,5],[0,3],[2,3],[7,4],[9,5],[5,3],[4,1],[2,3],[8,3],[1,5],[8,6],[5,7],[0,3],[2,1],[-1,5],[1,3],[2,2],[1,3],[3,5],[-5,5],[-2,3],[0,4],[4,3],[3,5],[3,2],[-1,1],[3,1],[0,3],[-3,5],[-3,1],[-3,3],[0,2],[-3,3],[-1,2],[2,3],[-2,1],[-4,6],[-2,2],[-3,-1],[-5,6],[-1,0],[0,3],[-4,2],[-1,4],[5,2],[-6,3],[-3,4],[-2,0],[-5,4],[0,1],[2,-1],[2,2],[-3,3],[-6,0],[-4,-1],[-5,0],[-1,1],[-2,5],[-6,1],[-7,-1],[-5,1],[-3,-1],[-7,2],[-5,0],[-4,-3],[-3,0],[-4,2],[-3,0],[-6,1],[-8,1],[-9,3],[-3,-2],[-5,1],[-6,4],[-4,1]],[[7552,5492],[0,-2],[2,2],[-2,0]],[[7558,5492],[-5,-2],[1,-3],[-2,-2],[-3,1],[-3,-2],[1,-2],[3,1],[4,-1],[5,0],[-1,10]],[[7455,5450],[-2,-1],[-7,-5],[-7,-3],[-4,0],[-2,-3],[0,-1],[-2,-3],[1,-1],[-2,-2],[1,-2],[-1,-4],[1,-1],[1,-4],[6,-6],[6,-4],[5,-1],[4,-2],[4,0],[7,-4],[6,-1],[5,1],[5,2],[-5,2],[2,3],[2,1],[-3,5],[3,10],[-3,5],[-4,2],[-1,2],[-1,10],[-4,3],[-11,2]],[[7436,1515],[-5,-2],[-6,0],[-5,-5],[-1,-2],[-7,-1],[-3,-1],[-1,-2],[-4,0],[-2,1],[1,1],[-3,1],[-7,0],[1,2],[-5,2],[0,3],[-2,3],[-6,0],[-4,3],[-4,0],[-5,1],[-3,1],[-4,0],[-4,-1],[-2,0],[-4,-2],[0,-3],[-3,0],[-2,-3],[-10,-4],[-2,-2],[-5,-6],[-2,-1],[-7,-13],[-3,-3],[0,-2],[3,-1],[2,-6],[1,-2],[0,-3],[-2,-2],[-4,1],[0,-5],[3,-3],[9,-1],[2,-1],[1,-2],[7,-3],[7,-3],[4,-1],[7,3],[4,0],[3,-1],[3,1],[3,0],[2,2],[1,-2],[2,-1],[0,-4],[3,2],[1,-3],[5,-1],[1,2],[1,-4],[3,1],[-1,-3],[6,-7],[5,-2],[1,-2],[-1,-2],[-4,-1],[0,-2],[-3,0],[1,2],[-4,0],[1,-2],[-2,-3],[-3,-1],[2,-3],[5,0],[3,-2],[-4,-4],[3,-2],[-3,-2],[-3,2],[-3,-3],[0,-3],[1,-5],[2,-3],[3,-1],[-1,-3],[3,-3],[5,-1],[3,0],[3,-2],[1,-2],[4,0],[5,1],[-1,-5],[-2,-2],[4,-3],[8,2],[-2,-4],[1,-2],[6,-3],[-3,0],[1,-5],[6,-3],[1,-3],[2,1],[1,-2],[3,-4],[-3,1],[2,-3],[10,0],[5,-3],[4,-1],[3,-1],[3,3],[0,-4],[1,-4],[1,-1],[10,0],[2,-1],[-6,-2],[-1,-4],[-2,-2],[0,-2],[5,-6],[3,-1],[7,1],[-4,1],[10,0],[-2,3],[2,2],[2,-2],[3,-1],[5,0],[3,-2],[7,2],[3,-1],[11,2],[2,-1],[5,-1],[3,3],[4,-3],[11,1],[3,4],[-1,-3],[5,-1],[3,1],[0,2],[2,-2],[3,1],[9,4],[4,-2],[3,1],[-1,2],[0,2],[3,-2],[3,2],[10,1],[5,2],[6,4],[4,1],[6,1],[5,2],[5,0],[3,1],[6,-1],[6,3],[3,0],[5,3],[0,-1],[8,0],[2,2],[4,1],[1,-2],[2,2],[5,0],[4,1],[1,2],[7,0],[-1,-1],[6,2],[-1,1],[3,1],[0,-3],[5,1],[3,3],[3,-1],[4,2],[4,5],[-2,2],[1,3],[-2,1],[2,5],[0,4],[3,0],[1,3],[-2,2],[1,1],[-1,6],[-6,6],[0,5],[-1,1],[4,1],[5,3],[3,4],[-1,2],[1,5],[3,6],[0,3],[4,4],[0,3],[-2,2],[2,5],[2,1],[0,4],[3,1],[4,1],[1,2],[5,3],[5,1],[4,0],[2,2],[5,0],[8,0],[4,-2],[0,-2],[2,-1],[5,1],[4,2],[1,1],[2,-1],[4,-1],[3,1],[1,1],[5,1],[3,-1],[2,1],[8,-3],[8,0],[9,3],[4,4],[1,4],[3,4],[6,4],[1,5],[-6,8],[-8,2],[-5,4],[-8,2],[-5,0],[-2,1],[-6,-1],[-3,1],[-7,-2],[-3,0],[0,-1],[-4,-2],[-3,1],[-2,1],[-6,1],[-3,3],[-7,3],[-4,5],[-1,0],[-8,4],[-7,-3],[-5,0],[0,1],[-7,2],[-3,0],[-8,1],[-2,-2],[-4,2]],[[7709,1509],[0,0]],[[7709,1509],[-1,0],[-2,2],[-8,-1],[-2,-1]],[[7696,1509],[0,0]],[[7696,1509],[0,0]],[[7696,1509],[0,0]],[[7696,1509],[-3,0]],[[7693,1509],[-3,0],[-4,-3],[-3,1],[-11,6],[-1,-3],[-4,2],[-6,-1],[-5,0],[3,4],[-1,1],[-4,-1],[-1,1],[-1,6],[-2,3],[0,3],[4,4],[0,3],[-2,5],[-2,3],[-4,4],[-9,1],[-6,1],[-4,0],[-4,-3],[-1,0],[-5,-1],[-4,0],[-5,-1],[-4,1],[-1,2],[1,2],[-3,3],[-5,4],[-2,4],[-1,5],[-4,4],[-6,1],[-5,0],[-16,-1],[-2,-3],[0,-2],[-3,-2],[-4,2],[-5,-1]],[[7120,1670],[2,2],[-2,4],[0,4],[-3,1],[-1,2],[-2,-1],[2,-8],[4,-4]],[[7078,1631],[2,0],[4,-5],[2,1],[2,6],[1,2],[0,2],[-2,2],[-7,0],[-4,-3],[0,-2],[2,-3]],[[7077,1616],[0,3],[-3,4],[-2,2],[-2,4],[-2,2],[-5,0],[-4,-2],[1,-3],[10,-6],[3,-3],[4,-2],[0,1]],[[6965,1574],[5,1],[0,7],[-4,6],[2,0],[0,3],[-2,0],[-2,-1],[0,-4],[-2,-2],[-1,-4],[2,-5],[2,-1]],[[7884,1588],[-3,-2],[-6,0],[-5,-3],[-2,-1],[2,-4],[3,-1],[7,1],[-1,1],[7,3],[2,3],[-2,3],[-2,0]],[[6997,1558],[3,0],[0,2],[3,8],[-6,8],[-4,2],[1,1],[-5,2],[-6,-10],[1,-1],[-2,-2],[3,-4],[3,-2],[1,-1],[8,-3]],[[7902,1569],[-2,-1],[-3,-3],[1,-4],[4,-1],[9,-2],[2,2],[0,4],[-4,1],[-5,4],[-2,0]],[[7770,1558],[-3,2],[-3,1],[-1,-4],[5,-4],[5,-1],[-2,2],[-1,4]],[[7228,1521],[1,-11],[-1,-8],[-1,-9],[3,-2],[7,11],[0,5],[2,6],[1,7],[2,3],[-1,2],[-6,4],[-4,-1],[-3,-5],[0,-2]],[[7146,1431],[1,4],[-1,5],[3,4],[1,5],[0,6],[0,9],[-1,-1],[0,6],[-3,7],[1,3],[5,6],[0,2],[5,6],[1,6],[-6,1],[-12,6],[-3,3],[-2,5],[-3,3],[-5,3],[-5,1],[-2,1],[-3,-1],[0,-2],[-2,-4],[-3,-3],[0,-5],[5,-5],[4,-6],[7,-6],[-1,-5],[0,-6],[1,-2],[6,-4],[10,-9],[2,-4],[-2,-4],[-2,0],[2,-7],[-1,-2],[0,-9],[0,-6],[3,-1]],[[7096,1504],[1,-2],[-4,-4],[-1,-3],[3,0],[3,4],[1,7],[-1,2],[-2,-4]],[[7063,1494],[0,1],[4,4],[-3,4],[-3,1],[-3,-3],[0,-4],[1,-2],[4,-1]],[[7111,1479],[5,0],[2,3],[0,4],[-1,4],[0,2],[0,4],[-3,1],[-2,-1],[-4,0],[-4,-4],[-6,-2],[0,-6],[5,-3],[8,-2]],[[7098,1492],[3,2],[1,2],[-5,-2],[1,-2]],[[7168,1491],[-2,2],[-2,-1],[0,-4],[2,1],[2,2]],[[7088,1482],[2,0],[1,5],[-3,0],[-1,-5],[1,0]],[[7047,1471],[-1,4],[1,3],[-4,1],[-3,-3],[4,-4],[3,-1]],[[7074,1471],[5,2],[4,1],[-1,1],[-5,3],[-4,-6],[1,-1]],[[7278,1470],[0,-2],[2,0],[-2,2]],[[7080,1462],[-4,1],[-2,-2],[3,0],[3,1]],[[7092,1454],[2,1],[1,4],[-2,0],[-3,3],[-2,-1],[0,-4],[1,-1],[3,-2]],[[7143,1460],[-2,-3],[2,0],[0,3]],[[7296,1458],[-1,-2],[2,-4],[2,-1],[5,1],[-1,3],[-7,3]],[[7139,1448],[1,3],[-3,0],[2,-3]],[[7093,1448],[2,3],[-4,0],[-1,-1],[3,-2]],[[7217,1450],[-2,-6],[-1,-4],[2,-3],[4,-2],[3,2],[-3,5],[-1,8],[-2,0]],[[7269,1440],[-2,-1],[-1,-2],[2,-2],[4,-1],[0,4],[-3,2]],[[7325,1424],[3,0],[-3,2],[-1,4],[-4,3],[-2,3],[-2,1],[-3,-2],[-1,-4],[1,-5],[5,-2],[7,0]],[[7385,1425],[-2,-1],[3,-2],[1,1],[-2,2]],[[7357,1421],[-2,1],[0,2],[-3,1],[2,-3],[3,-1]],[[7281,1413],[6,1],[-3,3],[-5,1],[-2,-4],[2,-2],[2,1]],[[7357,1411],[2,-4],[0,4],[-2,0]],[[7311,1407],[4,-1],[0,2],[-4,3],[-2,0],[2,-4]],[[7714,1408],[-2,-2],[-1,-3],[3,0],[2,5],[-2,0]],[[7298,1401],[4,1],[2,2],[1,2],[-4,1],[-4,-2],[-2,-3],[3,-1]],[[7713,1399],[-2,-2],[3,-1],[4,-6],[-4,-3],[3,-2],[11,-2],[2,2],[0,3],[-4,1],[-6,4],[-3,3],[0,2],[-2,1],[-2,0]],[[7717,1384],[-2,-2],[3,-1],[-1,3]],[[7715,1381],[1,-3],[1,2],[-2,1]],[[7717,1373],[-2,-2],[-1,-5],[3,-3],[-1,3],[3,-3],[0,-1],[-6,0],[-2,0],[-2,-1],[2,-2],[6,1],[1,-1],[5,-1],[3,1],[0,-3],[7,-2],[1,-1],[3,3],[-14,9],[-6,8]],[[7348,1350],[3,1],[3,3],[1,4],[-1,6],[-6,1],[-4,-1],[-3,-2],[-3,-1],[1,-4],[2,-5],[7,-2]],[[7733,1363],[2,-1],[2,1],[3,-3],[-3,1],[2,-2],[1,-4],[0,-3],[-3,-2],[5,2],[0,4],[-2,5],[-2,2],[-5,0]],[[7682,1353],[7,1],[-4,0],[-3,-1]],[[7647,1342],[-6,-1],[-1,-1],[2,-3],[6,0],[3,3],[-1,1],[-3,1]],[[7638,1339],[-3,-2],[-3,2],[-4,-2],[2,-3],[7,0],[4,2],[-3,3]],[[7555,1314],[-2,-1],[-1,-3],[5,1],[-2,3]],[[7493,1288],[-5,-3],[-8,0],[-2,-2],[-4,-1],[-4,-2],[-2,0],[1,-4],[1,-1],[3,-4],[3,-2],[1,1],[4,0],[0,-2],[1,-1],[4,0],[12,2],[1,4],[1,4],[-3,6],[0,1],[-4,4]],[[7545,1279],[-2,0],[-6,-3],[-2,-3],[-2,-7],[4,-4],[2,1],[0,3],[10,-2],[7,0],[-4,5],[0,3],[-4,2],[3,2],[-3,3],[-3,0]],[[7559,1261],[0,0]],[[7559,1261],[0,0]],[[7559,1261],[2,0],[-1,-2]],[[7560,1259],[-6,-2],[1,-3],[4,3],[3,1],[2,3],[4,7],[-1,3],[-2,2],[2,-3],[-2,-1],[-3,0],[2,-4],[0,-1],[-5,-1],[0,-2]],[[7443,1263],[-3,-2],[-2,-2],[1,-6],[3,-7],[4,0],[3,1],[1,2],[-2,7],[-3,5],[-2,2]],[[7520,1254],[-3,1],[1,-3],[3,-2],[3,-2],[-1,-3],[4,-1],[1,-4],[4,-1],[-1,4],[-7,5],[-1,4],[-3,2]],[[7511,1252],[-5,-1],[3,-1],[2,2]],[[7510,1243],[0,0]],[[7510,1243],[0,0]],[[7510,1243],[0,0]],[[7510,1243],[-1,2]],[[7509,1245],[-3,4],[-3,1],[-4,-1],[-4,1],[-7,1],[-2,0],[-5,1],[-3,-1],[-3,-3],[-1,-7],[2,-4],[2,0]],[[7478,1237],[0,0]],[[7478,1237],[0,0]],[[7478,1237],[2,-3],[4,1],[1,2],[6,2],[3,-2],[2,0],[-1,-2],[2,-5],[1,-1],[-5,0],[-6,3],[-1,-1],[2,-3],[11,0],[20,5],[11,2],[2,3],[-6,1],[-2,-3]],[[7524,1236],[-2,-1],[-6,0],[1,-1],[-5,-2],[-5,1],[-3,-1],[5,4],[1,3]],[[7510,1239],[0,0]],[[7510,1239],[1,1]],[[7511,1240],[0,0]],[[7511,1240],[-1,3]],[[7516,1234],[-1,0]],[[7515,1234],[-5,0],[2,-2],[4,2]],[[9318,2258],[0,-1],[8,0],[7,-1],[5,3],[5,0],[4,0],[7,-3],[1,1],[6,-1],[5,-4],[3,-1],[3,2],[2,-2],[0,2],[8,1],[5,-3],[5,-1],[10,-5],[4,-1],[11,-4],[3,-2],[8,-3],[7,-1],[4,-2],[-2,-2],[1,-7],[4,-3],[8,-3],[2,2],[4,1],[1,-2],[3,1],[3,0],[3,-2],[4,0],[5,4],[4,-3],[0,-4],[3,0],[6,-2],[6,-4],[6,-6],[7,-8],[0,-2],[-2,-2],[5,-1],[-4,-1],[5,-4],[8,-3],[4,-3],[6,-5],[6,-7],[2,-3],[1,-1],[7,-6],[4,-6],[3,-3],[2,0],[0,-3],[3,-4],[7,-4],[5,-4],[9,-11],[3,-3],[-1,-3],[7,-9],[0,-2],[4,-8],[1,-3],[7,-3],[4,-2],[2,-1],[1,-4],[-2,-5],[-2,-2],[-5,-1],[-3,2],[-3,4],[-3,-1],[0,-4],[3,-3],[3,1],[1,-4],[3,0],[2,-3],[5,1],[3,-2],[2,0],[5,0],[1,-1],[8,-2],[3,-1],[4,0],[1,-2],[-4,-1],[-1,-4],[2,-3],[9,-1],[-5,-3],[-8,1],[-1,-3],[-3,0],[-1,1],[-2,-1],[-5,-2],[2,-1],[6,-2],[4,1],[1,1],[7,3],[2,0],[2,2],[4,0],[4,2]],[[9645,2050],[-1,1],[0,6],[2,1],[5,3],[0,3],[2,3],[-2,6],[-3,4],[-5,2],[2,1],[1,4],[7,5],[0,2],[4,0],[6,2],[2,2],[-3,3],[2,2],[-3,3],[1,4],[2,0],[3,2],[2,-1],[2,2],[1,-1],[4,1],[2,3],[16,16],[2,6],[-2,2],[1,2],[2,0],[-2,2],[2,4],[3,3],[8,8],[27,0],[73,20],[169,38]],[[6825,926],[1,-1]],[[6826,925],[0,0]],[[6826,925],[0,0]],[[6826,925],[1,0]],[[6827,925],[0,0]],[[6827,925],[1,-1]],[[6828,924],[1,1]],[[6829,925],[0,0]],[[6829,925],[0,0]],[[6829,925],[1,-1],[4,4],[-2,3],[1,1],[-4,2]],[[6829,934],[0,0]],[[6829,934],[0,0]],[[6829,934],[4,0]],[[6833,934],[4,1],[3,3],[3,2],[3,3],[4,2],[4,3],[5,2],[5,2],[6,1],[3,2],[10,7],[1,2],[3,0],[0,2],[5,-1],[4,0],[1,-1],[8,-1],[3,1],[1,-3],[-2,0],[2,-3],[3,-1],[0,-2],[6,1],[-3,0],[4,2],[2,3],[-5,0],[3,3],[3,4],[-4,0],[0,2],[-4,0],[-1,4],[3,3],[0,2],[4,3],[6,0],[5,2],[9,-1],[3,1],[10,6],[4,5],[2,5],[-2,6],[1,3],[-1,4],[-4,4],[-3,5],[-3,1],[-1,1],[-3,1],[-5,3],[-4,0],[-5,2],[-2,3],[-7,0],[-9,-1],[-2,-1],[-7,-2],[1,-1],[3,0],[-2,-2],[-3,-1],[1,-2],[-1,-5],[-4,-1],[-7,6],[2,-1],[1,1],[3,0],[1,6],[-3,0],[-4,-1],[-2,1],[-1,2],[-4,1],[-11,-1],[1,-1],[-3,0],[-3,-1],[-1,-4],[-5,0],[0,1],[-11,1],[-7,3],[0,3],[-5,1],[-3,3],[-3,0],[-2,-1],[-13,3],[-8,-1],[-5,-1],[-7,-2],[-3,1],[-6,0],[-7,-1],[-8,-4],[-5,0],[0,-3],[-6,-4],[-3,0],[-2,-2],[-3,0],[-8,0],[-4,1],[-4,5],[-6,3],[-2,4],[-2,0],[-6,8],[0,4],[-1,3],[-1,3],[-4,5],[-8,4],[-1,1],[-5,3],[-3,3],[-1,7],[-2,3],[-3,3],[-4,0],[-2,-2],[-2,1],[-5,0],[-8,2],[-2,3],[-4,2],[-4,3],[-11,0],[-15,-2],[-7,-2],[-9,1],[-4,0],[-3,0],[-3,0],[-3,0],[-6,3],[-2,-1],[-3,0],[-10,-3],[-4,1],[-7,1],[-1,1],[-4,1],[-1,-1],[-7,-1],[-5,-2],[1,-3],[-1,-7],[-3,-3],[-4,-1],[0,-2],[-3,-3],[-3,-1],[-3,-2],[-6,0],[-7,-5],[0,-2],[-3,-1],[-2,1],[-1,-2],[-3,1],[-4,-1],[-2,1],[-7,-1],[-6,-5],[-8,-2],[-2,1],[-4,1],[-4,-3],[-2,0],[-6,-1],[-11,-4],[-2,-4],[-5,-4],[-2,-2],[-5,-3],[-4,-1],[-6,-6],[-3,-6],[0,-1],[-1,-3],[-1,-6],[-3,-5],[-5,-5],[-6,-5],[2,-6],[0,-3],[-1,-2],[4,-7],[1,-3],[-1,-2],[1,-2],[15,-1],[1,0],[8,-4],[6,-3],[6,-5],[0,-2],[3,-4],[3,-1],[6,-1],[4,1],[4,-2],[4,1],[1,1],[6,3],[8,3],[7,1],[6,1],[2,2],[6,-2],[2,3],[3,0],[3,2],[1,2],[2,0],[4,2],[4,-1],[4,2],[0,1],[3,1],[1,2],[4,1],[5,0],[5,0],[2,2],[7,-2],[2,1],[1,-3],[3,1],[5,-6],[0,-2],[3,1],[0,-2],[2,-3],[6,-3],[2,3],[1,-3],[-2,-1],[1,-3],[2,-2],[1,-3],[6,-4],[2,1],[1,-3],[4,0],[4,-3],[3,1],[4,2],[0,3],[-2,1],[-4,-2],[-2,4],[3,-1],[1,2],[4,-2],[3,0],[0,2],[-3,3],[-5,1],[-5,-3],[-2,3],[4,0],[2,3],[3,-2],[4,2],[3,0],[1,-2],[4,2],[2,-1],[-2,-1],[10,0],[-1,2],[4,0],[-2,-2],[8,2],[2,4],[1,-2],[6,1],[3,1],[5,0],[5,3],[-1,2],[6,-2],[1,2],[-3,3],[2,4],[4,2],[3,-1],[5,3],[3,0],[2,-1],[2,2],[2,-3],[3,0],[2,3],[-1,2],[3,1],[-2,4],[6,4],[4,-1],[0,-5],[5,-1],[2,0],[1,2],[3,5],[2,1],[1,4],[2,-1],[3,3],[3,-3],[2,-3],[7,1],[1,-2],[4,0],[0,-3],[3,1],[-1,1],[4,0],[-1,-4],[2,-1],[6,2],[5,1],[2,-3],[4,0],[1,-2],[4,-5],[-1,-1],[3,-5],[-3,0],[-1,-3],[0,-2],[-3,-2],[-4,-2],[2,-7],[4,-1],[-4,-1],[6,-4],[3,1],[3,-1],[7,3],[0,1],[4,-1],[1,-5],[3,-1],[1,-3],[4,0],[1,0],[5,-2],[5,0],[3,-1]],[[6818,935],[0,0]],[[6818,935],[1,0]],[[6819,935],[5,-1],[-3,-1],[0,-1],[-6,0],[-2,-4],[-5,1],[2,-3],[3,0],[5,1],[2,1],[0,-3]],[[6820,925],[0,0]],[[6820,925],[2,-4],[2,0],[-2,3],[0,2],[3,0]],[[6252,1314],[0,0]],[[6252,1314],[4,0],[1,1],[4,-2],[2,1],[4,12],[-2,3],[2,6],[-4,5],[0,2],[-4,0],[-7,-2],[-22,-7],[-1,-2],[-8,-3],[-1,-2],[1,-6],[2,-2],[10,-1],[4,0],[4,-1],[2,-1],[2,0],[7,-4],[3,0],[-6,3],[0,1],[3,-1]],[[6090,1199],[34,5],[8,3],[2,7],[2,10],[1,3],[1,8],[1,0],[0,9],[1,1],[-1,7],[-2,-3],[-1,2],[2,1],[3,11],[0,4],[2,4],[-1,1],[2,6],[-1,2],[3,1],[1,3],[3,3],[4,16],[3,4],[-1,3],[-6,2],[-4,-1],[-6,-5],[-8,-1],[-5,0],[-6,-2],[-9,-6],[-5,-9],[1,-3],[-1,-3],[-3,-4],[-6,-2],[-1,-3],[1,-1],[0,-7],[-3,-9],[0,-4],[-2,-6],[-2,-4],[-7,-5],[-7,-8],[1,-2],[0,-6],[-2,-3],[-2,-2],[-6,-2],[-4,1],[-9,5],[-11,3],[-7,-1],[-3,-3],[0,-8],[3,-2],[6,-2],[9,-1],[9,0],[8,0],[7,-2],[10,-5],[4,0]],[[6390,1258],[-1,-8],[3,-1],[12,0],[4,1],[6,3],[4,0],[4,7],[-1,9],[-1,1],[-5,2],[-4,0],[-1,1],[-8,1],[-1,-2],[-3,1],[-4,-3],[-2,-5],[2,0],[-1,-4],[2,-1],[-4,1],[-1,-3]],[[6215,1228],[2,7],[2,4],[0,3],[0,5],[-2,2],[-5,2],[1,-3],[-2,0],[0,3],[2,1],[-1,3],[-4,2],[-4,0],[-4,-3],[-3,-5],[-1,-5],[-5,-7],[1,-2],[4,3],[0,4],[2,-2],[4,-1],[1,2],[0,3],[3,2],[2,0],[-2,-2],[6,-2],[1,-6],[-3,-2],[0,-2],[-3,-2],[2,-3],[-3,-5],[0,6],[-2,3],[-3,6],[-3,1],[-3,-1],[-8,-8],[-2,-1],[-1,-2],[-3,0],[-1,-2],[-6,-5],[1,-2],[2,-2],[5,-6],[4,-2],[3,0],[7,2],[5,4],[7,6],[5,6],[0,1],[2,2]],[[7356,1184],[1,-2],[5,1],[3,3],[1,3],[-1,9],[-3,3],[-7,0],[-2,-3],[-1,-7],[2,-2],[2,-5]],[[6393,1175],[6,0],[9,1],[1,4],[-6,4],[-6,-3],[-1,0],[-4,-2],[1,-4]],[[6586,1176],[-4,-1],[1,-2],[4,-4],[5,-2],[3,2],[1,3],[-4,3],[-6,1]],[[6506,1154],[2,-3],[2,-1],[-3,4],[2,8],[2,1],[-3,1],[0,2],[5,3],[-2,-3],[2,-1],[6,1],[3,-2],[3,1],[3,2],[2,-4],[-2,-3],[-5,1],[-1,-1],[0,-3],[2,-3],[5,0],[5,3],[3,3],[-1,4],[-4,4],[-6,2],[-15,4],[-2,1],[-2,-1],[0,-3],[-4,-3],[-1,-3],[4,-9],[0,-2]],[[6523,1154],[-2,6],[-4,0],[0,-2],[-3,0],[2,2],[-2,1],[5,0],[2,-1],[0,3],[-7,1],[-1,-2],[2,-3],[-3,0],[1,-3],[7,-1],[-4,-2],[7,1]],[[6512,1151],[1,1],[-3,3],[-2,1],[1,-3],[3,-2]],[[6461,1150],[-4,-3],[-5,-1],[-11,-6],[-8,-5],[-3,-5],[1,-2],[6,1],[2,2],[0,3],[-2,0],[2,3],[1,-1],[3,2],[1,-1],[4,5],[2,-1],[6,1],[-1,1],[1,2],[3,0],[0,-3],[3,2],[1,4],[3,1],[-2,-2],[2,0],[0,3],[2,-2],[3,3],[4,-1],[1,-2],[3,0],[-2,4],[1,0],[-3,2],[-7,-1],[-7,-3]],[[7350,1131],[-1,2],[2,1],[-1,3],[-3,4],[-1,5],[-3,4],[-3,3],[-1,0],[-11,-4],[0,-1],[-3,-2],[-1,-2],[-2,0],[-3,-5],[-1,-3],[0,-6],[1,-5],[2,0],[3,-2],[0,-2],[4,-2],[3,1],[5,5],[0,2],[5,0],[0,1],[5,0],[4,3]],[[6495,1152],[-1,-2],[2,-1],[0,3],[-1,0]],[[5988,1127],[0,0]],[[5988,1127],[5,-3],[2,0],[2,-2],[4,0],[4,0],[-7,3],[6,-1],[5,-2],[1,0],[3,3],[2,6],[7,9],[1,4],[-1,2],[-4,2],[-2,2],[-14,-1],[-8,-2],[-5,0],[-3,-2],[0,-2],[-3,-2],[-1,2],[-2,-3],[-5,-1],[-2,-1],[1,-2],[10,-7],[2,2],[2,-4]],[[6536,1147],[0,0]],[[6536,1147],[0,0]],[[6536,1147],[7,0],[5,3],[2,-4],[0,-3],[2,4],[-3,3],[-13,-2],[0,-1]],[[6516,1146],[4,1],[-1,1],[-3,-2]],[[6536,1147],[0,0]],[[6536,1147],[-3,1],[-3,-2],[1,-2],[10,-1],[-5,4]],[[6483,1144],[4,2],[-1,1],[-5,-1],[0,-1],[2,-1]],[[6442,1131],[3,2],[-1,2],[-4,-2],[2,-2]],[[6039,1133],[-2,0],[-4,-2],[-2,-4],[4,-3],[4,1],[1,3],[-1,5]],[[7357,1131],[-2,0],[-6,-4],[0,-1],[-3,-2],[-1,1],[-7,-2],[-4,-5],[1,-2],[6,-4]],[[7341,1112],[7,-3],[11,1],[8,0],[5,4],[2,3]],[[7374,1117],[-1,1],[2,2],[-2,6],[-2,2],[-2,3],[-2,1],[-6,0],[-4,-1]],[[6460,1130],[-1,2],[-7,-1],[7,-2],[1,1]],[[7286,1131],[-1,-5],[7,-1],[-2,4],[-4,2]],[[6098,1107],[4,0],[8,5],[2,4],[-1,2],[-3,4],[-2,3],[-5,3],[-6,2],[-3,-1],[-2,1],[-2,-1],[-2,-8],[2,-7],[1,-1],[1,-4],[3,-1],[5,-1]],[[6527,1126],[6,0],[-1,1],[-3,0],[-2,-1]],[[6543,1125],[-4,2],[-4,0],[4,-4],[2,3],[2,-1]],[[6519,1123],[-3,-1],[4,-2],[0,1],[3,0],[-1,4],[-3,-2]],[[6433,1119],[-1,2],[-3,0],[4,-2]],[[6526,1113],[2,0],[8,5],[4,2],[-5,1],[-1,-3],[1,0],[-4,-2],[-2,2],[-3,0],[0,-5]],[[6444,1114],[9,1],[6,2],[-9,2],[-2,1],[-7,-1],[-3,-2],[6,-3]],[[6439,1115],[-4,4],[0,-2],[4,-2]],[[6505,1107],[-5,-4],[-4,-2],[2,-2],[5,0],[3,-1],[4,3],[-1,1],[-6,-2],[1,1],[-5,1],[6,5]],[[6067,1096],[3,1],[1,2],[-3,5],[-3,2],[-4,1],[-2,-2],[1,-4],[2,-2],[5,-3]],[[7291,1072],[4,-3],[5,-3],[0,-2],[4,0],[2,-1],[2,2],[1,-3],[2,-2],[4,0],[5,-2],[0,-1],[5,-2],[0,-6],[-3,2],[5,-5],[13,-7],[6,1],[4,-1],[5,-3],[6,-5],[4,-3],[7,-3],[4,-1],[9,2],[9,0],[8,1],[16,7],[3,2],[1,3],[1,-2],[6,1],[5,3],[5,5],[11,5],[9,4],[3,2],[4,5],[0,3],[-1,1],[-2,-2],[-5,-1],[0,-2],[-5,-1],[-4,-1],[-8,-3],[0,-2],[-4,1],[-7,-3],[-2,-2],[-4,0],[0,-1],[-6,-1],[-2,-2],[-2,1],[5,1],[-1,2],[-3,-1],[-6,1],[-2,-2],[-9,-2],[-7,-3],[0,-3],[-8,-1],[-5,3],[-3,-1],[-1,2],[-6,2],[-5,2],[-2,3],[-4,1],[-7,-1],[-2,3],[-4,0],[-2,1],[-3,0],[-3,2],[0,1],[-3,1],[-5,4],[-3,2],[-6,5],[-3,1],[-5,4],[-4,4],[-6,8],[-8,6],[-7,2],[-3,-5],[1,-2],[-3,-1],[-1,-2],[2,-4],[4,-1],[1,-2],[2,0],[2,-5]],[[7183,1088],[0,0]],[[7183,1088],[0,0]],[[7183,1088],[-2,-6],[2,0]],[[7183,1082],[0,0]],[[7183,1082],[0,0]],[[7183,1082],[1,0]],[[7184,1082],[0,0]],[[7184,1082],[4,2],[2,0],[4,2],[-1,4],[-3,1],[-2,1],[-3,-2],[-2,-2]],[[6802,1082],[0,-2],[2,0],[8,-1],[2,1],[0,4],[-3,-3],[1,2],[-3,1],[-2,2],[6,1],[0,3],[-6,0],[-1,-4],[-4,-4]],[[6706,1077],[5,1],[2,2],[3,1],[-4,1],[-4,-1],[-4,1],[2,-5]],[[7233,1072],[2,-2],[6,-2],[4,1],[0,1],[-4,6],[-4,3],[-8,2],[-3,-2],[4,-4],[3,-3]],[[6972,1067],[1,-3],[4,-2],[3,1],[3,2],[0,2],[4,2],[3,-1],[2,4],[-1,1],[-1,5],[-2,2],[-4,1],[-5,-1],[-5,-2],[-1,-2],[0,-5],[-1,-4]],[[6045,1060],[1,3],[-2,4],[-3,2],[-2,0],[-3,-4],[2,-3],[7,-2]],[[7208,1049],[0,0]],[[7208,1049],[1,0],[3,-2],[-4,-4]],[[7208,1043],[0,-1]],[[7208,1042],[0,0]],[[7208,1042],[-3,-3]],[[7205,1039],[0,0]],[[7205,1039],[0,0]],[[7205,1039],[-3,-1]],[[7202,1038],[0,0]],[[7202,1038],[-2,-1],[1,-3],[-2,-1],[-3,0]],[[7196,1033],[-1,0]],[[7195,1033],[0,0]],[[7195,1033],[-2,0],[-5,-2],[-3,-3],[-7,-6],[3,-3],[9,-1],[3,-1],[3,0],[4,3],[4,1],[5,0],[6,0],[4,2],[-2,6],[3,4],[7,6],[6,3],[6,1],[5,0],[4,0],[2,2],[2,3],[-3,0],[-7,1],[-3,2],[-4,0],[1,2],[-7,3],[-6,0],[-6,0],[-1,-1],[2,-4],[-5,1],[3,5],[0,2],[-7,1],[-2,0],[-3,1],[-4,3],[8,-3],[8,-1],[6,0],[2,2],[-8,3],[-9,2],[-5,0],[-4,-2],[-1,-2],[0,-4],[-3,-6],[2,-2],[3,1],[5,2],[4,-2],[0,-3]],[[6913,1050],[1,-6],[3,-1],[1,-4],[3,-2],[8,-1],[3,1],[4,2],[2,0],[6,-1],[4,-1],[2,-3],[6,1],[2,1],[3,3],[1,4],[3,2],[0,6],[-2,5],[-6,5],[-8,3],[-6,3],[-6,0],[-7,-3],[0,-3],[-5,-4],[-6,-3],[-6,-4]],[[7303,1063],[1,-2],[10,-3],[-8,4],[-3,1]],[[7046,1062],[-2,-1],[0,-5],[3,-1],[6,2],[-1,2],[-6,3]],[[7061,1022],[10,7],[1,1],[-2,3],[9,2],[2,-1],[4,3],[-4,2],[3,1],[0,2],[-3,4],[3,0],[3,1],[0,4],[-3,3],[-4,1],[3,0],[-5,1],[-6,-1],[-2,-2],[-3,-4],[-5,-6],[-2,-6],[-4,-6],[-4,-5],[-1,-4],[4,-2],[6,2]],[[6854,1037],[0,2],[4,1],[4,3],[0,2],[-3,3],[-7,0],[-3,-4],[1,-1],[0,-5],[4,-1]],[[7184,1032],[0,1]],[[7184,1033],[0,0]],[[7184,1033],[4,5],[2,0],[3,5],[-1,3],[-5,-4],[-4,-5],[-2,-5],[3,0]],[[6907,1033],[-6,4],[-4,-1],[-1,-2],[4,-3],[2,-1],[1,2],[4,1]],[[5673,982],[4,-5],[2,-6],[3,-1],[1,-4],[4,-1],[1,2],[-1,3],[2,2],[0,4],[-1,2],[-3,-1],[-3,3],[-2,1],[-1,3],[-3,8],[-1,4],[-5,0],[-3,3],[2,1],[-1,3],[-1,-1],[-3,3],[-2,3],[4,0],[0,2],[-2,3],[4,1],[3,-2],[2,3],[2,-5],[2,0],[0,-2],[-3,1],[-5,-2],[3,-3],[4,1],[4,-1],[0,-2],[2,-3],[3,2],[2,2],[-3,8],[-2,1],[-4,1],[-1,4],[-7,1],[-8,-5],[1,-3],[-2,0],[-4,-3],[1,-3],[4,-2],[1,-1],[5,-11],[2,-4],[3,-4]],[[7106,1010],[-5,-4],[2,-5],[-2,2],[-4,-1],[-6,-4],[-5,-5],[0,-8],[4,-5],[8,-4],[5,1],[5,2],[15,12],[2,2],[-1,4],[-5,6],[-1,3],[-2,1],[-3,0],[-1,2],[-6,1]],[[5676,997],[1,1],[-1,3],[-4,-1],[1,-3],[3,0]],[[5687,1003],[-4,-4],[0,-2],[-3,1],[1,-2],[-5,0],[1,-4],[4,-8],[2,0],[-1,-2],[2,0],[0,-2],[3,-1],[1,2],[-1,4],[1,4],[-3,0],[0,-3],[-5,0],[-2,6],[1,3],[3,-2],[-1,3],[4,1],[2,-1],[-1,-3],[-3,-2],[6,-1],[0,3],[2,1],[-1,4],[-2,1],[-1,4]],[[5551,965],[1,4],[6,0],[3,-2],[2,1],[2,1],[4,0],[-5,3],[-2,-1],[3,4],[2,-2],[3,0],[2,1],[0,6],[-2,1],[-8,1],[-8,-2],[-1,-2],[-5,-3],[7,-3],[2,-2],[-2,0],[-1,2],[-5,1],[-2,-4],[0,-2],[4,-2]],[[5571,968],[4,1],[-2,1],[-3,0],[1,-2]],[[5576,955],[2,0],[-3,10],[3,0],[-2,2],[-6,-2],[0,-2],[2,-3],[3,-3],[1,-2]],[[5557,961],[1,1],[-4,0],[3,-1]],[[5554,959],[1,1],[-3,0],[2,-1]],[[6582,957],[0,2],[-2,-1],[2,-1]],[[5556,956],[1,2],[-3,0],[2,-2]],[[5577,954],[1,-1],[2,2],[-3,-1]],[[5578,948],[6,-1],[0,2],[-3,0],[-1,4],[-3,0],[2,-3],[-1,-2]],[[6862,949],[-4,-2],[3,1],[1,1]],[[5638,948],[-3,-1],[-1,-3],[2,-2],[-1,5],[2,0],[0,-5],[1,-1],[0,-5],[1,-2],[4,-3],[4,1],[-2,3],[0,4],[-1,3],[0,3],[-3,3],[-3,0]],[[5536,942],[-1,-3],[2,-4],[0,-1],[2,-4],[1,-2],[4,2],[-3,0],[1,1],[0,3],[-2,1],[2,1],[1,3],[-3,0],[1,2],[-2,2],[1,1],[3,-2],[2,3],[-2,0],[-2,2],[0,-2],[-4,-1],[-1,-2]],[[6854,945],[0,-1],[-7,-2],[-2,-2],[-1,-2],[4,3],[7,3],[-1,1]],[[5549,931],[1,-2],[-8,0],[0,-4],[4,0],[8,0],[9,1],[12,3],[6,3],[1,3],[2,0],[0,2],[2,2],[-4,3],[4,0],[1,-3],[0,3],[-2,2],[-6,0],[0,-1],[-3,-3],[4,0],[-2,-2],[-2,2],[-1,-3],[-4,-1],[-1,-1],[5,0],[1,3],[1,-1],[-1,-3],[-1,1],[-4,-3],[-4,0],[1,3],[-3,-2],[-4,0],[0,-3],[-6,-1],[-1,2],[-2,0],[1,2],[-4,-2]],[[5531,925],[2,1],[0,5],[-4,2],[-1,2],[-5,4],[-3,-2],[0,-2],[-5,2],[-2,3],[-3,1],[-6,0],[-9,-5],[-3,-2],[0,-1],[8,-4],[5,-1],[13,-2],[5,1],[0,-1],[8,-1]],[[6746,934],[4,-3],[1,0],[1,4],[-3,1],[-3,-2]],[[6755,923],[1,-2],[0,-3],[2,-4],[4,-4],[3,-1],[9,-1],[0,5],[0,-1],[-4,2],[0,2],[-2,0],[-1,2],[-3,2],[-5,3],[-4,0]],[[6622,910],[3,-1],[8,3],[-1,1],[4,3],[-2,5],[-2,2],[-7,-1],[-2,-2],[2,-2],[-1,-2],[3,-4],[-3,2],[0,2],[-4,1],[0,-5],[2,-2]],[[6696,865],[5,0],[5,2],[3,0],[4,2],[1,-1],[6,3],[4,1],[3,1],[4,-1],[3,2],[0,2],[4,3],[6,1],[-1,3],[3,3],[-2,1],[1,2],[-2,1],[-5,5],[-2,5],[-2,3]],[[6734,903],[0,0]],[[6734,903],[0,1]],[[6734,904],[-1,1]],[[6733,905],[0,0]],[[6733,905],[0,0]],[[6733,905],[-2,1],[-5,0],[-5,5],[-1,-1],[-4,1],[-1,1],[-6,1],[-4,1],[-6,-2],[-3,1],[-3,-2],[1,2],[-3,3],[-2,-1],[-3,1],[-3,-3],[-3,-2],[1,-4],[-3,-1],[-1,-3],[0,-3],[-3,-1],[-3,-10],[1,-3],[-1,-1],[4,-9],[3,-2],[0,-2],[10,-5],[2,-2],[6,0]],[[6643,913],[-2,-3],[1,-1],[3,0],[3,2],[-1,1],[-4,1]],[[6669,913],[0,-3],[2,1],[-2,2]],[[6571,905],[1,0],[2,3],[-6,4],[-3,-2],[-1,-2],[5,-3],[2,0]],[[6775,912],[2,-1],[0,-2],[-3,-2],[-4,1],[2,-2],[3,1],[3,3],[-3,2]],[[6734,904],[0,-1]],[[6734,903],[4,-1],[0,-1],[3,1],[0,4],[-3,2],[-4,0],[0,-4]],[[6747,896],[0,-3],[4,-3],[1,-3],[3,-4],[5,0],[7,4],[3,0],[0,3],[5,-2],[4,3],[-2,2],[-5,0],[-11,0],[0,-2],[2,0],[0,-3],[-7,5],[-1,1],[-8,2]],[[5975,861],[5,2],[0,5],[-2,6],[-6,3],[-3,0],[1,2],[-5,4],[-7,6],[-4,-1],[0,-3],[1,-4],[4,-6],[1,-3],[8,-9],[3,-2],[4,0]],[[6753,883],[1,1],[-4,2],[-1,-1],[2,-2],[2,0]],[[6748,882],[-1,3],[-3,-2],[3,-2],[1,1]],[[5970,841],[4,4],[4,5],[-1,3],[-5,0],[-4,-1],[-1,-3],[0,-6],[3,-2]],[[6426,812],[7,-5],[2,-3],[5,-1],[5,2]],[[6445,805],[6,4],[2,-1],[4,2],[3,-1],[2,0],[4,2],[2,0],[4,2],[3,4],[5,3],[-1,4],[2,4],[-1,7],[-4,6],[-2,2],[-6,5],[-4,1],[-5,0],[-3,2],[-3,-1],[-8,-1],[-4,-2],[-1,-2],[-6,-4],[-2,-3],[0,-4],[-2,-3],[0,-1],[0,-11],[-3,-2],[-1,-5]],[[5959,821],[1,1],[3,6],[5,8],[-1,1],[-5,-9],[-2,2],[-3,-4],[0,-4],[2,-1]],[[6543,822],[1,0]],[[6544,822],[0,-1]],[[6544,821],[1,-2],[3,2],[2,-2],[5,0],[1,2],[-2,0],[0,2],[4,0],[3,2],[-2,6],[-3,2],[-5,1],[-2,0],[-5,1],[-6,0],[-1,-1],[2,-10],[1,-3],[1,2],[2,-1]],[[5859,826],[3,2],[0,3],[-5,-2],[0,-3],[2,0]],[[6570,818],[-3,-1],[-1,-3],[6,2],[1,1],[-3,1]],[[6344,786],[1,-4],[3,-1],[9,-1],[4,1],[4,4],[6,1],[7,-1],[10,-4],[6,1],[6,-1],[5,2],[5,1],[-1,1],[1,3],[3,1],[0,1],[4,4],[5,1],[4,-2],[6,1],[2,3],[0,2],[2,3],[-4,0],[-2,2],[-9,2],[-10,5],[-11,3],[-14,0],[-2,1],[-13,-4],[-8,-2],[-6,0],[-4,-2],[-4,-7],[-1,-6],[-3,-5],[-1,-3]],[[6461,809],[-2,-1],[1,-2],[1,3]],[[5784,802],[2,0],[2,3],[-6,1],[-2,-1],[3,-1],[1,-2]],[[6537,806],[-2,-1],[0,-7],[4,-4],[-1,-1],[3,-3],[6,-5],[4,-2],[4,2],[0,2],[-8,9],[-4,4],[-4,5],[-2,1]],[[6559,797],[0,0]],[[6559,797],[-4,-3],[8,-8],[7,-3],[1,-1],[8,-1],[2,-2],[4,-1],[-3,-1],[14,3],[7,3],[5,3],[5,5],[1,5],[-2,1],[2,1],[-1,2],[-2,3],[-3,0],[-8,-1],[-7,-2],[-7,-1],[-3,-4],[-3,-1],[-1,2],[-3,0],[-3,-3],[-10,3],[0,2],[-4,-1]],[[6554,801],[-1,0],[1,-2],[-3,-1],[2,-2],[4,1],[-1,3],[-2,1]],[[5914,779],[0,2],[-4,4],[-3,0],[-1,-2],[5,-4],[3,0]],[[5844,775],[-2,-1],[3,-2],[-1,3]],[[5842,764],[-3,-1],[4,-3],[1,1],[-2,3]],[[5845,750],[2,2],[-1,3],[-5,1],[-6,0],[-2,-1],[-1,-3],[1,-4],[2,-2],[3,0],[3,1],[4,3]],[[6404,729],[2,-2],[4,0],[10,1],[3,2],[1,5],[-4,-1],[-1,-2],[-4,-2],[-7,0],[-2,1],[-2,3],[1,4],[-2,-3],[1,-4],[0,-2]],[[6367,699],[0,0]],[[6367,699],[1,0]],[[6368,699],[1,-1],[-2,0],[-1,2],[-6,-6],[2,-5],[1,0],[2,-5],[0,-2],[1,-2],[4,-2],[1,1]],[[6371,679],[2,0]],[[6373,679],[-1,-2],[1,-3],[6,-5],[6,-2],[1,-5],[9,-3],[3,-4],[6,-2],[4,2],[2,0],[1,1],[2,-1],[3,1],[2,0],[9,3],[9,9],[1,4],[6,5],[0,2],[5,4],[4,2],[1,3],[1,2],[-2,3],[-6,4],[-5,3],[-3,-2],[0,2],[-5,3],[1,1],[-3,2],[1,1],[-3,2],[-2,3],[-2,-1],[-3,0],[4,2],[-5,5],[-2,3],[-5,3],[-5,-1],[-3,1],[-5,2],[-1,2],[-2,1],[-5,-2],[-13,-5],[-6,-4],[-2,-3],[-2,-2]],[[6370,713],[-1,-1],[-1,-8],[-1,-1],[0,-4]],[[6279,723],[1,2],[-3,-2],[2,0]],[[6332,665],[0,0]],[[6332,665],[1,6],[-1,1],[6,2],[1,1],[3,0],[2,3],[2,0],[1,3],[-2,0],[5,2],[1,-1],[3,2],[1,4],[-3,0],[1,2],[0,3],[2,1],[1,4],[1,0]],[[6357,698],[2,4],[0,3],[-2,3],[-9,3],[-3,0],[-2,2],[-3,-1],[-6,0],[-1,-2],[-4,-1],[-2,-2],[-2,1],[-8,-1],[-3,-2],[-5,-4],[-2,-5],[0,-6],[-4,-2],[-6,-6],[-2,-5],[0,-3],[4,-6],[3,-3],[5,-3],[1,-1],[3,0],[4,-2],[3,1],[2,-1],[6,0],[0,4],[2,-1],[4,3]],[[6461,702],[-3,1],[-1,-2],[3,-2],[2,1],[0,-2],[3,1],[-1,-2],[3,-2],[6,0],[2,1],[0,1],[-3,3],[-4,0],[-7,2]],[[6304,699],[2,0],[0,4],[-4,-2],[2,-2]],[[6349,639],[-5,-6],[2,-2],[-3,1],[-2,-1],[-6,3],[0,3],[1,3],[-1,3],[7,0],[4,1],[0,2],[3,0],[1,8],[4,6],[-2,10],[4,11],[-1,2],[-3,-3],[-1,-5],[-5,-3],[-2,0],[-4,-1],[-3,0],[-2,-6],[-2,-3],[-2,0],[-4,-4],[1,-1],[-2,-4],[-3,-2],[-1,-5],[3,-3],[6,-8],[7,-5],[10,0],[-1,2],[0,4],[2,1],[0,2]],[[6455,681],[-2,-1],[2,-1],[0,2]],[[6355,672],[-1,-3],[3,1],[3,6],[-1,4],[-3,-4],[-1,-4]],[[6492,674],[3,0],[-3,2],[0,-2]],[[6494,672],[-4,1],[1,-3],[2,-1],[3,0],[1,3],[-3,0]],[[6453,668],[0,2],[-2,0],[2,-2]],[[6485,668],[-1,-1],[3,-5],[2,0],[0,5],[-4,1]],[[6491,667],[-1,-3],[3,-1],[2,2],[-1,2],[-3,0]],[[6507,667],[2,-2],[-2,-4],[-5,-4],[-4,-1],[-9,-2],[-12,0],[-4,-1],[-5,0],[-7,1],[-10,1],[11,-1],[6,-2],[3,0],[7,1],[9,1],[9,1],[6,2],[5,4],[2,4],[-2,2]],[[6473,663],[2,-3],[1,2],[-1,2],[-2,-1]],[[6469,655],[5,-1],[0,3],[-3,6],[-2,-3],[1,-2],[-3,-1],[2,-2]],[[6316,654],[4,-4],[2,-3],[1,4],[2,1],[2,5],[-8,1],[-4,1],[-2,-2],[3,-3]],[[6423,656],[9,1],[-2,0],[-5,0],[-2,-1]],[[6388,656],[0,-1],[8,-2],[-3,2],[-5,1]],[[6285,639],[2,-5],[2,-4],[0,-2],[-3,0],[0,-1],[5,-6],[3,3],[1,4],[-2,5],[-7,11],[-2,2],[-8,5],[-2,2],[-3,1],[-4,-2],[0,-5],[4,-5],[1,0],[3,3],[-2,2],[-1,-2],[-3,3],[1,2],[5,0],[5,-3],[5,-5],[0,-3]],[[6393,652],[-3,1],[-3,-1],[5,-4],[4,-1],[2,1],[0,2],[-5,2]],[[6405,647],[-3,-1],[6,-3],[2,2],[-1,1],[-4,1]],[[6349,643],[-6,0],[0,-3],[-3,-2],[3,-1],[3,1],[0,2],[3,0],[0,3]],[[5387,389],[3,-2],[2,2],[3,-2],[3,-4],[2,-4],[-2,-3],[0,-5],[-3,0],[-1,-2],[1,-1],[-3,-2],[-1,-7],[-2,-1],[0,-2],[6,-3],[1,0],[0,-3],[2,-1],[-1,-4],[-2,-5],[4,-2],[3,1],[2,-2],[5,-1],[5,-2],[6,0],[7,0],[4,0],[3,-1],[3,2],[-3,2],[0,3],[-2,2],[-5,1],[-4,-2],[-2,1],[3,1],[-1,2],[6,1],[4,0],[1,-2],[4,1],[5,-1],[6,0],[7,-2],[-3,4],[1,7],[3,-4],[3,2],[-1,-3],[5,-2],[0,2],[5,1],[1,2],[6,-1],[0,2],[-3,1],[6,1],[4,-1],[10,0],[-1,8],[-1,1],[6,0],[11,1],[1,0],[6,1],[4,-4],[6,-2],[1,-1],[5,-1],[4,1],[2,3],[3,1],[4,2],[1,3],[4,4],[2,1],[3,5],[-1,2],[-3,1],[0,2],[-4,1],[2,3],[7,-2],[3,1],[4,4],[-2,5],[0,4],[-3,3],[1,2],[3,0],[4,-6],[2,-2],[2,0],[4,5],[1,5],[-2,5],[-7,3],[1,1],[6,0],[1,2],[4,-1],[3,2],[3,0],[1,-2],[1,1],[4,1],[2,2],[0,4],[3,1],[2,-1],[4,2],[4,3],[0,2],[6,2],[2,0],[6,1],[4,-2],[4,1],[-1,-2],[-1,-4],[3,-2],[0,-5],[1,-1],[6,0],[10,6],[0,-5],[1,-1],[0,-4],[-6,-5],[0,-2],[3,0],[5,3],[1,2],[3,5],[5,0],[-3,-3],[2,-3],[8,-1],[3,2],[2,3],[-2,7],[11,0],[1,2],[-1,4],[4,6],[-2,1],[3,0],[1,-1],[4,0],[3,6],[-2,2],[2,6],[-5,4],[7,0],[2,-2],[-1,-2],[3,-3],[0,-2],[4,0],[2,1],[2,-7],[3,-1],[1,-2],[3,-1],[5,1],[3,-2],[0,-3],[2,-1],[0,-3],[3,-6],[5,4],[2,7],[-1,0],[4,3],[-2,6],[2,0],[1,-3],[5,0],[3,-2],[6,0],[7,-1],[-7,-4],[-2,-2],[1,-1],[-7,-7],[-1,-2],[3,-1],[-5,0],[-2,-3],[-3,-1],[-2,-4],[2,-4],[5,1],[4,-4],[6,-2],[0,-2],[2,1],[1,-2],[4,1],[-2,3],[8,-2],[1,2],[8,-2],[1,-4],[9,-2],[1,-3],[7,2],[3,3],[-2,2],[-7,1],[1,5],[-1,3],[1,2],[-2,0],[3,2],[0,4],[2,0],[1,3],[3,3],[0,1],[-2,2],[2,4],[3,-2],[3,2],[4,4],[2,0],[1,4],[-2,2],[-2,0],[-1,2],[1,2],[-2,0],[-3,2],[4,0],[-1,1],[2,2],[-5,0],[7,4],[1,1],[-1,3],[-1,1],[3,2],[0,-3],[2,-3],[5,3],[1,2],[-2,1],[-1,6],[3,5],[3,0],[1,3],[0,10],[3,7],[-2,2],[1,1],[-4,1],[-3,-1],[4,6],[2,1],[0,5],[-3,4],[-3,0],[-2,-2],[-1,1],[-3,-1],[2,3],[-1,1],[-5,0],[-2,-2],[-3,1],[1,4],[-1,1],[-4,1],[-5,3],[-7,4],[0,3],[0,6],[6,9],[0,2],[-3,8],[0,3],[-3,0],[-3,2],[-3,1],[-4,-3],[-6,-2],[-3,2],[-2,-2],[-2,0],[-3,-2],[-1,3],[-11,1],[-3,-1],[-6,-4],[-1,-4],[-2,2],[-10,-6],[1,-4],[-2,2],[-3,-1],[-1,-2],[-3,1],[-1,-2],[-6,0],[-5,-3],[-3,-1],[-2,-3],[-4,-1],[1,-2],[-4,0],[-3,-3],[-4,0],[-6,-3],[0,-1],[-8,-2],[-5,-3],[-4,-3],[-11,-3],[-3,-3],[3,-4],[-2,-6],[-3,0],[0,4],[-1,1],[-5,-1],[-8,-5],[-2,-2],[-2,-1],[-3,-3],[-6,-2],[-2,-2],[-7,-3],[-6,-2],[-2,-1],[3,-4],[-3,-1],[-2,2],[-3,0],[-6,-3],[-4,0],[-3,2],[-3,-3],[0,3],[-5,-1],[-2,1],[-8,-1],[-4,2],[-8,1],[-5,-4],[-1,-5],[-3,3],[-4,0],[0,-2],[-7,-2],[-1,-3],[-4,-5],[0,-6],[-1,0],[-5,-4],[-4,-7],[-5,0],[1,1],[-9,-1],[-2,-2],[-6,-3],[-3,-2],[-6,-2],[-6,0],[-8,-6],[-1,-1],[-4,-2],[0,-2],[-4,-2],[-3,0],[-6,0],[-6,-2],[-5,-1],[-3,-1],[-6,-1],[-1,-3],[-2,-1],[-2,3],[-5,2],[-5,0],[-4,2],[-5,-3],[-5,-3],[-7,-3],[0,-1],[-5,-8],[-5,-3],[1,-2]],[[4032,1878],[3,1],[-3,2],[-1,-2],[-4,-1],[0,-4],[4,1],[1,3]],[[4036,1839],[2,1],[0,2],[-3,1],[-2,-3],[3,-1]],[[4050,1815],[-2,-1],[0,-2],[4,-1],[0,2],[-2,2]],[[4070,1808],[0,1],[-3,1],[0,-2],[-2,0],[4,-1],[1,1]],[[4144,1725],[-3,1],[1,2],[-3,0],[-3,1],[-2,-1],[0,3],[-4,2],[-2,-1],[-3,4],[0,5],[-1,2],[-3,0],[-2,2],[4,5],[1,-2],[-1,-2],[2,0],[2,7],[0,6],[2,2],[3,0],[2,4],[0,4],[2,2],[0,3],[-2,3],[-1,3],[-2,1],[-2,1],[-6,3],[-5,1],[-9,0],[-3,-2],[-2,0],[-4,-5],[-4,-3],[-3,1],[0,-1],[-5,-1],[2,-2],[-2,-1],[-4,0],[0,2],[-6,1],[-3,-1],[-1,2],[-2,-1],[-5,1],[-2,1],[-2,-1],[-2,1],[-2,-3],[-4,0],[-9,-4],[-6,0],[-4,-3],[-4,1],[0,-2],[2,-2],[-4,-1],[-4,2],[2,3],[-4,1],[-3,-1],[0,-2],[1,-1],[4,0],[1,-1],[-1,-5],[5,-1],[2,4],[4,-4],[3,0],[2,-2],[-1,-5],[-2,-2],[2,-3],[-1,-1],[2,-2],[5,0],[1,-2],[4,1],[1,-2],[3,1],[0,-2],[3,0],[3,-2],[5,2],[3,-3],[3,-1],[0,2],[5,0],[2,-1],[1,-2],[4,-1],[0,2],[4,3],[3,1],[3,-3],[-1,-4],[-5,-2],[7,-3],[4,1],[7,-1],[4,1],[2,-1],[8,4],[1,2],[4,-2],[2,-3],[3,-1],[6,-1],[5,-1],[2,0]],[[4035,1757],[-3,1],[0,-1],[3,0]],[[4020,1667],[3,2],[-4,2],[-1,-2],[2,-2]],[[4007,1657],[3,0],[3,3],[0,2],[-2,2],[-5,-2],[0,-4],[1,-1]],[[3697,1230],[5,0],[1,2],[-1,4],[-4,0],[-1,-3],[-5,-3],[4,-1],[1,1]],[[3690,1193],[3,1],[-1,2],[-6,-4],[1,-1],[3,2]],[[3770,1174],[-1,1],[-1,-1],[2,0]],[[3738,1158],[4,2],[2,3],[-4,1],[-6,-4],[4,-2]],[[3731,1145],[0,2],[-2,-1],[2,-1]],[[4061,1100],[1,2],[-2,1],[-5,-2],[1,-2],[5,0],[0,1]],[[3925,1077],[8,2],[0,3],[2,1],[0,5],[-4,0],[-3,-1],[1,-3],[-5,-3],[-2,-3],[3,-1]],[[6122,661],[-1,3],[-4,1],[0,-1],[5,-3]],[[6140,638],[-7,-3],[-1,-2],[2,-9],[5,-3],[5,0],[1,1],[0,3],[-1,6],[0,7],[-3,1],[-1,-1]],[[5813,620],[1,2],[3,2],[-1,3],[-2,2],[-1,-3],[4,0],[-1,-2],[-2,-1],[-5,1],[-2,-1],[-5,-1],[1,-1],[-6,-1],[-6,1],[3,5],[-1,5],[1,-1],[1,1],[3,2],[0,-3],[5,0],[2,0],[6,-1],[1,1],[-2,2],[-5,2],[-8,4],[-3,0],[-2,-2],[-1,-4],[0,-6],[-2,-4],[2,-2],[12,-1],[5,0],[5,1]],[[5758,626],[-2,2],[3,0],[-1,3],[-3,3],[-2,0],[-4,-2],[-3,-3],[0,-4],[5,-3],[5,-1],[3,1],[-1,4]],[[5802,629],[-1,-1],[3,-1],[3,0],[-5,2]],[[6142,600],[0,0]],[[6142,600],[0,0]],[[6142,600],[-2,-1],[-6,4],[-6,1],[-1,-3],[4,-4],[2,-4],[4,0],[3,-1],[4,-3],[2,0],[9,2],[7,2],[0,5],[-5,3],[-4,3],[-9,10],[-9,2],[-2,-2],[-1,-7],[1,-2],[3,0],[1,7],[2,1],[0,-2],[1,-1],[0,-2],[4,-2],[3,0],[4,-2],[3,-7],[-6,-3],[-2,2],[2,4],[-3,2],[-3,-2]],[[5928,581],[4,2],[11,0],[10,1],[5,4],[5,1],[0,2],[-2,1],[-8,0],[-2,1],[-7,0],[-7,-1],[-5,-4],[-2,-3],[-3,-2],[1,-2]],[[5868,563],[9,2],[8,1],[5,2],[5,3],[2,3],[3,1],[-1,2],[-8,-1],[-6,1],[-2,3],[-2,-1],[-5,1],[-1,-2],[-3,-2],[-8,0],[-3,1],[-3,-1],[0,-2],[-2,-2],[0,-4],[3,-1],[5,-4],[4,0]],[[5787,553],[3,-4],[-1,-3],[1,-2],[7,-3],[1,1],[2,-3],[4,-1],[0,-2],[4,-1],[2,1],[0,5],[-4,6],[1,4],[-7,6],[-9,3],[-6,-2],[0,-4],[2,-1]],[[5830,553],[-3,-1],[2,-3],[8,-1],[1,1],[-5,3],[-3,1]],[[6131,538],[2,0],[-1,1],[-1,-1]],[[5793,535],[-5,1],[-2,-3],[-1,-4],[-2,-2],[-1,-5],[2,-3],[2,-1],[7,-1],[1,-1],[5,0],[5,3],[-2,2],[-3,3],[0,4],[-2,2],[-4,-3],[-1,2],[5,1],[-4,5]],[[5829,527],[-2,-4],[6,-4],[3,-2],[4,0],[0,3],[-5,3],[-2,0],[0,3],[-4,1]],[[5975,523],[0,-2],[2,1],[-2,1]],[[6124,521],[0,-1],[-3,-1],[0,-5],[7,-2],[2,4],[-1,2],[-5,3]],[[5849,514],[0,0]],[[5849,514],[3,1],[-1,2],[-4,0],[-1,-1],[3,-2]],[[5792,514],[1,1],[-5,1],[4,-2]],[[5837,508],[1,-3],[1,3],[-2,0]],[[5834,505],[0,3],[-3,-1],[3,-2]],[[5827,503],[1,1],[-6,2],[3,-3],[2,0]],[[5867,505],[-1,-1],[0,-3],[3,-2],[5,0],[3,1],[-4,3],[-6,2]],[[5852,499],[1,-3],[6,-1],[-4,3],[-1,2],[-2,-1]],[[5859,499],[-2,1],[1,-3],[1,2]],[[5819,496],[-1,3],[-1,-1],[2,-2]],[[5854,490],[4,2],[1,2],[-6,1],[-2,4],[-4,-1],[2,-3],[4,-3],[1,-2]],[[5932,497],[-2,-1],[-1,-2],[3,-2],[3,-4],[4,0],[3,3],[1,2],[-3,2],[-8,2]],[[5844,493],[1,2],[-2,0],[1,-2]],[[5828,483],[4,5],[-1,2],[-3,0],[-2,-2],[-1,-6],[3,1]],[[5929,487],[0,2],[-4,-1],[-1,-1],[4,-1],[1,1]],[[5920,486],[-2,1],[-3,0],[-5,-4],[-3,-1],[0,-2],[3,-2],[-2,-3],[0,-2],[-3,-1],[0,-2],[-5,-1],[-1,-3],[-6,-3],[-1,-3],[-2,-6],[1,-3],[2,-1],[2,1],[3,0],[0,-3],[-2,0],[0,-4],[-4,0],[0,-2],[2,-4],[4,-2],[4,-1],[-2,-1],[1,-2],[4,0],[2,3],[-1,2],[4,3],[-1,1],[3,3],[1,2],[-4,2],[-1,3],[0,5],[6,4],[3,-1],[2,5],[-3,3],[3,2],[0,2],[2,1],[1,3],[5,6],[1,3],[-6,1],[-2,1]],[[5843,487],[-2,-1],[0,-3],[-1,-1],[4,-2],[4,-1],[2,3],[0,2],[-7,3]],[[5830,425],[5,-1],[4,4],[3,1],[0,2],[6,-1],[5,1],[2,2],[2,-1],[6,3],[-1,1],[9,6],[2,3],[-2,0],[6,1],[3,2],[-1,4],[-3,1],[-5,-1],[1,2],[-3,3],[0,5],[-6,4],[-5,2],[-5,5],[-8,2],[-2,4],[-4,2],[-2,2],[-4,3],[-3,-1],[-1,-3],[-2,-1],[-4,-1],[-1,-2],[-2,-11],[-1,-6],[1,-4],[-2,-4],[-3,-3],[-2,0],[-3,-7],[-5,-5],[2,0],[6,2],[0,-2],[-2,-1],[-2,-3],[-1,-4],[3,1],[1,-2],[5,3],[1,0],[5,1],[1,1],[6,1],[0,-10]],[[5886,482],[0,-3],[4,-3],[1,1],[-1,2],[-3,4],[-1,-1]],[[5530,479],[-2,-3],[8,4],[3,1],[-7,1],[-2,-3]],[[5877,470],[3,3],[-2,1],[3,0],[2,3],[-1,3],[-3,-1],[-2,2],[-7,-1],[-2,-1],[1,-1],[-4,0],[-3,-1],[2,-2],[-2,-1],[-2,1],[0,-2],[3,-5],[3,0],[6,-6],[1,3],[3,0],[1,5]],[[5534,479],[-4,-2],[3,0],[1,2]],[[5907,478],[-3,-3],[-4,-5],[5,2],[2,3],[0,3]],[[5883,470],[4,1],[0,5],[-3,1],[-2,-4],[1,-3]],[[5511,469],[1,-2],[-3,-2],[5,1],[5,3],[2,3],[4,1],[-3,1],[-2,1],[-1,-2],[-5,0],[1,-2],[-4,-2]],[[5491,471],[5,3],[-6,-2],[1,-1]],[[5962,472],[1,-4],[2,2],[-1,1],[-2,1]],[[5938,468],[-1,2],[-3,0],[2,-3],[2,1]],[[6192,470],[-5,-1],[-4,-1],[0,-3],[5,-4],[4,0],[9,0],[0,3],[4,1],[-13,5]],[[5468,465],[7,3],[-7,-2],[0,-1]],[[5888,469],[-2,-2],[3,1],[-1,1]],[[5811,461],[1,-1],[2,4],[-2,0],[-1,-3]],[[5491,464],[-1,1],[0,-4],[1,3]],[[5475,460],[6,0],[1,1],[-4,2],[-3,-3]],[[5876,458],[1,1],[-3,2],[0,-2],[2,-1]],[[6213,461],[3,-3],[9,-7],[6,-1],[6,1],[-5,3],[-2,1],[-7,4],[-7,2],[-3,0]],[[6137,459],[-2,-1],[11,2],[5,0],[-3,1],[-6,-1],[-5,-1]],[[5812,455],[0,3],[-2,3],[1,-4],[1,-2]],[[5889,459],[0,2],[-3,-3],[2,-2],[1,3]],[[5468,454],[2,1],[4,4],[-2,1],[-7,-2],[-1,-3],[4,-1]],[[5479,459],[-3,0],[2,-1],[1,1]],[[6154,454],[3,0],[1,2],[4,1],[1,1],[-3,1],[-7,0],[-11,-1],[-11,-4],[-6,0],[-2,-4],[4,-1],[5,2],[3,-5],[2,1],[1,2],[6,0],[9,-3],[3,3],[-2,1],[0,4]],[[5915,455],[1,4],[-2,0],[1,-4]],[[5444,443],[-1,2],[7,7],[2,2],[-9,-9],[1,-2]],[[6140,446],[0,0]],[[6140,446],[0,-1]],[[6140,445],[-1,-1]],[[6139,444],[-1,0]],[[6138,444],[4,0],[-1,4],[-3,1],[0,-3],[2,0]],[[6074,443],[-7,4],[-4,-2],[5,-5],[5,-1],[5,-3],[2,-2],[-1,5],[-5,4]],[[5916,438],[0,0]],[[5916,438],[1,5],[-3,-1],[-2,-4],[4,0]],[[5803,441],[2,1],[-2,1],[0,-2]],[[6056,435],[-5,1],[-11,4],[-3,-1],[1,-5],[7,-8],[0,-6],[7,-4],[4,-1],[1,2],[2,5],[3,3],[2,0],[-2,-8],[2,-1],[3,4],[-2,6],[-4,7],[-5,2]],[[5847,430],[-2,1],[-1,-2],[3,1]],[[6082,428],[-2,3],[-1,-2],[3,-1]],[[5911,428],[-3,-3],[3,-2],[4,1],[-1,3],[-3,1]],[[5824,419],[7,1],[1,2],[-6,3],[-3,0],[-2,-3],[3,-3]],[[5849,419],[3,2],[-2,3],[-3,-1],[-1,-2],[3,-2]],[[5862,423],[-3,0],[0,-1],[3,1]],[[5709,415],[3,0],[4,0],[4,3],[-2,2],[-6,-1],[-3,-2],[0,-2]],[[5705,415],[2,2],[-3,-1],[1,-1]],[[5798,413],[2,1],[-1,3],[-1,0],[-2,-4],[2,0]],[[5843,410],[4,0],[3,2],[-1,2],[-2,0],[1,2],[-3,1],[-5,-2],[2,-5],[1,0]],[[5624,408],[3,2],[0,1],[5,4],[0,2],[-10,-1],[-2,-2],[3,-2],[-3,0],[-1,3],[-3,2],[-3,-1],[-4,-4],[2,-4],[10,2],[3,-2]],[[5885,402],[-3,-1],[-1,-8],[2,-1],[2,-3],[5,-2],[5,-1],[2,-2],[6,4],[2,2],[4,6],[0,7],[-1,0],[-2,9],[-1,4],[-6,0],[-6,-2],[-2,-1],[-5,-2],[-2,-4],[4,1],[-4,-3],[1,-3]],[[6006,411],[-1,-2],[2,-2],[2,2],[0,3],[-3,-1]],[[5716,406],[0,2],[-2,-2],[2,0]],[[5794,399],[2,0],[0,3],[-5,-1],[3,-2]],[[5380,392],[3,1],[3,3],[-2,0],[-5,-3],[1,-1]],[[5880,386],[0,3],[-4,2],[0,3],[-2,0],[-5,-2],[-3,-1],[1,-1],[-6,-4],[-4,-5],[-8,-3],[-9,-2],[-2,-1],[0,-2],[-4,-3],[-2,-4],[0,-2],[6,-1],[6,-3],[3,0],[9,4],[6,1],[3,0],[5,5],[10,4],[-1,2],[1,5],[0,5]],[[5326,324],[10,3],[3,2],[5,1],[4,4],[4,0],[2,-1],[-3,-2],[4,-1],[6,0],[6,4],[-2,1],[0,4],[-2,2],[3,1],[-2,3],[2,2],[2,0],[1,-3],[4,-4],[4,-3],[4,1],[3,3],[3,0],[2,3],[2,-2],[4,6],[-2,2],[-6,3],[-4,3],[1,4],[3,3],[1,3],[-4,1],[-5,3],[1,4],[3,2],[-2,6],[1,3],[3,1],[-1,3],[-6,-4],[0,1],[-4,0],[-5,-4],[-6,-3],[-6,-1],[-9,-4],[-7,-6],[-1,-3],[-4,-3],[-2,-5],[-5,-4],[-4,-6],[0,-2],[-4,-3],[-4,-8],[-1,-6],[2,-2],[8,-2]],[[5391,367],[0,6],[-5,1],[-3,2],[-3,-4],[1,-3],[4,-1],[6,-1]],[[5558,361],[4,1],[4,4],[0,4],[-3,3],[-5,-1],[-3,-4],[-1,-4],[1,-2],[3,-1]],[[5835,360],[0,1],[-5,1],[-5,1],[-3,2],[-4,-2],[-3,-3],[-2,-5],[-2,-2],[-4,1],[6,-4],[1,-3],[3,-1],[6,1],[4,2],[6,5],[2,6]],[[5511,362],[-5,-3],[-2,-2],[2,-4],[3,1],[4,3],[2,1],[1,2],[-3,2],[-2,0]],[[5525,356],[-3,-2],[5,2],[-2,0]],[[5394,351],[-1,2],[-2,1],[3,-3]],[[5494,348],[3,3],[-4,1],[-2,-3],[3,-1]],[[5637,344],[5,-2],[2,1],[-7,1]],[[5618,332],[-1,-1],[4,0],[-3,1]],[[5774,332],[-5,-2],[-4,-4],[-5,-4],[-4,-1],[-7,-5],[2,-2],[1,3],[4,0],[5,-4],[7,-2],[6,0],[5,-1],[2,4],[4,2],[4,6],[3,2],[-6,5],[-4,2],[-8,1]],[[5372,318],[3,3],[5,2],[0,2],[-7,2],[-12,1],[-8,-2],[3,-2],[4,-1],[6,-1],[6,-3],[0,-1]],[[5584,323],[1,-1]],[[5585,322],[0,0]],[[5585,322],[0,3],[-5,3],[-1,-2],[4,-3],[1,0]],[[5703,310],[-1,3],[-1,2],[-3,-1],[-3,2],[-8,4],[-2,2],[-12,4],[-3,0],[-2,-5],[4,-3],[9,-2],[5,-4],[2,-6],[3,-4],[9,0],[4,3],[-1,5]],[[5322,304],[3,2],[7,-1],[4,2],[3,1],[7,0],[2,1],[0,2],[3,1],[0,1],[4,5],[-2,2],[0,3],[-2,2],[-5,-3],[-4,0],[-4,0],[-2,-1],[-1,4],[-4,-1],[-6,-2],[-6,0],[1,1],[-2,1],[-3,-2],[-1,-7],[0,-5],[5,-6],[3,0]],[[5580,316],[-1,-2],[3,-1],[0,2],[-2,1]],[[5556,312],[1,2],[-4,2],[1,-4],[2,0]],[[5582,307],[1,-1],[-4,0],[-4,2],[-1,-1],[-4,0]],[[5570,307],[-1,0]],[[5569,307],[-1,-1],[-6,-3],[5,-2],[-2,-3],[3,-2],[1,-4],[-1,1],[-1,-5],[-4,0],[-1,-3],[-1,0]],[[5561,285],[0,-2],[-1,-6],[0,-1],[-1,-4],[6,-7],[7,0],[4,3],[3,3],[4,7],[-1,4],[1,6],[2,3],[4,0],[3,3],[0,2],[2,2],[-1,1],[2,6],[-3,2],[-3,1],[-6,4],[2,-4],[-3,-1]],[[5559,302],[1,2],[-2,2],[1,-4]],[[5562,296],[1,2],[-3,2],[-2,-1],[1,-2],[3,-1]],[[5561,285],[1,3],[-3,1],[-1,-4],[3,0]],[[5557,280],[4,2],[-2,2],[-3,0],[1,-4]],[[5556,271],[2,2],[-3,0],[1,-2]],[[5548,261],[3,1],[0,2],[-3,1],[-2,-3],[2,-1]],[[5442,256],[4,3],[-1,1],[-4,-2],[-1,-2],[2,0]],[[5542,252],[-1,-1],[0,5],[-1,-6],[2,2]],[[5403,233],[0,-1]],[[5403,232],[0,-1],[-2,-3],[-7,2],[-3,3],[1,4],[3,0],[-1,1],[3,1],[1,2],[-2,3],[-15,1],[-6,0],[-6,-1],[-4,-3],[0,-9],[3,-10],[0,-2],[4,-11],[5,-13],[3,-2],[11,0],[5,1],[3,0],[16,5],[9,2],[1,-2],[2,2],[-1,4],[1,3],[-2,7],[-1,7],[1,1],[-5,5],[-6,5],[-5,3],[-5,2],[-4,0],[3,-2],[-2,-1],[2,-3]],[[5531,245],[-5,-3],[4,0],[3,3],[-2,0]],[[5519,238],[-3,-3],[3,2],[0,1]],[[5047,63],[0,0]],[[5047,63],[-1,-3],[-2,3],[1,3],[-4,1],[-2,-2],[0,-8],[1,-2],[2,0],[-1,2],[3,1],[-1,-3],[-1,-6],[-2,-2],[0,-5],[2,-2],[6,2],[0,2],[4,2],[2,3],[6,4],[0,2],[3,3],[1,0],[1,4],[2,1],[0,4],[3,6],[4,9],[3,5],[0,2],[1,4],[3,3],[2,7],[3,4],[1,3],[2,9],[1,10],[-2,13],[-7,22],[-1,7],[0,4],[-3,7],[-9,18],[-8,13],[-5,7],[-2,5],[-9,10],[-4,2],[-6,-1],[-4,-4],[0,-15],[2,-6],[4,-12],[1,-5],[2,-7],[5,-9],[2,-11],[1,-2],[3,-18],[0,-11],[0,-3],[0,-6],[5,1],[-5,-2],[-1,-11],[5,-1],[0,-1],[-4,1],[-1,-3],[0,-6],[-3,-5],[-3,-18],[-1,-5],[-1,-4],[-1,-5],[3,-1],[3,4],[3,0],[-1,-2],[-2,-1],[2,-3],[-1,-2]],[[5514,234],[-6,-3],[7,-1],[-1,4]],[[4994,209],[2,0],[-1,4],[-3,8],[-2,3],[0,4],[-3,0],[-4,4],[-3,-2],[-4,0],[0,-3],[-2,-1],[3,-5],[7,-5],[6,-6],[4,-1]],[[4991,227],[0,0]],[[4991,227],[-1,-2],[5,1],[-6,4],[2,-3]],[[5503,229],[-2,-2],[1,-2],[3,2],[-2,2]],[[5372,207],[-1,4],[-1,0],[2,-4]],[[5375,198],[-1,5],[-1,1],[2,-6]],[[5001,188],[1,1],[2,4],[-3,-1],[-1,3],[0,5],[-2,3],[-2,-4],[-2,-3],[4,-6],[3,-2]],[[5401,171],[-9,0],[-6,-2],[-3,-2],[1,-9],[2,-3],[3,-2],[9,-3],[8,-1],[1,-1],[11,0],[21,2],[3,2],[0,2],[-2,3],[-2,2],[-3,0],[-7,3],[-6,0],[-5,2],[-10,6],[-6,1]],[[4996,76],[2,9],[4,15],[2,7],[0,5],[2,15],[0,4],[0,7],[2,3],[-1,5],[-5,-3],[1,-4],[-1,-2],[-4,-3],[-2,0],[2,-3],[-1,-2],[-5,-2],[-1,0],[-6,-3],[2,-4],[1,0]],[[4988,120],[0,0]],[[4988,120],[0,0]],[[4988,120],[-1,0]],[[4987,120],[-8,-5],[-1,1],[-3,-2],[0,-1],[4,-1],[2,-2],[6,1],[0,-2],[5,0],[-2,-1],[0,-4],[3,-1],[-2,-1]],[[4991,102],[0,0]],[[4991,102],[0,0]],[[4991,102],[1,-4]],[[4992,98],[-1,1],[-2,-3],[1,-3],[-3,-5],[1,-1],[-8,-3],[1,-6],[3,-2],[-3,-3],[2,-1],[-4,-3],[1,-2],[1,-1],[-2,-6],[3,0],[5,-2],[1,3],[3,0],[0,2],[1,8],[4,5]],[[4828,101],[1,1],[-4,-1],[3,0]],[[4741,95],[0,2],[-3,1],[2,-4],[1,1]],[[4987,51],[-1,1],[0,4],[-5,0],[-1,1],[-3,-2],[-1,-2],[3,0],[2,-1],[4,-1],[2,0]],[[4982,39],[4,2],[-2,3],[-5,1],[-3,1],[2,-5],[0,-1],[4,-1]],[[4971,34],[-4,-2],[4,-2],[0,4]],[[4977,21],[1,2],[-1,3],[-6,2],[-2,-2],[0,-2],[1,-3],[7,0]],[[5055,8],[0,2],[-2,1],[-2,-2],[4,-1]],[[5054,3],[-2,2],[0,-2],[-2,-3],[5,2],[-1,1]],[[9645,2050],[7,4],[0,2],[4,1],[6,-4],[2,-6],[5,1],[5,-2],[2,1],[2,-1],[3,-1],[3,2],[-1,1],[3,3],[1,0],[3,3],[6,-2],[7,-4],[3,-2],[2,-3],[-1,-2],[0,-6],[-2,-1],[0,-3],[0,-2],[0,-5],[4,0],[0,1],[3,1],[5,-2],[0,-4],[0,-6],[-2,-4],[-2,0],[1,-4],[-2,-3],[-3,1],[-2,-1],[-5,1],[-6,-1],[-2,-3],[-3,-1],[-1,2],[-1,-2],[-2,3],[-5,0],[-2,3],[2,0],[0,3],[-6,2],[-2,-2],[-9,-1],[-1,0],[-3,-2],[2,-1],[2,1],[4,-1],[4,-5],[-2,-1],[-1,-5],[1,-8],[3,-8],[0,-3],[-1,-5],[-2,0],[0,-3],[-2,-4],[-1,-6],[-1,-1],[-1,-4],[2,-2],[-2,-1],[-2,-3],[-2,-1],[1,-5],[2,-1],[-1,-3],[2,-1],[-1,-1],[-5,1],[-8,0],[-5,-1],[0,-2],[5,-3],[5,-1],[-3,-1],[-4,2],[-4,-1],[-4,-6],[-3,-2],[2,-3],[-1,-1],[-4,1],[-6,-2],[-2,-2],[2,-5],[-1,-4],[-1,4],[-1,-2],[-3,-1],[-2,-2],[-5,-3],[1,-1],[5,-2],[8,0],[0,-3],[-7,-1],[-5,-4],[2,-1],[-4,-9],[-3,-2],[-12,-1],[-8,-3],[-7,-3],[-5,-5],[-7,-4],[-7,0],[-5,-2],[-6,1],[-9,-3],[-2,1],[-9,0],[-8,-1],[-3,-1],[-1,-4],[-11,-6],[-1,-3],[-4,-2],[-4,-7],[-4,-3],[-2,-4],[1,-6],[-3,-3],[-3,-2],[-6,-5],[-2,-4],[-6,-7],[-2,-3],[0,-3],[-2,-5],[-10,-5],[-2,-3],[0,-5],[-4,-3],[-4,-6],[2,-5],[0,-3],[1,-2],[0,-4],[-4,-3],[-1,-3],[-7,-9],[-4,-6],[-4,-2],[-2,-3],[-3,-2],[2,-6],[0,-3],[-2,-9],[1,-7],[-2,-4],[-4,-2],[-3,0],[2,-3],[-2,-3],[-3,1],[-2,-2],[1,-5],[-1,-1],[1,-2],[-1,-4],[4,-3],[4,-1],[6,-4],[1,-2],[3,-9],[0,-2],[-3,-2],[-4,-1],[-5,-3],[-5,-1],[0,-3],[-1,-2],[0,-7],[3,-1],[4,-3],[-2,-4],[-4,-3],[-3,1],[-4,1],[-4,-3],[-3,-3],[9,1],[3,-1],[0,-2],[5,-1],[2,-2],[-1,-3],[2,-2],[0,-3],[-2,-2],[-1,-4],[-2,-2],[5,-2],[2,2],[0,4],[1,2],[3,0],[5,-2],[1,-3],[-1,-2],[1,-2],[-3,-4],[-1,0],[-2,-4],[3,-3],[3,-2],[1,2],[3,1],[2,-2],[1,1],[4,1],[1,2],[0,2],[3,1],[2,7],[3,4],[2,1],[11,-1],[10,-3],[7,-5],[7,-8],[6,-9],[-1,-7],[-2,-4],[-1,2],[-3,-4]],[[9587,1567],[0,4],[-3,44],[-1,18],[0,11],[9,25],[11,36],[15,1],[27,-11],[7,6],[5,10],[22,14],[0,3],[83,17],[1,2],[9,4],[0,1],[3,3],[1,3],[-1,1],[4,2],[2,3],[5,6],[3,-8],[6,-5],[8,1],[9,0],[8,-5],[1,-2],[17,9],[-4,1],[14,17],[-1,4],[-2,1],[14,14],[13,-3],[12,21]],[[9897,1831],[15,17],[3,18],[1,9]],[[9925,1901],[-24,0],[1,17]],[[9860,1912],[-13,2],[-9,-34],[-8,-6],[-10,-2],[-9,0],[-5,-1],[-5,2],[-5,0],[-2,1],[-1,3],[7,9],[7,10],[1,8],[10,13],[2,5]],[[9858,2014],[8,8],[37,36]],[[9509,2010],[-2,0],[-3,-4],[-5,-3],[-2,-4],[-10,-3],[-2,-3],[-2,0],[-4,-6],[-1,-5],[2,-8],[0,-3],[1,-3],[3,-2],[6,-1],[4,3],[5,2],[3,4],[4,4],[-1,8],[-2,3],[1,4],[7,5],[2,2],[6,2],[1,1],[6,2],[4,2],[4,4],[1,3],[3,3],[2,4],[-3,3],[-3,-1],[-5,0],[-3,-1],[-2,-4],[-6,-3],[-5,-2],[-4,-3]],[[10156,1883],[-7,0],[-3,-3],[-3,0],[0,4],[-4,0],[-1,-5],[1,-3],[2,-1],[1,-4],[-5,-1],[0,-1],[5,-2],[0,-1],[-3,-3],[0,-2]],[[10180,1833],[0,-3],[-1,-1],[-2,1],[-4,1],[-4,-3],[1,-3],[2,-2],[5,-2],[-5,-1],[-5,-2],[0,-4],[-6,0],[-2,4],[1,5],[-2,3],[-4,-2],[-1,-5],[3,-7],[1,-4],[-6,-4],[-3,-1],[-4,-3]],[[10135,1804],[-1,-2],[2,-4],[-3,-2],[0,-3]],[[10161,1765],[1,-3],[-1,-2],[-4,-1],[-5,-1],[-2,-2],[6,-3],[7,0],[3,-1],[-1,-3],[-3,-2],[-11,0],[-3,-3],[0,-2],[5,-2],[0,-2],[-3,-1],[-4,1],[-3,0],[-1,-4],[-3,-2],[-8,0],[-1,-1],[1,-4],[4,-2],[1,-1],[-1,-3],[-1,-4],[-10,0],[-1,-1],[1,-3],[-3,-1],[-5,2],[-5,-1],[0,3],[-1,2],[-5,2],[-2,3],[-2,0],[-2,-3],[-3,-2],[-5,3],[-2,4],[-3,1],[-7,0],[-2,5],[-3,2],[-4,0],[-6,0],[-3,-3],[-6,-2],[-9,0],[-4,1],[-6,0],[-3,1],[-2,4],[-4,5],[-4,3],[-5,6],[-4,2],[-8,7],[-1,2],[2,5]],[[10004,1768],[-3,0],[-5,-3],[-2,0],[-6,6],[-8,3],[-1,2],[7,4],[-4,0]],[[9969,1773],[-5,0],[-7,-1],[-6,1],[-2,4],[-5,0],[-2,2],[-3,2],[-6,0],[-9,3],[-3,2],[-3,4],[-7,2],[-3,2],[0,5],[2,5],[-1,4],[-1,1]],[[10215,1865],[-5,-2],[-8,-3],[-7,6],[-3,0],[-10,5],[-5,6],[-5,2]]]}